egitim,deneme,epoch,accuracy,ce,loss,val_accuracy,val_ce,val_loss,learning_rate
kat1,1,1,0.5163636207580566,0.8501213192939758,0.8771763443946838,0.47857141494750977,0.6992444396018982,0.74685138463974,9.999999747378752e-05
kat1,1,2,0.589090883731842,0.6983781456947327,0.7404794096946716,0.4714285731315613,0.7322561740875244,0.7762789726257324,9.999999747378752e-05
kat1,1,3,0.6303030252456665,0.6541244387626648,0.6912127733230591,0.7285714149475098,0.6075814366340637,0.6474437117576599,9.999999747378752e-05
kat1,1,4,0.6303030252456665,0.6641038060188293,0.6964111328125,0.6571428775787354,0.6216340065002441,0.6577104330062866,9.999999747378752e-05
kat1,1,5,0.675151526927948,0.6029820442199707,0.6399768590927124,0.6857143044471741,0.6189395785331726,0.6518818140029907,9.999999747378752e-05
kat1,1,6,0.7406060695648193,0.5039546489715576,0.5349941849708557,0.6928571462631226,0.585595428943634,0.6170612573623657,4.999999873689376e-05
kat1,1,7,0.8096969723701477,0.4041239321231842,0.43911004066467285,0.699999988079071,0.6471837759017944,0.677524209022522,4.999999873689376e-05
kat1,1,8,0.8739393949508667,0.3099023997783661,0.3482851982116699,0.7214285731315613,0.6479746699333191,0.6773333549499512,4.999999873689376e-05
kat1,1,9,0.9078788161277771,0.23270417749881744,0.2596990466117859,0.7357142567634583,0.6818909645080566,0.7107390761375427,2.499999936844688e-05
kat1,1,10,0.935757577419281,0.15636569261550903,0.19135823845863342,0.7285714149475098,0.7926428318023682,0.821027398109436,2.499999936844688e-05
kat2,1,1,0.5394737124443054,0.761975109577179,0.8133984208106995,0.45652174949645996,0.7235298752784729,0.7710185647010803,9.999999747378752e-05
kat2,1,2,0.5454545617103577,0.6946027278900146,0.7491368055343628,0.5362318754196167,0.6790238618850708,0.7225950360298157,9.999999747378752e-05
kat2,1,3,0.6459330320358276,0.6218594908714294,0.6725642085075378,0.5362318754196167,0.8696502447128296,0.9087417125701904,9.999999747378752e-05
kat2,1,4,0.7021530866622925,0.6160905361175537,0.6487196683883667,0.6231883764266968,0.6557595133781433,0.6922169327735901,9.999999747378752e-05
kat2,1,5,0.7332535982131958,0.5505136847496033,0.5888632535934448,0.5797101259231567,0.7451242804527283,0.7793483138084412,9.999999747378752e-05
kat2,1,6,0.7787081599235535,0.4692612886428833,0.5103560090065002,0.5072463750839233,1.1270711421966553,1.158795952796936,9.999999747378752e-05
kat2,1,7,0.8373205661773682,0.38193216919898987,0.4098392128944397,0.6666666865348816,0.7539029717445374,0.784376323223114,4.999999873689376e-05
kat2,1,8,0.8983253836631775,0.24960963428020477,0.27627032995224,0.6594203114509583,0.9041550755500793,0.9334049820899963,4.999999873689376e-05
kat3,1,1,0.5717703104019165,0.7925148606300354,0.8771251440048218,0.6447368264198303,0.6628519296646118,0.7106063961982727,9.999999747378752e-05
kat3,1,2,0.6148325204849243,0.6630450487136841,0.7168824672698975,0.6710526347160339,0.6326586604118347,0.6774788498878479,9.999999747378752e-05
kat3,1,3,0.679425835609436,0.6016225218772888,0.6439180374145508,0.6118420958518982,0.6344940662384033,0.6765430569648743,9.999999747378752e-05
kat3,1,4,0.7380383014678955,0.5251193046569824,0.5742028951644897,0.6710526347160339,0.7169644236564636,0.7564949989318848,9.999999747378752e-05
kat3,1,5,0.8301435112953186,0.38425350189208984,0.42625996470451355,0.6710526347160339,0.6900453567504883,0.728276789188385,4.999999873689376e-05
kat3,1,6,0.9007176756858826,0.24046465754508972,0.28126195073127747,0.5855262875556946,1.1824477910995483,1.2194442749023438,4.999999873689376e-05
kat4,1,1,0.5298416614532471,0.7972496747970581,0.861458957195282,0.4350649416446686,0.7221153378486633,0.7690256834030151,9.999999747378752e-05
kat4,1,2,0.5883069634437561,0.6822975873947144,0.7320725321769714,0.6298701167106628,0.6205385327339172,0.6639838814735413,9.999999747378752e-05
kat4,1,3,0.6455541849136353,0.6272353529930115,0.6754828691482544,0.6753246784210205,0.6240366697311401,0.6642906069755554,9.999999747378752e-05
kat4,1,4,0.6504263281822205,0.6200234293937683,0.6644974946975708,0.6883116960525513,0.5788707733154297,0.6163214445114136,9.999999747378752e-05
kat4,1,5,0.714981734752655,0.5616713166236877,0.6095945239067078,0.7077922224998474,0.5704842805862427,0.605664074420929,9.999999747378752e-05
kat4,1,6,0.7673568725585938,0.4607694745063782,0.500878632068634,0.7077922224998474,0.5948702096939087,0.6278716921806335,9.999999747378752e-05
kat4,1,7,0.814859926700592,0.4104611277580261,0.45114749670028687,0.7337662577629089,0.6498115062713623,0.6806970834732056,9.999999747378752e-05
kat4,1,8,0.872107207775116,0.2971927225589752,0.332750141620636,0.701298713684082,0.9683586359024048,0.9981813430786133,4.999999873689376e-05
kat4,1,9,0.9317904710769653,0.17300784587860107,0.1999746412038803,0.7272727489471436,1.0491572618484497,1.077894687652588,4.999999873689376e-05
kat5,1,1,0.48275861144065857,0.7893693447113037,0.8369588851928711,0.649350643157959,0.6618290543556213,0.7093219757080078,9.999999747378752e-05
kat5,1,2,0.6194581389427185,0.6773492097854614,0.7192550897598267,0.6688311696052551,0.6192197203636169,0.6620811820030212,9.999999747378752e-05
kat5,1,3,0.6477832794189453,0.6543607711791992,0.6972453594207764,0.6753246784210205,0.6167905926704407,0.6562970876693726,9.999999747378752e-05
kat5,1,4,0.6834975481033325,0.6233916282653809,0.6629791855812073,0.6558441519737244,0.6500428318977356,0.686703085899353,9.999999747378752e-05
kat5,1,5,0.7315270900726318,0.5579068660736084,0.6012895107269287,0.5389610528945923,0.9012041687965393,0.9351788759231567,9.999999747378752e-05
kat5,1,6,0.756157636642456,0.5070235729217529,0.5416197180747986,0.6883116960525513,0.6744502186775208,0.7071132659912109,4.999999873689376e-05
kat5,1,7,0.8091133236885071,0.3955364525318146,0.43207481503486633,0.6623376607894897,0.8895199298858643,0.9209144711494446,4.999999873689376e-05
son,1,1,0.5343968272209167,0.8083112835884094,0.8516435623168945,0.5280373692512512,0.6874182820320129,0.7341995239257812,9.999999747378752e-05
son,1,2,0.5972083806991577,0.6588534116744995,0.7037732005119324,0.5327102541923523,0.7167494297027588,0.7589468359947205,9.999999747378752e-05
son,1,3,0.7038883566856384,0.5809550881385803,0.6216223835945129,0.6495327353477478,0.6772705316543579,0.7160436511039734,9.999999747378752e-05
son,1,4,0.7647058963775635,0.48573943972587585,0.5312058329582214,0.677570104598999,0.6128777265548706,0.6488407254219055,9.999999747378752e-05
son,1,5,0.8424725532531738,0.36840322613716125,0.40247300267219543,0.663551390171051,1.008707046508789,1.042466163635254,9.999999747378752e-05
son,1,6,0.8434696197509766,0.35942360758781433,0.3932688534259796,0.6401869058609009,1.155772089958191,1.1877965927124023,9.999999747378752e-05
son,1,7,0.9411764740943909,0.14348137378692627,0.17754048109054565,0.672897219657898,1.1375010013580322,1.1682891845703125,4.999999873689376e-05
son,1,8,0.9710867404937744,0.08873610943555832,0.1188616082072258,0.663551390171051,1.9999598264694214,2.029578685760498,4.999999873689376e-05
