egitim,dosya,gercek,tahmin,olasilik_Ham,olasilik_V4
test,10407_26_content_aishnupur_Principal-Component-Analysis_PCA.py_cleaned.png,0,0,0.8299577385187149,0.1700422614812851
test,10424_59_content_SMByC_PCA4CD___init__.py_cleaned.png,0,0,0.7057860791683197,0.2942139208316803
test,10436_6_content_cliptic_nlp_spinner_function_to_prob_dict.py_cleaned.png,0,0,0.9373082220554352,0.06269177794456482
test,10444_90_content_poojakudav309_Data-Representation-project-I_scatter2.py_cleaned.png,0,0,0.7659022361040115,0.23409776389598846
test,10733_56_content_joseph-njogu_Rabbitmq_worker.py_cleaned.png,0,0,0.9394709058105946,0.06052909418940544
test,10734_57_content_sangyh_discrete-event-simulation_read_output.py_cleaned.png,0,0,0.9177053347229958,0.08229466527700424
test,10982_14_content_atakanipekci_QuickSortLomutoAndHoare_quickSortsComp.py_cleaned.png,0,1,0.3720781207084656,0.6279218792915344
test,10992_21_content_bmawji3_tvshow-sorting_tvshow_sort.py_cleaned.png,0,1,0.3428434133529663,0.6571565866470337
test,10993_22_content_konczyk_comparisons_client.py_cleaned.png,0,0,0.9916381780058146,0.008361821994185448
test,10999_26_content_hemidactylus_skanfixer_sfUtilities.py_cleaned.png,0,0,0.7651780098676682,0.23482199013233185
test,11001_28_content_kimdanny_HeapSort-and-QuickSort-Comparison_quicksort.py_cleaned.png,0,0,0.7422574460506439,0.2577425539493561
test,11015_6_content_austinteshuba_QuickSort_Sort.py_cleaned.png,0,0,0.9763689357787371,0.023631064221262932
test,11288_29_content_gdkat_Recursive-DNS-Client-Server-Communication_rs.py_cleaned.png,0,0,0.9415223076939583,0.05847769230604172
test,11292_33_content_prabhatpal77_Complete-core-python-_dictcomp.py_cleaned.png,0,1,0.49942564964294434,0.5005743503570557
test,11313_9_content_OJFord_python-tailrecursion_tailrecursion.py_cleaned.png,0,0,0.6775780320167542,0.32242196798324585
test,11856_19_content_qwarlock_python-selection-sort_PythonSelectionSort.py_cleaned.png,0,0,0.7323395311832428,0.2676604688167572
test,11862_23_content_AMARPATEEL_Selection-sort-in-python_selection_by_user_input.py_cleaned.png,0,0,0.7750271409749985,0.22497285902500153
test,11873_33_content_ilkayDevran_Analysis_of_Sorting_Algorithms_insertion_sort.py_cleaned.png,0,0,0.8795620426535606,0.12043795734643936
test,11891_7_content_noyonict_Sorting-Algorithm-in-Python_selection_sort.py_cleaned.png,0,1,0.3872777223587036,0.6127222776412964
test,12131_11_content_Aprataksh_Python-Files_range_high.py_cleaned.png,0,0,0.67903271317482,0.32096728682518005
test,12170_51_content_knausb_proc_mpileup_fasta2nuccomp.py_cleaned.png,0,0,0.9939367333427072,0.006063266657292843
test,12436_16_content_NB-prog_INTERN-2019_Model.py_cleaned.png,0,0,0.6067097187042236,0.39329028129577637
test,12442_19_content_Mital188_Naive-Bayes_Naive_Bayes.py_cleaned.png,0,1,0.19451534748077393,0.8054846525192261
test,12466_7_content_manuellah_bc-9-twitter-sentiment-app_config.py_cleaned.png,0,0,0.6822849214076996,0.3177150785923004
test,12792_33_content_mirkomantovani_web-search-engine-UIC_crawling_utils.py_cleaned.png,0,0,0.7568706423044205,0.24312935769557953
test,12813_66_content_Fremont28_movie_recommender-_movies_tfidf.py_cleaned.png,0,0,0.8775197193026543,0.12248028069734573
test,12814_67_content_akshay-ravindran-96_Fake_News_fake_news.py_cleaned.png,0,0,0.9353673905134201,0.0646326094865799
test,13096_35_content_facundoq_rotational_variance_experiment_runner.py_cleaned.png,0,0,0.5273372232913971,0.4726627767086029
test,1337_22_content_Swapnillokhande_Sales-Prediction-of-a-Supermarket-chain_Exploratory_Data_Analysis.py_cleaned.png,0,0,0.7965297400951385,0.20347025990486145
test,13389_40_content_Grijesh-Chauhan_aadhaar_utils.py_cleaned.png,0,0,0.6996400952339172,0.30035990476608276
test,13405_75_content_pikiaboy_Investing.com-Scraper_db_table.py_cleaned.png,0,1,0.3170105814933777,0.6829894185066223
test,1365_5_content_anguillanneuf_bigO_76_longest_subsequence.py_cleaned.png,0,0,0.9849893059581518,0.015010694041848183
test,1370_6_content_gauravpatle_Data-Analysis-of-IMDB-Users_DataPreprocessing.py_cleaned.png,0,1,0.3282231092453003,0.6717768907546997
test,1371_76_content_yingtaoluo_Latent-Factor-Model-with-JIT-CUDA-on-movielens_predict.py_cleaned.png,0,1,0.2276361584663391,0.7723638415336609
test,15_34_content_jcvasquezc_AEspeech_CAE.py_cleaned.png,0,1,0.41075611114501953,0.5892438888549805
test,1923_1_content_SiccoVerwer_binoct_regtrees.py_cleaned.png,0,1,0.18562626838684082,0.8143737316131592
test,1929_28_content_bangarangler_binary_search_trees_binary_search_trees.py_cleaned.png,0,0,0.8916544765233994,0.10834552347660065
test,1949_5_content_domodomodomo_binary_search_tree_graph.py_cleaned.png,0,1,0.22623950242996216,0.7737604975700378
test,21_46_content_korayersin_python-aes_aes_crypto.py_cleaned.png,0,1,0.3425292372703552,0.6574707627296448
test,2209_27_content_gcmurillo_sortingAlgorithmsComparation_quickSort.py_cleaned.png,0,1,0.3803666830062866,0.6196333169937134
test,2216_33_content_Ryan-Fortner_bubble_sort_bubble_sort.py_cleaned.png,0,0,0.8492826819419861,0.15071731805801392
test,2222_45_content_Janteby1_bubble_sort-copy_bubble_sort.py_cleaned.png,0,0,0.5624549686908722,0.4375450313091278
test,2234_66_content_abouchan01_Merge-Bubble-Sort-con-_interfazGrafica.py_cleaned.png,0,1,0.4878387451171875,0.5121612548828125
test,2242_79_content_lorenzo3117_python-sorting-scripts_sortingScript.py_cleaned.png,0,0,0.5193623006343842,0.48063769936561584
test,2243_7_content_allenabraham999_Bubble-sort_bubble_sort.py_cleaned.png,0,0,0.8882372826337814,0.11176271736621857
test,2496_10_content_aptr288_Information_Retrieval_system_Data_Parsing_and_Processing.py_cleaned.png,0,0,0.9332615211606026,0.06673847883939743
test,2508_21_content_manasbichoo_spellchecker_char.py_cleaned.png,0,0,0.887143686413765,0.11285631358623505
test,2513_3_content_dlohith_text-similarity_run.py_cleaned.png,0,0,0.901016891002655,0.09898310899734497
test,2518_43_content_rmaur012_Measures-of-Vector-Similarity_vectorSimilarityFunctions.py_cleaned.png,0,0,0.9007957875728607,0.09920421242713928
test,2524_54_content_adnan-mehremic_plagiarism-detection_cosine_similarity.py_cleaned.png,0,0,0.8396729379892349,0.16032706201076508
test,2526_58_content_davidawad_TISLA_FAQ_tests.py_cleaned.png,0,1,0.403664231300354,0.596335768699646
test,2532_68_content_maniaclogic_movie-recommender_models.py_cleaned.png,0,0,0.8274002969264984,0.1725997030735016
test,2750_24_content_alphagov_metadata-standards-description-language_poc-json.py_cleaned.png,0,1,0.33897316455841064,0.6610268354415894
test,2759_35_content_fireclawthefox_DirectGuiDesigner_setup_p3d.py_cleaned.png,0,1,0.4912869334220886,0.5087130665779114
test,2764_46_content_hackabit19__destroyingRecursively__StickerTester.py_cleaned.png,0,0,0.7154847681522369,0.28451523184776306
test,2773_76_content_sylvain-reynaud_projet-voltaire-solver_projetvoltairesolver.py_cleaned.png,0,0,0.5895164906978607,0.4104835093021393
test,2781_86_content_Enkhai_simple-DES_encryption.py_cleaned.png,0,1,0.09799838066101074,0.9020016193389893
test,2995_33_content_wcpun_DFS_dfs.py_cleaned.png,0,1,0.17082053422927856,0.8291794657707214
test,3025_92_content_Lifan-9527_DFSprocess_STFT.py_cleaned.png,0,0,0.7912020832300186,0.20879791676998138
test,3271_29_content_zxenonx_diffie-hellman-raw_dh1.py_cleaned.png,0,0,0.562465637922287,0.437534362077713
test,3523_15_content_meghanagabhushan_DijkstraAlgorithm_main.py_cleaned.png,0,0,0.6409581899642944,0.35904181003570557
test,3546_46_content_vaish06_EurailShortestPath_brainstorm.py_cleaned.png,0,0,0.6096517741680145,0.3903482258319855
test,3804_5_content_AdamJacoby_Hopf_Example_GeneralizedDihedralGroup.py_cleaned.png,0,0,0.683393269777298,0.316606730222702
test,4019_10_content_Suraj-Rajesh_elliptic_curve_cryptography_main.py_cleaned.png,0,1,0.24491393566131592,0.7550860643386841
test,4053_5_content_fernandolobato_ecc_verifiable_threshold_cryptosystem_key_gen.py_cleaned.png,0,0,0.9087952077388763,0.09120479226112366
test,4353_3_content_Misael89_Programacion-Ejercicios_Promedio.py_cleaned.png,0,0,0.7257570624351501,0.27424293756484985
test,4364_51_content_adityapatelgithub_Expressions-and-Functions_newsplit.py_cleaned.png,0,0,0.6558522284030914,0.34414777159690857
test,4595_13_content_danielSbastos_binary-fibonacci_columns.py_cleaned.png,0,0,0.5972307026386261,0.4027692973613739
test,4623_61_content_AaronRobson_sequences_decorators.py_cleaned.png,0,0,0.6874876320362091,0.3125123679637909
test,5028_20_content_a-hamza-r_Hierarchical-Clustering_hpc_classify.py_cleaned.png,0,0,0.5297287702560425,0.4702712297439575
test,5040_32_content_Terry-Kusunoki-Martin_World-University-Rankings-Clustering_filehelper.py_cleaned.png,0,0,0.6272485256195068,0.37275147438049316
test,530_1_content_sadnessFree_arima-lstm_arima-order.py_cleaned.png,0,0,0.7778495252132416,0.22215047478675842
test,531_1_content_sadnessFree_arima-lstm_arima.py_cleaned.png,0,0,0.9598610959947109,0.04013890400528908
test,5326_19_content_Venergon_huffman_huffman_binary.py_cleaned.png,0,1,0.34903156757354736,0.6509684324264526
test,532_1_content_sadnessFree_arima-lstm_data_review.py_cleaned.png,0,1,0.36722099781036377,0.6327790021896362
test,5344_32_content_rihartma_huffmanCoding_files.py_cleaned.png,0,0,0.6595021188259125,0.3404978811740875
test,5615_18_content_o-az_Insertion-vs-Merge_MergeSort.py_cleaned.png,0,1,0.20190924406051636,0.7980907559394836
test,5625_24_content_lesdev_SortingMethods_BubbleSort.py_cleaned.png,0,0,0.5461637377738953,0.45383626222610474
test,5628_24_content_lesdev_SortingMethods_quicksort.py_cleaned.png,0,1,0.29981184005737305,0.700188159942627
test,5631_24_content_lesdev_SortingMethods_sequential.py_cleaned.png,0,0,0.9610831625759602,0.03891683742403984
test,6198_13_content_fangzhengzhu_minst-knn_imgReader.py_cleaned.png,0,0,0.6339502036571503,0.36604979634284973
test,6216_29_content_rahuljohnny_Bangla_OCR_Using_KNN_class_contour.py_cleaned.png,0,0,0.8037319779396057,0.1962680220603943
test,6223_33_content_wpaturaj_FuzzyKNN_Sample_read.py_cleaned.png,0,1,0.33107495307922363,0.6689250469207764
test,6227_40_content_WuStardust_KNN-for-iris_iris.py_cleaned.png,0,1,0.3080396056175232,0.6919603943824768
test,6230_46_content_whoif_Cost-Sensitive-KNN_plotHelper.py_cleaned.png,0,0,0.8287249207496643,0.1712750792503357
test,6232_4_content_Askjensen_scikittf-idfNLTK_str_func.py_cleaned.png,0,0,0.5110615193843842,0.48893848061561584
test,6242_98_content_pooja1909_Bigdata-project_input.py_cleaned.png,0,0,0.8388110846281052,0.16118891537189484
test,6512_36_content_mskroar18_GraphWizard_edge.py_cleaned.png,0,0,0.7666207551956177,0.23337924480438232
test,6519_4_content_mincanhe_Network-routing-protocol_kruskal.py_cleaned.png,0,0,0.6485354006290436,0.3514645993709564
test,7072_45_content_trsav_linear-regression_LassoRegression.py_cleaned.png,0,0,0.969552842900157,0.030447157099843025
test,7079_66_content_naveen-770_Linear-regression-From-Scratch_my_linear_regression_housing_data.py_cleaned.png,0,0,0.8844083547592163,0.11559164524078369
test,7081_68_content_DheerajKumar97_Linear-and-Generalized-Linear-Model-Algorithms-from-scratch_Logistic_Regression.py_cleaned.png,0,1,0.25006747245788574,0.7499325275421143
test,7085_70_content_cat1996_linear-regression-on-sample_knn_calssification.py_cleaned.png,0,0,0.8570495843887329,0.1429504156112671
test,7086_70_content_cat1996_linear-regression-on-sample_linear_regression.py_cleaned.png,0,0,0.8680249750614166,0.13197502493858337
test,7644_3_content_WDI-SEA_python-linked-lists_linkedlist-test.py_cleaned.png,0,0,0.9911199323832989,0.008880067616701126
test,7903_15_content_VakinduPhilliam_Pattern_Matching_Python_Difflib_Pattern_Matching_Differ___.py_cleaned.png,0,0,0.8708416074514389,0.1291583925485611
test,7904_15_content_VakinduPhilliam_Pattern_Matching_Python_Difflib_Pattern_Matching_Get_Close_Matches.py_cleaned.png,0,1,0.29166311025619507,0.7083368897438049
test,7919_1_content_jim-spyropoulos_Trajectory-Analysis-and-Classification-in-Python-Pandas-and-Scikit-Learn_datacleaning.py_cleaned.png,0,0,0.5416233539581299,0.4583766460418701
test,7920_1_content_jim-spyropoulos_Trajectory-Analysis-and-Classification-in-Python-Pandas-and-Scikit-Learn_down_left_point.py_cleaned.png,0,0,0.6638695895671844,0.33613041043281555
test,804_16_content_geniousisme_PyRoute_Timer.py_cleaned.png,0,0,0.9888279447332025,0.011172055266797543
test,8267_100_content_paulofaria_dr-naive-bayes_server.py_cleaned.png,0,1,0.17189717292785645,0.8281028270721436
test,8295_50_content_cristend_spam_email_auto_run.py_cleaned.png,0,0,0.9535824432969093,0.04641755670309067
test,8304_78_content_uptodiff_kdd-cup-99-Analysis-machine-learning-python_kdd_binary_classification_ANN.py_cleaned.png,0,1,0.4766361713409424,0.5233638286590576
test,835_4_content_Khante_Distance-Vector-Algorithm_link_2.py_cleaned.png,0,0,0.9777550976723433,0.022244902327656746
test,8552_11_content_AlfioEmanueleFresta_practical-one-time-pad-python_exercise2.py_cleaned.png,0,0,0.6799648702144623,0.3200351297855377
test,8558_16_content_nicolasenciso_One-time-pad-crypto-algorithm_OneTimePad.py_cleaned.png,0,1,0.1558515429496765,0.8441484570503235
test,8562_17_content_jb0xx_decrypt-onetimepad_texthelper.py_cleaned.png,0,0,0.7500324249267578,0.2499675750732422
test,8942_3_content_iykadev_pyalgo_anagram3.py_cleaned.png,0,0,0.948063813149929,0.05193618685007095
test,8958_3_content_iykadev_pyalgo_midpoint_circle_algo.py_cleaned.png,0,0,0.9122038632631302,0.08779613673686981
test,9231_14_content_ambasthv_Analytics_ARIMA_polynomial_Linear_Regression_polynomial_regression.py_cleaned.png,0,0,0.9903668621554971,0.009633137844502926
test,9267_3_content_cookbenjamin_Regression_polyPy.py_cleaned.png,0,1,0.19913864135742188,0.8008613586425781
test,9285_59_content_rakesh-1601_Stock_prediction_predicting_google_stocks.py_cleaned.png,0,0,0.7591360360383987,0.24086396396160126
test,9295_68_content_mazy1998_Machine-Learning-Polynomial-Regression_Stochastic_Gradient_Descent_Linear_Regression.py_cleaned.png,0,0,0.558932900428772,0.441067099571228
test,9306_81_content_kiranathealea_regressionMachineLearning_polynomialregression.py_cleaned.png,0,1,0.20717567205429077,0.7928243279457092
test,9316_97_content_ChristinaKr_RegressionAnalysis_split_train_test.py_cleaned.png,0,0,0.5911974906921387,0.40880250930786133
test,9317_99_content_OmerFarukTekgozoglu_Machine-Learning-Polynomial-Regression_polynomialRegression.py_cleaned.png,0,1,0.13208121061325073,0.8679187893867493
test,9825_17_content_txrp0x9_py_prime_number_primeno.py_cleaned.png,0,1,0.4249403476715088,0.5750596523284912
test,9842_28_content_gizzidan_basic-python-practice_primes.py_cleaned.png,0,1,0.37859344482421875,0.6214065551757812
test,1009_v4_35_content_facundoq_rotational_variance_experiment_runner.py_cleaned.png,1,1,0.1207127571105957,0.8792872428894043
test,1030_v4_36_content_mskroar18_GraphWizard_edge.py_cleaned.png,1,1,0.3465655446052551,0.6534344553947449
test,1097_v4_3_content_cookbenjamin_Regression_polyPy.py_cleaned.png,1,0,0.511114627122879,0.48888537287712097
test,1102_v4_3_content_dlohith_text-similarity_run.py_cleaned.png,1,1,0.2759038209915161,0.7240961790084839
test,1115_v4_3_content_iykadev_pyalgo_anagram3.py_cleaned.png,1,1,0.2953004837036133,0.7046995162963867
test,1200_v4_40_content_damesca_mpc-rsa_config_nodes.py_cleaned.png,1,1,0.24203836917877197,0.757961630821228
test,1202_v4_40_content_Grijesh-Chauhan_aadhaar_utils.py_cleaned.png,1,0,0.8121506124734879,0.18784938752651215
test,1277_v4_45_content_trsav_linear-regression_LassoRegression.py_cleaned.png,1,1,0.0884515643119812,0.9115484356880188
test,1293_v4_46_content_whoif_Cost-Sensitive-KNN_plotHelper.py_cleaned.png,1,1,0.42792803049087524,0.5720719695091248
test,1335_v4_4_content_Askjensen_scikittf-idfNLTK_str_func.py_cleaned.png,1,1,0.3613058924674988,0.6386941075325012
test,1369_v4_4_content_mincanhe_Network-routing-protocol_kruskal.py_cleaned.png,1,0,0.5393226742744446,0.4606773257255554
test,1373_v4_4_content_mrimahajan_advanced_analysis_package_variable_treatment.py_cleaned.png,1,1,0.36165428161621094,0.6383457183837891
test,1385_v4_50_content_cristend_spam_email_auto_run.py_cleaned.png,1,1,0.10478073358535767,0.8952192664146423
test,1444_v4_54_content_wenlin-koh_K-Means-Clustering---python_kmeans.py_cleaned.png,1,1,0.4623452425003052,0.5376547574996948
test,1446_v4_54_content_YoungYoung619_driving-desicion-in-carla_test.py_cleaned.png,1,1,0.24481314420700073,0.7551868557929993
test,1447_v4_55_content_danmenjivar_huffman_huffman.py_cleaned.png,1,1,0.33723968267440796,0.662760317325592
test,1459_v4_56_content_joseph-njogu_Rabbitmq_worker.py_cleaned.png,1,1,0.23190325498580933,0.7680967450141907
test,1491_v4_59_content_rakesh-1601_Stock_prediction_predicting_google_stocks.py_cleaned.png,1,0,0.8415599912405014,0.1584400087594986
test,1493_v4_59_content_SMByC_PCA4CD___init__.py_cleaned.png,1,0,0.9101454392075539,0.08985456079244614
test,1507_v4_5_content_anguillanneuf_bigO_02_linked_list.py_cleaned.png,1,1,0.10199892520904541,0.8980010747909546
test,1514_v4_5_content_anguillanneuf_bigO_76_longest_subsequence.py_cleaned.png,1,0,0.6756152510643005,0.32438474893569946
test,1524_v4_5_content_DanielGall500_PCA-Algorithm_PCA_Scratch.py_cleaned.png,1,1,0.09982067346572876,0.9001793265342712
test,1531_v4_5_content_domodomodomo_binary_search_tree_graph.py_cleaned.png,1,0,0.5535381138324738,0.44646188616752625
test,1565_v4_60_content_muskantantia0_text-analytics_tf_idf.py_cleaned.png,1,0,0.9687947481870651,0.031205251812934875
test,1604_v4_66_content_abouchan01_Merge-Bubble-Sort-con-_interfazGrafica.py_cleaned.png,1,1,0.026507973670959473,0.9734920263290405
test,1607_v4_66_content_Fremont28_movie_recommender-_movies_tfidf.py_cleaned.png,1,1,0.21736478805541992,0.7826352119445801
test,1608_v4_66_content_naveen-770_Linear-regression-From-Scratch_my_linear_regression_housing_data.py_cleaned.png,1,1,0.09474897384643555,0.9052510261535645
test,1609_v4_66_content_SanyaKathuria10_StackOverflow-Keyword-Extraction-System_spark.py_cleaned.png,1,1,0.21077144145965576,0.7892285585403442
test,1615_v4_67_content_akshay-ravindran-96_Fake_News_fake_news.py_cleaned.png,1,0,0.68806591629982,0.31193408370018005
test,1627_v4_68_content_DheerajKumar97_Linear-and-Generalized-Linear-Model-Algorithms-from-scratch_Logistic_Regression.py_cleaned.png,1,1,0.2156367301940918,0.7843632698059082
test,1631_v4_68_content_maniaclogic_movie-recommender_models.py_cleaned.png,1,1,0.07001996040344238,0.9299800395965576
test,1654_v4_6_content_cliptic_nlp_spinner_function_to_prob_dict.py_cleaned.png,1,1,0.018533706665039062,0.9814662933349609
test,1658_v4_6_content_gauravpatle_Data-Analysis-of-IMDB-Users_DataPreprocessing.py_cleaned.png,1,1,0.12710976600646973,0.8728902339935303
test,1663_v4_6_content_gionanide_Cryptography_VernamCipher.py_cleaned.png,1,0,0.8777692541480064,0.12223074585199356
test,1702_v4_70_content_cat1996_linear-regression-on-sample_linear_regression.py_cleaned.png,1,0,0.7319836318492889,0.26801636815071106
test,1708_v4_70_content_skumaravel_tf-idf_tf_idf.py_cleaned.png,1,0,0.5208821594715118,0.47911784052848816
test,1738_v4_75_content_pikiaboy_Investing.com-Scraper_db_table.py_cleaned.png,1,1,0.08462125062942505,0.915378749370575
test,1755_v4_78_content_uptodiff_kdd-cup-99-Analysis-machine-learning-python_kdd_binary_classification_ANN.py_cleaned.png,1,1,0.08342301845550537,0.9165769815444946
test,1786_v4_7_content_DMDarkness_Data-mining_Example_pyfpgrowth_fp2ar.py_cleaned.png,1,0,0.942959614098072,0.05704038590192795
test,1812_v4_7_content_manuellah_bc-9-twitter-sentiment-app_config.py_cleaned.png,1,0,0.5853495597839355,0.41465044021606445
test,1840_v4_7_content_usbogie_MSTcreator_Sollins.py_cleaned.png,1,1,0.292000412940979,0.707999587059021
test,1861_v4_81_content_kiranathealea_regressionMachineLearning_polynomialregression.py_cleaned.png,1,1,0.22635585069656372,0.7736441493034363
test,1962_v4_8_content_Shreyaskulkarni98_MarketAnalysis_Basic_Main.py_cleaned.png,1,1,0.38693296909332275,0.6130670309066772
test,1972_v4_90_content_poojakudav309_Data-Representation-project-I_scatter2.py_cleaned.png,1,1,0.42789721488952637,0.5721027851104736
test,1_v4_ 1_content_sadnessFree_arima-lstm_arima-order.py_cleaned.png,1,0,0.9604293741285801,0.03957062587141991
test,2000_v4_97_content_ChristinaKr_RegressionAnalysis_split_train_test.py_cleaned.png,1,0,0.7811745405197144,0.21882545948028564
test,2018_v4_99_content_OmerFarukTekgozoglu_Machine-Learning-Polynomial-Regression_polynomialRegression.py_cleaned.png,1,0,0.5971055030822754,0.4028944969177246
test,202_v4_14_content_ambasthv_Analytics_ARIMA_polynomial_Linear_Regression_polynomial_regression.py_cleaned.png,1,0,0.9450890682637691,0.05491093173623085
test,2049_v4_9_content_OJFord_python-tailrecursion_tailrecursion.py_cleaned.png,1,1,0.3322339653968811,0.6677660346031189
test,2059_v4_v4_ 1_content_sadnessFree_arima-lstm_arima-order.py_cleaned.png,1,0,0.5481169819831848,0.4518830180168152
test,2061_v4_v4_10_content_mahimagupta_NLP-Research-Project-_supervisedLearner.py_cleaned.png,1,1,0.060351788997650146,0.9396482110023499
test,2065_v4_v4_14_content_gravelund-gis_MapSorter_KMeans_analysis.py_cleaned.png,1,1,0.26914000511169434,0.7308599948883057
test,2068_v4_v4_1_content_sadnessFree_arima-lstm_arima.py_cleaned.png,1,1,0.4481801986694336,0.5518198013305664
test,2078_v4_v4_54_content_wenlin-koh_K-Means-Clustering---python_kmeans.py_cleaned.png,1,0,0.5046736001968384,0.4953263998031616
test,2085_v4_v5_10_content_mahimagupta_NLP-Research-Project-_supervisedLearner.py_cleaned.png,1,0,0.783074364066124,0.21692563593387604
test,2094_v4_v5_1_content_sadnessFree_arima-lstm_arima.py_cleaned.png,1,1,0.014101505279541016,0.985898494720459
test,2110_v4_v5_54_content_wenlin-koh_K-Means-Clustering---python_kmeans.py_cleaned.png,1,1,0.37272852659225464,0.6272714734077454
test,2118_v5_v4_ 1_content_sadnessFree_arima-lstm_arima-order.py_cleaned.png,1,0,0.6841093599796295,0.3158906400203705
test,2124_v5_v4_14_content_gravelund-gis_MapSorter_KMeans_analysis.py_cleaned.png,1,0,0.9576609767973423,0.0423390232026577
test,2138_v5_v4_54_content_wenlin-koh_K-Means-Clustering---python_kmeans.py_cleaned.png,1,0,0.6281087100505829,0.3718912899494171
test,217_v4_14_content_gravelund-gis_MapSorter_KMeans_analysis.py_cleaned.png,1,1,0.48520737886428833,0.5147926211357117
test,232_v4_14_content_tusizi_document-analysis_jieba_cut_document_to_vocabulary_with_nominal.py_cleaned.png,1,0,0.5736596882343292,0.4263403117656708
test,248_v4_15_content_hgdsraj_python_vs_ruby_speed_analyze_script.py_cleaned.png,1,0,0.6011244654655457,0.39887553453445435
test,269_v4_15_content_VakinduPhilliam_Pattern_Matching_Python_Difflib_Pattern_Matching_Differ___.py_cleaned.png,1,1,0.22788506746292114,0.7721149325370789
test,270_v4_15_content_VakinduPhilliam_Pattern_Matching_Python_Difflib_Pattern_Matching_Get_Close_Matches.py_cleaned.png,1,1,0.3925729990005493,0.6074270009994507
test,276_v4_15_content_VakinduPhilliam_Pattern_Matching_Python_Filecmp_Recursive_Search.py_cleaned.png,1,0,0.5040393471717834,0.49596065282821655
test,284_v4_16_content_Deus1223_Pac-Man_ghostAgents.py_cleaned.png,1,0,0.8131571859121323,0.18684281408786774
test,304_v4_16_content_NB-prog_INTERN-2019_Model.py_cleaned.png,1,0,0.642305850982666,0.357694149017334
test,309_v4_16_content_nicolasenciso_One-time-pad-crypto-algorithm_OneTimePad.py_cleaned.png,1,1,0.11334925889968872,0.8866507411003113
test,324_v4_16_content_ydhnwb_sentiment_analysis_movie_preprocessing.py_cleaned.png,1,1,0.4697563052177429,0.5302436947822571
test,340_v4_17_content_jb0xx_decrypt-onetimepad_texthelper.py_cleaned.png,1,1,0.2426270842552185,0.7573729157447815
test,350_v4_17_content_qwarlock_python-bubble-sort_bubble_sort.py_cleaned.png,1,1,0.45995616912841797,0.540043830871582
test,390_v4_18_content_sudhanshugupta09_MS-Apriori_Algorithm_functions.py_cleaned.png,1,1,0.11956208944320679,0.8804379105567932
test,406_v4_19_content_Haridut_Data-Mining-algorithms_Frag_shell.py_cleaned.png,1,1,0.16278260946273804,0.837217390537262
test,409_v4_19_content_Mital188_Naive-Bayes_Naive_Bayes.py_cleaned.png,1,1,0.33372390270233154,0.6662760972976685
test,413_v4_19_content_qwarlock_python-selection-sort_PythonSelectionSort.py_cleaned.png,1,1,0.461861252784729,0.538138747215271
test,470_v4_1_content_jim-spyropoulos_Trajectory-Analysis-and-Classification-in-Python-Pandas-and-Scikit-Learn_datacleaning.py_cleaned.png,1,1,0.12556719779968262,0.8744328022003174
test,471_v4_1_content_jim-spyropoulos_Trajectory-Analysis-and-Classification-in-Python-Pandas-and-Scikit-Learn_down_left_point.py_cleaned.png,1,1,0.13191580772399902,0.868084192276001
test,501_v4_1_content_sadnessFree_arima-lstm_arima-order.py_cleaned.png,1,0,0.64023157954216,0.35976842045783997
test,502_v4_1_content_sadnessFree_arima-lstm_arima.py_cleaned.png,1,0,0.6258939504623413,0.3741060495376587
test,503_v4_1_content_sadnessFree_arima-lstm_data_review.py_cleaned.png,1,1,0.32571613788604736,0.6742838621139526
test,509_v4_1_content_SiccoVerwer_binoct_regtrees.py_cleaned.png,1,1,0.22826987504959106,0.7717301249504089
test,514_v4_1_content_susheelsagar_LCSS_final_loader.py_cleaned.png,1,0,0.8244139552116394,0.1755860447883606
test,557_v4_21_content_bmawji3_tvshow-sorting_tvshow_sort.py_cleaned.png,1,1,0.13342708349227905,0.866572916507721
test,567_v4_21_content_manasbichoo_spellchecker_char.py_cleaned.png,1,0,0.8784537315368652,0.12154626846313477
test,598_v4_22_content_konczyk_comparisons_client.py_cleaned.png,1,1,0.29612916707992554,0.7038708329200745
test,659_v4_24_content_lesdev_SortingMethods_BubbleSort.py_cleaned.png,1,1,0.193259596824646,0.806740403175354
test,662_v4_24_content_lesdev_SortingMethods_quicksort.py_cleaned.png,1,1,0.1674831509590149,0.8325168490409851
test,711_v4_26_content_aishnupur_Principal-Component-Analysis_PCA.py_cleaned.png,1,1,0.39564526081085205,0.604354739189148
test,724_v4_26_content_hemidactylus_skanfixer_sfUtilities.py_cleaned.png,1,1,0.1510753631591797,0.8489246368408203
test,73_v4_11_content_harishchellappa_Time-Series-Analysis-Bike-Sharing-Demand-Forecasting_forecasting_2.py_cleaned.png,1,0,0.9454499781131744,0.05455002188682556
test,747_v4_27_content_gcmurillo_sortingAlgorithmsComparation_quickSort.py_cleaned.png,1,1,0.22182399034500122,0.7781760096549988
test,810_v4_29_content_rahuljohnny_Bangla_OCR_Using_KNN_class_contour.py_cleaned.png,1,1,0.24028843641281128,0.7597115635871887
test,820_v4_29_content_zxenonx_diffie-hellman-raw_dh1.py_cleaned.png,1,1,0.4530543088912964,0.5469456911087036
test,886_v4_2_content_Rohit967_Outlier-Analysis-With-Python_OutlierAnalysis.py_cleaned.png,1,0,0.7444821894168854,0.2555178105831146
test,916_v4_30_content_thomasjedstrom_Bubble_Sort_Selection_Sort.py_cleaned.png,1,1,0.14572745561599731,0.8542725443840027
test,964_v4_32_content_rihartma_huffmanCoding_files.py_cleaned.png,1,0,0.6734248101711273,0.3265751898288727
test,975_v4_33_content_ilkayDevran_Analysis_of_Sorting_Algorithms_insertion_sort.py_cleaned.png,1,1,0.2993428111076355,0.7006571888923645
test,978_v4_33_content_mirkomantovani_web-search-engine-UIC_crawling_utils.py_cleaned.png,1,1,0.07363545894622803,0.926364541053772
test,982_v4_33_content_prabhatpal77_Complete-core-python-_dictcomp.py_cleaned.png,1,0,0.729514479637146,0.270485520362854
test,984_v4_33_content_Ryan-Fortner_bubble_sort_bubble_sort.py_cleaned.png,1,0,0.5487754046916962,0.45122459530830383
test,988_v4_33_content_wpaturaj_FuzzyKNN_Sample_read.py_cleaned.png,1,1,0.09104591608047485,0.9089540839195251
dogrulama,10129_1_content_colettebedoya_primsAndKruskal_DisjointSet.py_cleaned.png,0,0,0.7345387041568756,0.2654612958431244
dogrulama,10144_5_content_Fmccline_Prims-Algorithm_graph_saver.py_cleaned.png,0,0,0.6707306206226349,0.3292693793773651
dogrulama,10416_38_content_artigupt_Clustering-Algorithms_final_dbscan.py_cleaned.png,0,1,0.4820917844772339,0.5179082155227661
dogrulama,10427_65_content_pjwastaken_Principal_Component_Analysis_for_Reduce_Images_Dimension_dataset.py_cleaned.png,0,0,0.7465875148773193,0.25341248512268066
dogrulama,10428_66_content_aakashrai1_principal-component-analysis-on-iris-dataset_PCA_iris.py_cleaned.png,0,0,0.7162640690803528,0.2837359309196472
dogrulama,10429_69_content_IceyW_PCA_pca.py_cleaned.png,0,0,0.8919112086296082,0.10808879137039185
dogrulama,10432_6_content_cliptic_nlp_spam2.py_cleaned.png,0,0,0.5875228047370911,0.41247719526290894
dogrulama,10440_7_content_work-nchc_PCAMN_pcamn.py_cleaned.png,0,0,0.9181204289197922,0.08187957108020782
dogrulama,10715_37_content_TolgaGolet_CPU-Scheduling-Algorithms-Simulation_OperatingSystems_CPUSchedulingReverse.py_cleaned.png,0,0,0.8020203113555908,0.19797968864440918
dogrulama,10730_53_content_haydentmichael_Assign4_TreeTraversal.py_cleaned.png,0,0,0.776197150349617,0.223802849650383
dogrulama,11004_2_content_siddhesh10_Quicksort-and-Randomized-Quick-Sort_randomized_quicksort.py_cleaned.png,0,0,0.6117545962333679,0.3882454037666321
dogrulama,11022_8_content_lucasxteixeira_RandomQuickSort_benchmark.py_cleaned.png,0,1,0.23235416412353516,0.7676458358764648
dogrulama,11265_10_content_Bala96_Recursive-Func_nestedeaser.py_cleaned.png,0,0,0.6449412405490875,0.3550587594509125
dogrulama,11267_12_content_tristanang_DPifier_y_combinator.py_cleaned.png,0,0,0.9302311688661575,0.06976883113384247
dogrulama,11286_27_content_michaelbauerinc_TowersOfHanoi_node.py_cleaned.png,0,0,0.7422719895839691,0.2577280104160309
dogrulama,11297_36_content_Zattri_tutorial-recursion_binary.py_cleaned.png,0,0,0.9095980525016785,0.09040194749832153
dogrulama,11301_38_content_VakinduPhilliam_Pattern_Matching_Python_Glob_Directory_Paths.py_cleaned.png,0,0,0.603933721780777,0.396066278219223
dogrulama,11303_3_content_deniselucey_Python_Recursive_Definitions_factorial.py_cleaned.png,0,0,0.6323406398296356,0.3676593601703644
dogrulama,11312_9_content_ahmetfbayrak12_Python-Recursive-Functions-and-Dynamic-Programming_hw5-plot.py_cleaned.png,0,1,0.2946620583534241,0.7053379416465759
dogrulama,11592_97_content_alkaaithal_rsa-task_MongoInsert.py_cleaned.png,0,0,0.6715451776981354,0.3284548223018646
dogrulama,11843_13_content_chandimajayawickrama_Simple-Sorting-Algorithms_bubble_sort.py_cleaned.png,0,0,0.6353690922260284,0.36463090777397156
dogrulama,11865_29_content_cmccoypdx_PythonSortCompare_Generator.py_cleaned.png,0,0,0.7999026030302048,0.20009739696979523
dogrulama,11866_29_content_cmccoypdx_PythonSortCompare_MergeSort.py_cleaned.png,0,1,0.33784711360931396,0.662152886390686
dogrulama,11881_39_content_lorenzo3117_python-sorting-scripts_selectionSort.py_cleaned.png,0,1,0.3162609338760376,0.6837390661239624
dogrulama,11882_41_content_sarahandert_python-practice--sorting_sample4.py_cleaned.png,0,0,0.5923534333705902,0.4076465666294098
dogrulama,11_29_content_diego95root_CryptoAttacks_MD4.py_cleaned.png,0,1,0.1534920334815979,0.8465079665184021
dogrulama,12132_11_content_Aprataksh_Python-Files_stdev_ema.py_cleaned.png,0,0,0.6392368078231812,0.36076319217681885
dogrulama,12169_4_content_ljm7b2_OBSTstandardDeviation_output_methods.py_cleaned.png,0,1,0.23385733366012573,0.7661426663398743
dogrulama,12175_7_content_havatv_qgisstandarddeviationalellipseplugin___init__.py_cleaned.png,0,0,0.5826701521873474,0.4173298478126526
dogrulama,12450_25_content_drusac_Wikipedia_Keywords_Extractor_Wikipedia_Keywords_Extractor_v4.2.py_cleaned.png,0,1,0.24091672897338867,0.7590832710266113
dogrulama,12728_4_content_gonzaloriquelme_DimensionalityReductionEx_Dim-red.py_cleaned.png,0,1,0.2908143401145935,0.7091856598854065
dogrulama,12793_3_content_avinashbhat_keyword-extraction-using-tf-idf_main.py_cleaned.png,0,1,0.47975069284439087,0.5202493071556091
dogrulama,12827_92_content_meltonjoseph_CorpusReader_CreateTFIDF_driver.py_cleaned.png,0,1,0.2999931573867798,0.7000068426132202
dogrulama,13082_15_content_tjarriel_CRV-analysis_demo_CRV_slidingwindow.py_cleaned.png,0,0,0.7496800422668457,0.2503199577331543
dogrulama,13086_17_content_jmullercuber_HackHarvard2k16_RedditTest.py_cleaned.png,0,1,0.14905238151550293,0.8509476184844971
dogrulama,13097_37_content_winstonmzhang_CalculateVariance_method_r.py_cleaned.png,0,0,0.8677525967359543,0.13224740326404572
dogrulama,13109_57_content_popkinj_azimuth-swath_azimuth_swath_dialog.py_cleaned.png,0,0,0.8914307653903961,0.10856923460960388
dogrulama,13110_57_content_popkinj_azimuth-swath___init__.py_cleaned.png,0,0,0.5826701521873474,0.4173298478126526
dogrulama,13111_5_content_swkim94_Running-Variance-Algorithm-Test_running_variance_test.py_cleaned.png,0,0,0.7453989386558533,0.25460106134414673
dogrulama,1329_16_content_hungapp_big_o_09-04.py_cleaned.png,0,0,0.7726611793041229,0.22733882069587708
dogrulama,1330_17_content_Selentiym_bigHWonOrderedSets_hw3.py_cleaned.png,0,0,0.7151532471179962,0.2848467528820038
dogrulama,13371_11_content_namelessfintech_python-web-scraping_downloader.py_cleaned.png,0,1,0.43362247943878174,0.5663775205612183
dogrulama,13391_44_content_rajitbanerjee_amazon-price-tracker_tracker.py_cleaned.png,0,1,0.4485321640968323,0.5514678359031677
dogrulama,1617_10_content_ivanbgd_Self-Balancing-Binary-Search-Trees_Test_BST_Iterative.py_cleaned.png,0,0,0.9169832766056061,0.08301672339439392
dogrulama,2208_27_content_gcmurillo_sortingAlgorithmsComparation_configuraciones.py_cleaned.png,0,0,0.7210954427719116,0.2789045572280884
dogrulama,2218_3_content_KirillGordievich_Bubble_Sort_Visualization_colors.py_cleaned.png,0,1,0.34581458568573,0.65418541431427
dogrulama,2509_22_content_sanpreet_Text-Similarity-using-cosine-similarity_Text_Similarity.py_cleaned.png,0,1,0.4636269211769104,0.5363730788230896
dogrulama,2512_39_content_trunc8_cosine-similarity-nlp_cosine_similarity.py_cleaned.png,0,0,0.74002805352211,0.25997194647789
dogrulama,2529_64_content_qnguyen3010_Dota2-Recommender-System_009276839_256_randomforest.py_cleaned.png,0,0,0.8387755304574966,0.16122446954250336
dogrulama,2541_8_content_uzzielc_Document_Similarity_using_TF-IDF_with_Cosine_Dist_article.py_cleaned.png,0,1,0.4081759452819824,0.5918240547180176
dogrulama,2739_13_content_gzinck_des_main.py_cleaned.png,0,0,0.6452520787715912,0.3547479212284088
dogrulama,2740_16_content_vineetkia_Fundamentals-Of-Cryptography__1_-Caesar.py_cleaned.png,0,0,0.6772599518299103,0.3227400481700897
dogrulama,2751_24_content_GrayHat12_Desktop-GrayBot_driver.py_cleaned.png,0,0,0.9802396986633539,0.01976030133664608
dogrulama,2763_46_content_hackabit19__destroyingRecursively__qrTester.py_cleaned.png,0,0,0.7311796545982361,0.2688203454017639
dogrulama,2981_14_content_149ps_leetcode-solutions_27_remove_element.py_cleaned.png,0,0,0.5581927001476288,0.4418072998523712
dogrulama,3002_52_content_gquintela_dfs_dfs.py_cleaned.png,0,0,0.7926120907068253,0.20738790929317474
dogrulama,3012_74_content_eenblam_grid_dfs_image_example.py_cleaned.png,0,0,0.6567624509334564,0.3432375490665436
dogrulama,3013_78_content_ashish0707_basic_webcrawler_bfs.py_cleaned.png,0,1,0.38388460874557495,0.616115391254425
dogrulama,3015_79_content_bmiller19_QuickDFSFootballAnalyzer_QuickDFSFootballMatchupAnalyzer.py_cleaned.png,0,0,0.9079894572496414,0.09201054275035858
dogrulama,3021_84_content_WizHacks_ChordDFS_ChordMessage.py_cleaned.png,0,1,0.057820141315460205,0.9421798586845398
dogrulama,3022_88_content_Ronaldo009_genPlanByDFS_mysqlConnection.py_cleaned.png,0,1,0.2785055637359619,0.7214944362640381
dogrulama,3024_92_content_jackschultz_nba-optimize-micro_utils.py_cleaned.png,0,0,0.5252909064292908,0.47470909357070923
dogrulama,3259_24_content_Brew8it_Python_DHAES_AES.py_cleaned.png,0,0,0.9543446861207485,0.04565531387925148
dogrulama,3265_28_content_ckeshava_Enhanced-Diffie-Hellman-Protocol_generateMessage.py_cleaned.png,0,0,0.5725178122520447,0.4274821877479553
dogrulama,3281_3_content_Dextro1597_Diffie-Hellman_diffie2.py_cleaned.png,0,1,0.27165818214416504,0.728341817855835
dogrulama,3514_11_content_langokalla_A-star-Pathfinder_queues.py_cleaned.png,0,1,0.3300682306289673,0.6699317693710327
dogrulama,3517_12_content_NWuensche_DijkstraInPython_calculate_shortest_way.py_cleaned.png,0,0,0.7693466991186142,0.2306533008813858
dogrulama,3545_3_content_root676_QNEAT3___init__.py_cleaned.png,0,0,0.5826701521873474,0.4173298478126526
dogrulama,3779_13_content_Odarlie_fizz_buzz_programming_logic_andelab_test_fizz_buzz.py_cleaned.png,0,1,0.21772974729537964,0.7822702527046204
dogrulama,3787_20_content_IbrahimAyed_Multifractal-analysis-of-natural-images_zoom.py_cleaned.png,0,0,0.8502883315086365,0.14971166849136353
dogrulama,3789_27_content_SethEggerRocks_WakingMoments_WakingMoments.py_cleaned.png,0,1,0.2666892409324646,0.7333107590675354
dogrulama,4021_13_content_FN-HD_Elliptic_Curve_Cryptography_Main.py_cleaned.png,0,1,0.45511651039123535,0.5448834896087646
dogrulama,4266_2_content_kristpapadopoulos_keras-exponential-smoothing_ses.py_cleaned.png,0,0,0.9793534986674786,0.02064650133252144
dogrulama,4267_2_content_Shanmukha-Y_SIngle-Exponential-Smoothing-_predict.py_cleaned.png,0,0,0.9714379422366619,0.02856205776333809
dogrulama,4343_1_content_mattjj_pyhsmm-factorial_util.py_cleaned.png,0,0,0.6543210744857788,0.3456789255142212
dogrulama,4344_1_content_MuricanCoderVersionTwo_Factorial-Calculation_Factorial.py_cleaned.png,0,1,0.15610003471374512,0.8438999652862549
dogrulama,4357_4_content_moduloone_QualtricsFactorialVignettes_questiongen.py_cleaned.png,0,1,0.478376567363739,0.521623432636261
dogrulama,4373_84_content_rev1z_async_factorial_webapp_logic.py_cleaned.png,0,1,0.4375677704811096,0.5624322295188904
dogrulama,4615_48_content_PhilGrogan_fibonacci_fibonacci.py_cleaned.png,0,0,0.7165806293487549,0.2834193706512451
dogrulama,4639_99_content_MatheusMuriel_ProgramacaoDinamica_Memoria.py_cleaned.png,0,0,0.7857539653778076,0.21424603462219238
dogrulama,4641_9_content_ghemsley_fibonacci_fib.py_cleaned.png,0,0,0.8005659431219101,0.1994340568780899
dogrulama,4878_8_content_chiragragarwal_Graphs_And_Networks_numpy_help.py_cleaned.png,0,1,0.30015063285827637,0.6998493671417236
dogrulama,4880_8_content_chiragragarwal_Graphs_And_Networks_ReadGraph.py_cleaned.png,0,0,0.8876778483390808,0.11232215166091919
dogrulama,49_92_content_punk12321_AES-chat_cipher.py_cleaned.png,0,0,0.9143734872341156,0.0856265127658844
dogrulama,5038_2_content_zalayo_Hierarchical-Linkage-Regression_HLRtest.py_cleaned.png,0,0,0.9454953633248806,0.0545046366751194
dogrulama,5353_47_content_saladcat_Huffman_Form1.py_cleaned.png,0,0,0.6564659476280212,0.34353405237197876
dogrulama,5632_25_content_ryansmick_SortedOrderedDict_PersistentDict.py_cleaned.png,0,0,0.8953252285718918,0.10467477142810822
dogrulama,6220_30_content_Aishwarya1401_Diabetic-Retinopathy-Project-Deep-Learning-_KNN_RawImage.py_cleaned.png,0,1,0.0802263617515564,0.9197736382484436
dogrulama,6222_32_content_prakashsellathurai_OPTICAL_CHARACTER_RECOGNITION_PossibleChar.py_cleaned.png,0,0,0.9150908142328262,0.08490918576717377
dogrulama,6498_1_content_colettebedoya_primsAndKruskal_DisjointSet.py_cleaned.png,0,0,0.7345387041568756,0.2654612958431244
dogrulama,6508_32_content_arian100y_Travelling-Salesman-Problem_createCaminos.py_cleaned.png,0,0,0.8238846212625504,0.17611537873744965
dogrulama,6522_6_content_chiragragarwal_Graphs_And_Networks_numpy_help.py_cleaned.png,0,1,0.30015063285827637,0.6998493671417236
dogrulama,6523_6_content_chiragragarwal_Graphs_And_Networks___init__.py_cleaned.png,0,0,0.5252909064292908,0.47470909357070923
dogrulama,6524_6_content_petronius_minotaur_dimensions.py_cleaned.png,0,1,0.24541950225830078,0.7545804977416992
dogrulama,6525_7_content_Aly-Tomato_Prims-and-Kruskals_glb.py_cleaned.png,0,0,0.6635858416557312,0.3364141583442688
dogrulama,6532_8_content_fepz_AyCC_disjoint_set.py_cleaned.png,0,0,0.9482485093176365,0.05175149068236351
dogrulama,6533_9_content_Boros93_GraphProject_test_prim.py_cleaned.png,0,0,0.9144334122538567,0.08556658774614334
dogrulama,7066_31_content_mujtabali_Multivariate-Linear-Regression_mvlr.py_cleaned.png,0,0,0.7482494413852692,0.25175055861473083
dogrulama,7074_52_content_analokmaus_idao2020-online_trackB_predict.py_cleaned.png,0,0,0.6991000473499298,0.3008999526500702
dogrulama,7088_71_content_Santosh-Sah_Simple_Linear_Regression_SimpleLinearRegressionUtils.py_cleaned.png,0,1,0.44103574752807617,0.5589642524719238
dogrulama,7089_72_content_reshma78611_Simple-Linear-Regression-using-Python_delivery_time.py_cleaned.png,0,0,0.8981833085417747,0.10181669145822525
dogrulama,7091_79_content_eochandler_ML-Linear-Reg-Bin-Class_generateSyntheticDataForBinaryClassification.py_cleaned.png,0,1,0.36458688974380493,0.6354131102561951
dogrulama,7900_13_content_trsavi_Largest-Common-Sequence_subSequence.py_cleaned.png,0,0,0.7723144441843033,0.22768555581569672
dogrulama,7914_15_content_VakinduPhilliam_Pattern_Matching_Python_Glob_Directory_Paths.py_cleaned.png,0,0,0.603933721780777,0.396066278219223
dogrulama,8220_2_content_siddhi47_median_calculator_median_calculator.py_cleaned.png,0,0,0.7379152476787567,0.2620847523212433
dogrulama,8281_21_content_pavel-shepelev_NaiveBayes_News_Classifier.py_cleaned.png,0,0,0.7391215264797211,0.26087847352027893
dogrulama,8283_29_content_barshaison_Naive_Bayes_Classifier_PreProcessing.py_cleaned.png,0,0,0.6900921761989594,0.30990782380104065
dogrulama,8551_11_content_AlfioEmanueleFresta_practical-one-time-pad-python_exercise1.py_cleaned.png,0,0,0.7036082446575165,0.2963917553424835
dogrulama,8555_14_content_b-hub_cracker_test.py_cleaned.png,0,1,0.44007980823516846,0.5599201917648315
dogrulama,8561_17_content_henryfox_encryption_run_ui.py_cleaned.png,0,1,0.33042532205581665,0.6695746779441833
dogrulama,8564_19_content_DennyHsieh_many-time-pad-attack_test.py_cleaned.png,0,0,0.5889168083667755,0.4110831916332245
dogrulama,8574_25_content_penji2_encode-OTP-client-server_key_generator.py_cleaned.png,0,0,0.7700630575418472,0.22993694245815277
dogrulama,8589_7_content_oscarokker_OneTimePad_decrypt.py_cleaned.png,0,1,0.39168012142181396,0.608319878578186
dogrulama,8590_7_content_oscarokker_OneTimePad_encrypt.py_cleaned.png,0,1,0.39168012142181396,0.608319878578186
dogrulama,8835_2_content_Liu-WeiYi_Private_Preserving_Outlier_Behavior_Detection_Incremental_Time_analysis.py_cleaned.png,0,0,0.7592856287956238,0.24071437120437622
dogrulama,8943_3_content_iykadev_pyalgo_babil_square_root.py_cleaned.png,0,0,0.870317354798317,0.12968264520168304
dogrulama,8944_3_content_iykadev_pyalgo_binarySearch.py_cleaned.png,0,0,0.8987326323986053,0.10126736760139465
dogrulama,8950_3_content_iykadev_pyalgo_deepFirstSearch.py_cleaned.png,0,1,0.3843267560005188,0.6156732439994812
dogrulama,8951_3_content_iykadev_pyalgo_dragon_curve.py_cleaned.png,0,1,0.4624531865119934,0.5375468134880066
dogrulama,8956_3_content_iykadev_pyalgo_lagged_fibonacci_gen.py_cleaned.png,0,0,0.7650662362575531,0.2349337637424469
dogrulama,8966_3_content_iykadev_pyalgo_recursiveBinarySearch.py_cleaned.png,0,0,0.515169233083725,0.484830766916275
dogrulama,8970_3_content_iykadev_pyalgo_shortBubbleSort.py_cleaned.png,0,1,0.3002445697784424,0.6997554302215576
dogrulama,9259_30_content_zaghlol94_Predict-Salary-depend-on-position_salary-prediction-upon-position.py_cleaned.png,0,0,0.5054888725280762,0.49451112747192383
dogrulama,9274_48_content_hazalmergen_EstimatingValues_ML_polynomialregression.py_cleaned.png,0,1,0.1862305998802185,0.8137694001197815
dogrulama,9287_60_content_Thehunk1206_Polynomial-Regression_demo.py_cleaned.png,0,1,0.40323102474212646,0.5967689752578735
dogrulama,9304_81_content_kiranathealea_regressionMachineLearning_linearregression_final.py_cleaned.png,0,1,0.41474199295043945,0.5852580070495605
dogrulama,9315_94_content_taksug229_Python-polynomial-regression_Working_Space_for_Polynomial_Regression.py_cleaned.png,0,0,0.5685376226902008,0.4314623773097992
dogrulama,1025_v4_36_content_DeokchangSeo_recommenderSystem_mean_centerred_ratings.py_cleaned.png,1,1,0.03248715400695801,0.967512845993042
dogrulama,1032_v4_36_content_NabinAdhikari674_Study-on-Different-ML-Models-on-Housing-Dataset_main.py_cleaned.png,1,1,0.07029187679290771,0.9297081232070923
dogrulama,1048_v4_38_content_d7x_pyrsacrack_pyrsacrack.raw.py_cleaned.png,1,1,0.12542986869812012,0.8745701313018799
dogrulama,1083_v4_39_content_trunc8_cosine-similarity-nlp_cosine_similarity.py_cleaned.png,1,0,0.5577014088630676,0.4422985911369324
dogrulama,1092_v4_3_content_avinashbhat_keyword-extraction-using-tf-idf_main.py_cleaned.png,1,1,0.18970680236816406,0.8102931976318359
dogrulama,1116_v4_3_content_iykadev_pyalgo_babil_square_root.py_cleaned.png,1,0,0.8447653353214264,0.1552346646785736
dogrulama,1117_v4_3_content_iykadev_pyalgo_binarySearch.py_cleaned.png,1,0,0.6639043688774109,0.3360956311225891
dogrulama,1123_v4_3_content_iykadev_pyalgo_deepFirstSearch.py_cleaned.png,1,0,0.6268754601478577,0.37312453985214233
dogrulama,1139_v4_3_content_iykadev_pyalgo_recursiveBinarySearch.py_cleaned.png,1,1,0.15060275793075562,0.8493972420692444
dogrulama,1143_v4_3_content_iykadev_pyalgo_shortBubbleSort.py_cleaned.png,1,1,0.2994411587715149,0.7005588412284851
dogrulama,1153_v4_3_content_KirillGordievich_Bubble_Sort_Visualization_colors.py_cleaned.png,1,1,0.385114848613739,0.614885151386261
dogrulama,1228_v4_42_content_isneace_Binary-Search-Algorithm_Lab2.py_cleaned.png,1,1,0.1751193404197693,0.8248806595802307
dogrulama,1263_v4_44_content_rajitbanerjee_amazon-price-tracker_tracker.py_cleaned.png,1,1,0.4437062740325928,0.5562937259674072
dogrulama,1298_v4_47_content_saladcat_Huffman_Form1.py_cleaned.png,1,1,0.08906489610671997,0.91093510389328
dogrulama,1308_v4_48_content_hazalmergen_EstimatingValues_ML_polynomialregression.py_cleaned.png,1,1,0.24911606311798096,0.750883936882019
dogrulama,133_v4_12_content_Fadope1_LinearRegression_hotels_prediction_source_code.py_cleaned.png,1,0,0.7954783588647842,0.20452164113521576
dogrulama,1361_v4_4_content_ljm7b2_OBSTstandardDeviation_output_methods.py_cleaned.png,1,1,0.4260406494140625,0.5739593505859375
dogrulama,1370_v4_4_content_moduloone_QualtricsFactorialVignettes_questiongen.py_cleaned.png,1,0,0.8919593766331673,0.10804062336683273
dogrulama,1372_v4_4_content_mrimahajan_advanced_analysis_package_variable_reduction.py_cleaned.png,1,0,0.5388142168521881,0.4611857831478119
dogrulama,1410_v4_52_content_analokmaus_idao2020-online_trackB_predict.py_cleaned.png,1,1,0.1337621808052063,0.8662378191947937
dogrulama,1428_v4_53_content_haydentmichael_Assign4_TreeTraversal.py_cleaned.png,1,0,0.7977184355258942,0.20228156447410583
dogrulama,1469_v4_57_content_popkinj_azimuth-swath_azimuth_swath_dialog.py_cleaned.png,1,1,0.45360851287841797,0.546391487121582
dogrulama,1470_v4_57_content_popkinj_azimuth-swath___init__.py_cleaned.png,1,0,0.7708166688680649,0.22918333113193512
dogrulama,149_v4_12_content_tristanang_DPifier_y_combinator.py_cleaned.png,1,1,0.41349101066589355,0.5865089893341064
dogrulama,1538_v4_5_content_Fmccline_Prims-Algorithm_graph_saver.py_cleaned.png,1,1,0.47346651554107666,0.5265334844589233
dogrulama,1558_v4_5_content_swkim94_Running-Variance-Algorithm-Test_running_variance_test.py_cleaned.png,1,0,0.6577355563640594,0.34226444363594055
dogrulama,155_v4_13_content_avirambh_vcl_pytorch_utils.py_cleaned.png,1,1,0.3485250473022461,0.6514749526977539
dogrulama,1601_v4_65_content_swaruptripathy_two_way_anova_two_way_anova.py_cleaned.png,1,0,0.8507736474275589,0.1492263525724411
dogrulama,1602_v4_66_content_aakashrai1_principal-component-analysis-on-iris-dataset_PCA_iris.py_cleaned.png,1,1,0.3373726010322571,0.6626273989677429
dogrulama,1637_v4_69_content_IceyW_PCA_pca.py_cleaned.png,1,0,0.7465136051177979,0.25348639488220215
dogrulama,1646_v4_6_content_chiragragarwal_Graphs_And_Networks_numpy_help.py_cleaned.png,1,1,0.37971359491348267,0.6202864050865173
dogrulama,1647_v4_6_content_chiragragarwal_Graphs_And_Networks___init__.py_cleaned.png,1,1,0.47846901416778564,0.5215309858322144
dogrulama,1650_v4_6_content_cliptic_nlp_spam2.py_cleaned.png,1,1,0.43593788146972656,0.5640621185302734
dogrulama,1681_v4_6_content_petronius_minotaur_dimensions.py_cleaned.png,1,1,0.1358993649482727,0.8641006350517273
dogrulama,1715_v4_71_content_Santosh-Sah_Simple_Linear_Regression_SimpleLinearRegressionUtils.py_cleaned.png,1,1,0.10028421878814697,0.899715781211853
dogrulama,1719_v4_72_content_reshma78611_Simple-Linear-Regression-using-Python_delivery_time.py_cleaned.png,1,0,0.5339268743991852,0.4660731256008148
dogrulama,1736_v4_75_content_maxilevi_airport-system_graph.py_cleaned.png,1,1,0.47426557540893555,0.5257344245910645
dogrulama,1751_v4_78_content_ashish0707_basic_webcrawler_bfs.py_cleaned.png,1,1,0.45971834659576416,0.5402816534042358
dogrulama,1760_v4_79_content_eochandler_ML-Linear-Reg-Bin-Class_generateSyntheticDataForBinaryClassification.py_cleaned.png,1,1,0.05752885341644287,0.9424711465835571
dogrulama,1772_v4_7_content_Aly-Tomato_Prims-and-Kruskals_glb.py_cleaned.png,1,0,0.6521287560462952,0.34787124395370483
dogrulama,1796_v4_7_content_havatv_qgisstandarddeviationalellipseplugin___init__.py_cleaned.png,1,1,0.4245561957359314,0.5754438042640686
dogrulama,1831_v4_7_content_satyammittal_IRE-Stopping-Words_hindi.py_cleaned.png,1,1,0.14671170711517334,0.8532882928848267
dogrulama,1848_v4_80_content_Ayushhiman_LR_LRP.py_cleaned.png,1,1,0.03109210729598999,0.96890789270401
dogrulama,1859_v4_81_content_kiranathealea_regressionMachineLearning_linearregression_final.py_cleaned.png,1,1,0.2381269335746765,0.7618730664253235
dogrulama,1889_v4_85_content_asifraza-sonu_Polynomial-regression-Ridge-regression-Lasso-Regression_2018AIML551_lasso_part_d.py_cleaned.png,1,1,0.40607547760009766,0.5939245223999023
dogrulama,190_v4_13_content_trsavi_Largest-Common-Sequence_subSequence.py_cleaned.png,1,0,0.5948353111743927,0.4051646888256073
dogrulama,1945_v4_8_content_fepz_AyCC_disjoint_set.py_cleaned.png,1,0,0.890658363699913,0.10934163630008698
dogrulama,194_v4_14_content_149ps_leetcode-solutions_27_remove_element.py_cleaned.png,1,1,0.21756523847579956,0.7824347615242004
dogrulama,1968_v4_8_content_uzzielc_Document_Similarity_using_TF-IDF_with_Cosine_Dist_article.py_cleaned.png,1,0,0.6604941189289093,0.3395058810710907
dogrulama,1979_v4_92_content_meltonjoseph_CorpusReader_CreateTFIDF_driver.py_cleaned.png,1,1,0.3400647044181824,0.6599352955818176
dogrulama,1987_v4_94_content_taksug229_Python-polynomial-regression_Working_Space_for_Polynomial_Regression.py_cleaned.png,1,1,0.46378546953201294,0.5362145304679871
dogrulama,1999_v4_97_content_alkaaithal_rsa-task_MongoInsert.py_cleaned.png,1,1,0.07848066091537476,0.9215193390846252
dogrulama,2021_v4_9_content_ahmetfbayrak12_Python-Recursive-Functions-and-Dynamic-Programming_hw5-plot.py_cleaned.png,1,1,0.07084876298904419,0.9291512370109558
dogrulama,2024_v4_9_content_Boros93_GraphProject_test_prim.py_cleaned.png,1,0,0.5351864695549011,0.4648135304450989
dogrulama,2066_v4_v4_15_content_Skyblueballykid_SPX-Arima-model_SPX.py_cleaned.png,1,1,0.14383316040039062,0.8561668395996094
dogrulama,263_v4_15_content_Skyblueballykid_SPX-Arima-model_SPX.py_cleaned.png,1,1,0.22705519199371338,0.7729448080062866
dogrulama,265_v4_15_content_tjarriel_CRV-analysis_demo_CRV_slidingwindow.py_cleaned.png,1,1,0.22972750663757324,0.7702724933624268
dogrulama,266_v4_15_content_udwivedi394_LinkedList_convertBT2LL.py_cleaned.png,1,1,0.29941481351852417,0.7005851864814758
dogrulama,279_v4_15_content_VakinduPhilliam_Pattern_Matching_Python_Glob_Directory_Paths.py_cleaned.png,1,0,0.582106351852417,0.417893648147583
dogrulama,317_v4_16_content_spkywood_DocVectorizations_VVID_Test_2.py_cleaned.png,1,0,0.5515744090080261,0.4484255909919739
dogrulama,330_v4_17_content_davidbhan_IntelligentPatents_NLP_functions.py_cleaned.png,1,1,0.3611575961112976,0.6388424038887024
dogrulama,33_v4_10_content_ivanbgd_Self-Balancing-Binary-Search-Trees_Test_BST_Iterative.py_cleaned.png,1,1,0.029929637908935547,0.9700703620910645
dogrulama,343_v4_17_content_jmullercuber_HackHarvard2k16_RedditTest.py_cleaned.png,1,1,0.09556794166564941,0.9044320583343506
dogrulama,353_v4_17_content_Selentiym_bigHWonOrderedSets_hw3.py_cleaned.png,1,1,0.24331611394882202,0.756683886051178
dogrulama,439_v4_1_content_colettebedoya_primsAndKruskal_DisjointSet.py_cleaned.png,1,0,0.5126376152038574,0.4873623847961426
dogrulama,454_v4_1_content_dimizisis_blocksworld_node.py_cleaned.png,1,1,0.490478515625,0.509521484375
dogrulama,513_v4_1_content_susheelsagar_LCSS_file.py_cleaned.png,1,1,0.20673847198486328,0.7932615280151367
dogrulama,515_v4_1_content_susheelsagar_LCSS_lcss.py_cleaned.png,1,1,0.1439545750617981,0.8560454249382019
dogrulama,570_v4_21_content_pavel-shepelev_NaiveBayes_News_Classifier.py_cleaned.png,1,1,0.3897494077682495,0.6102505922317505
dogrulama,604_v4_22_content_sanpreet_Text-Similarity-using-cosine-similarity_Text_Similarity.py_cleaned.png,1,1,0.2521634101867676,0.7478365898132324
dogrulama,63_v4_11_content_AlfioEmanueleFresta_practical-one-time-pad-python_exercise1.py_cleaned.png,1,1,0.45546936988830566,0.5445306301116943
dogrulama,698_v4_25_content_drusac_Wikipedia_Keywords_Extractor_Wikipedia_Keywords_Extractor_v4.2.py_cleaned.png,1,1,0.4062102437019348,0.5937897562980652
dogrulama,705_v4_25_content_ryansmick_SortedOrderedDict_PersistentDict.py_cleaned.png,1,0,0.5552055537700653,0.4447944462299347
dogrulama,723_v4_26_content_hemidactylus_skanfixer_SelRectangle.py_cleaned.png,1,0,0.9169600084424019,0.08303999155759811
dogrulama,733_v4_26_content_NicolasAG_ML-assignment1_a1q1f.py_cleaned.png,1,1,0.08407992124557495,0.915920078754425
dogrulama,746_v4_27_content_gcmurillo_sortingAlgorithmsComparation_configuraciones.py_cleaned.png,1,1,0.4621099829673767,0.5378900170326233
dogrulama,751_v4_27_content_michaelbauerinc_TowersOfHanoi_node.py_cleaned.png,1,1,0.1974855661392212,0.8025144338607788
dogrulama,819_v4_29_content_zcogley_Bubble-Sort_bubble_sort.py_cleaned.png,1,1,0.48000818490982056,0.5199918150901794
dogrulama,833_v4_2_content_carlosguadir_kruskal_Nodo.py_cleaned.png,1,1,0.22300511598587036,0.7769948840141296
dogrulama,859_v4_2_content_kaushiksk_multi-time-interval-apriori_config.py_cleaned.png,1,1,0.30049192905426025,0.6995080709457397
dogrulama,865_v4_2_content_Liu-WeiYi_Private_Preserving_Outlier_Behavior_Detection_Incremental_Time_analysis.py_cleaned.png,1,0,0.9062753543257713,0.09372464567422867
dogrulama,891_v4_2_content_siddhi47_median_calculator_median_calculator.py_cleaned.png,1,1,0.03077709674835205,0.969222903251648
dogrulama,898_v4_30_content_Aishwarya1401_Diabetic-Retinopathy-Project-Deep-Learning-_KNN_RawImage.py_cleaned.png,1,1,0.2066776156425476,0.7933223843574524
dogrulama,921_v4_30_content_zaghlol94_Predict-Salary-depend-on-position_salary-prediction-upon-position.py_cleaned.png,1,1,0.2850615978240967,0.7149384021759033
dogrulama,924_v4_31_content_alonek1_huffman_compression_algorithm_haffmen.py_cleaned.png,1,0,0.7361772060394287,0.2638227939605713
dogrulama,94_v4_11_content_namelessfintech_python-web-scraping_downloader.py_cleaned.png,1,1,0.24195700883865356,0.7580429911613464
dogrulama,963_v4_32_content_prakashsellathurai_OPTICAL_CHARACTER_RECOGNITION_PossibleChar.py_cleaned.png,1,1,0.10904431343078613,0.8909556865692139
