fold,n_train,n_inner_val,n_eval,accuracy,balanced_accuracy,mcc,cross_entropy,precision_macro,recall_macro,f1_macro,precision_micro,recall_micro,f1_micro,precision_weighted,recall_weighted,f1_weighted,precision_Human-written,recall_Human-written,f1_Human-written,support_Human-written,precision_V1,recall_V1,f1_V1,support_V1,precision_V2,recall_V2,f1_V2,support_V2,precision_V3,recall_V3,f1_V3,support_V3,precision_V4,recall_V4,f1_V4,support_V4,precision_V5,recall_V5,f1_V5,support_V5,roc_auc,val_accuracy,val_balanced_accuracy,val_mcc,val_cross_entropy,val_precision_macro,val_recall_macro,val_f1_macro,val_precision_micro,val_recall_micro,val_f1_micro,val_precision_weighted,val_recall_weighted,val_f1_weighted,val_precision_Human-written,val_recall_Human-written,val_f1_Human-written,val_support_Human-written,val_precision_V1,val_recall_V1,val_f1_V1,val_support_V1,val_precision_V2,val_recall_V2,val_f1_V2,val_support_V2,val_precision_V3,val_recall_V3,val_f1_V3,val_support_V3,val_precision_V4,val_recall_V4,val_f1_V4,val_support_V4,val_precision_V5,val_recall_V5,val_f1_V5,val_support_V5,val_roc_auc,n_epochs,best_epoch,best_val_ce,train_sec,attempt,lr_used,class_weight,val_largest_class_share,error
1,4113,681,1269,,,,,,,,,,,,,,,,,,,,,,,,,,,,,,,,,,,,,,,,,,,,,,,,,,,,,,,,,,,,,,,,,,,,,,,,,,,,,,,,,,,,,"InternalError: {{function_node __wrapped__Cast_device_/job:localhost/replica:0/task:0/device:GPU:0}} 'cuLaunchKernel(function, gridX, gridY, gridZ, blockX, blockY, blockZ, 0, reinterpret_cast<CUstream>(stream), params, nullptr)' failed with 'CUDA_ERROR_INVALID_HANDLE' [Op:Cast] name: "
2,4137,752,1174,,,,,,,,,,,,,,,,,,,,,,,,,,,,,,,,,,,,,,,,,,,,,,,,,,,,,,,,,,,,,,,,,,,,,,,,,,,,,,,,,,,,,"InternalError: {{function_node __wrapped__Cast_device_/job:localhost/replica:0/task:0/device:GPU:0}} 'cuLaunchKernel(function, gridX, gridY, gridZ, blockX, blockY, blockZ, 0, reinterpret_cast<CUstream>(stream), params, nullptr)' failed with 'CUDA_ERROR_INVALID_HANDLE' [Op:Cast] name: "
3,4103,766,1194,,,,,,,,,,,,,,,,,,,,,,,,,,,,,,,,,,,,,,,,,,,,,,,,,,,,,,,,,,,,,,,,,,,,,,,,,,,,,,,,,,,,,"InternalError: {{function_node __wrapped__Cast_device_/job:localhost/replica:0/task:0/device:GPU:0}} 'cuLaunchKernel(function, gridX, gridY, gridZ, blockX, blockY, blockZ, 0, reinterpret_cast<CUstream>(stream), params, nullptr)' failed with 'CUDA_ERROR_INVALID_HANDLE' [Op:Cast] name: "
4,4058,781,1224,,,,,,,,,,,,,,,,,,,,,,,,,,,,,,,,,,,,,,,,,,,,,,,,,,,,,,,,,,,,,,,,,,,,,,,,,,,,,,,,,,,,,"InternalError: {{function_node __wrapped__Cast_device_/job:localhost/replica:0/task:0/device:GPU:0}} 'cuLaunchKernel(function, gridX, gridY, gridZ, blockX, blockY, blockZ, 0, reinterpret_cast<CUstream>(stream), params, nullptr)' failed with 'CUDA_ERROR_INVALID_HANDLE' [Op:Cast] name: "
5,4166,695,1202,,,,,,,,,,,,,,,,,,,,,,,,,,,,,,,,,,,,,,,,,,,,,,,,,,,,,,,,,,,,,,,,,,,,,,,,,,,,,,,,,,,,,"InternalError: {{function_node __wrapped__Cast_device_/job:localhost/replica:0/task:0/device:GPU:0}} 'cuLaunchKernel(function, gridX, gridY, gridZ, blockX, blockY, blockZ, 0, reinterpret_cast<CUstream>(stream), params, nullptr)' failed with 'CUDA_ERROR_INVALID_HANDLE' [Op:Cast] name: "
1,4113,681,1269,,,,,,,,,,,,,,,,,,,,,,,,,,,,,,,,,,,,,,,,,,,,,,,,,,,,,,,,,,,,,,,,,,,,,,,,,,,,,,,,,,,,,"InternalError: {{function_node __wrapped__Cast_device_/job:localhost/replica:0/task:0/device:GPU:0}} 'cuLaunchKernel(function, gridX, gridY, gridZ, blockX, blockY, blockZ, 0, reinterpret_cast<CUstream>(stream), params, nullptr)' failed with 'CUDA_ERROR_INVALID_HANDLE' [Op:Cast] name: "
2,4137,752,1174,,,,,,,,,,,,,,,,,,,,,,,,,,,,,,,,,,,,,,,,,,,,,,,,,,,,,,,,,,,,,,,,,,,,,,,,,,,,,,,,,,,,,"InternalError: {{function_node __wrapped__Cast_device_/job:localhost/replica:0/task:0/device:GPU:0}} 'cuLaunchKernel(function, gridX, gridY, gridZ, blockX, blockY, blockZ, 0, reinterpret_cast<CUstream>(stream), params, nullptr)' failed with 'CUDA_ERROR_INVALID_HANDLE' [Op:Cast] name: "
3,4103,766,1194,,,,,,,,,,,,,,,,,,,,,,,,,,,,,,,,,,,,,,,,,,,,,,,,,,,,,,,,,,,,,,,,,,,,,,,,,,,,,,,,,,,,,"InternalError: {{function_node __wrapped__Cast_device_/job:localhost/replica:0/task:0/device:GPU:0}} 'cuLaunchKernel(function, gridX, gridY, gridZ, blockX, blockY, blockZ, 0, reinterpret_cast<CUstream>(stream), params, nullptr)' failed with 'CUDA_ERROR_INVALID_HANDLE' [Op:Cast] name: "
4,4058,781,1224,,,,,,,,,,,,,,,,,,,,,,,,,,,,,,,,,,,,,,,,,,,,,,,,,,,,,,,,,,,,,,,,,,,,,,,,,,,,,,,,,,,,,"InternalError: {{function_node __wrapped__Cast_device_/job:localhost/replica:0/task:0/device:GPU:0}} 'cuLaunchKernel(function, gridX, gridY, gridZ, blockX, blockY, blockZ, 0, reinterpret_cast<CUstream>(stream), params, nullptr)' failed with 'CUDA_ERROR_INVALID_HANDLE' [Op:Cast] name: "
5,4166,695,1202,,,,,,,,,,,,,,,,,,,,,,,,,,,,,,,,,,,,,,,,,,,,,,,,,,,,,,,,,,,,,,,,,,,,,,,,,,,,,,,,,,,,,"InternalError: {{function_node __wrapped__Cast_device_/job:localhost/replica:0/task:0/device:GPU:0}} 'cuLaunchKernel(function, gridX, gridY, gridZ, blockX, blockY, blockZ, 0, reinterpret_cast<CUstream>(stream), params, nullptr)' failed with 'CUDA_ERROR_INVALID_HANDLE' [Op:Cast] name: "
1,4113,681,1269,,,,,,,,,,,,,,,,,,,,,,,,,,,,,,,,,,,,,,,,,,,,,,,,,,,,,,,,,,,,,,,,,,,,,,,,,,,,,,,,,,,,,"InternalError: {{function_node __wrapped__Cast_device_/job:localhost/replica:0/task:0/device:GPU:0}} 'cuLaunchKernel(function, gridX, gridY, gridZ, blockX, blockY, blockZ, 0, reinterpret_cast<CUstream>(stream), params, nullptr)' failed with 'CUDA_ERROR_INVALID_HANDLE' [Op:Cast] name: "
2,4137,752,1174,,,,,,,,,,,,,,,,,,,,,,,,,,,,,,,,,,,,,,,,,,,,,,,,,,,,,,,,,,,,,,,,,,,,,,,,,,,,,,,,,,,,,"InternalError: {{function_node __wrapped__Cast_device_/job:localhost/replica:0/task:0/device:GPU:0}} 'cuLaunchKernel(function, gridX, gridY, gridZ, blockX, blockY, blockZ, 0, reinterpret_cast<CUstream>(stream), params, nullptr)' failed with 'CUDA_ERROR_INVALID_HANDLE' [Op:Cast] name: "
3,4103,766,1194,,,,,,,,,,,,,,,,,,,,,,,,,,,,,,,,,,,,,,,,,,,,,,,,,,,,,,,,,,,,,,,,,,,,,,,,,,,,,,,,,,,,,"InternalError: {{function_node __wrapped__Cast_device_/job:localhost/replica:0/task:0/device:GPU:0}} 'cuLaunchKernel(function, gridX, gridY, gridZ, blockX, blockY, blockZ, 0, reinterpret_cast<CUstream>(stream), params, nullptr)' failed with 'CUDA_ERROR_INVALID_HANDLE' [Op:Cast] name: "
4,4058,781,1224,,,,,,,,,,,,,,,,,,,,,,,,,,,,,,,,,,,,,,,,,,,,,,,,,,,,,,,,,,,,,,,,,,,,,,,,,,,,,,,,,,,,,"InternalError: {{function_node __wrapped__Cast_device_/job:localhost/replica:0/task:0/device:GPU:0}} 'cuLaunchKernel(function, gridX, gridY, gridZ, blockX, blockY, blockZ, 0, reinterpret_cast<CUstream>(stream), params, nullptr)' failed with 'CUDA_ERROR_INVALID_HANDLE' [Op:Cast] name: "
5,4166,695,1202,,,,,,,,,,,,,,,,,,,,,,,,,,,,,,,,,,,,,,,,,,,,,,,,,,,,,,,,,,,,,,,,,,,,,,,,,,,,,,,,,,,,,"InternalError: {{function_node __wrapped__Cast_device_/job:localhost/replica:0/task:0/device:GPU:0}} 'cuLaunchKernel(function, gridX, gridY, gridZ, blockX, blockY, blockZ, 0, reinterpret_cast<CUstream>(stream), params, nullptr)' failed with 'CUDA_ERROR_INVALID_HANDLE' [Op:Cast] name: "
1,4113,681,1269,0.34357762017336485,0.329195197953904,0.21125112921895295,1.5201594377216876,0.3238969377123632,0.329195197953904,0.2975908283893371,0.34357762017336485,0.34357762017336485,0.34357762017336485,0.32728523113882363,0.34357762017336485,0.3071643528099581,0.6956521739130435,0.7729468599033816,0.7322654462242563,207,0.32616487455197135,0.35135135135135137,0.3382899628252788,259,0.250996015936255,0.5294117647058824,0.34054054054054056,238,0.25,0.05741626794258373,0.0933852140077821,209,0.19230769230769232,0.028089887640449437,0.049019607843137254,178,0.22826086956521738,0.23595505617977527,0.23204419889502761,178,0.6904388746175097,0.34508076358296624,0.31673973115599524,0.21415249444566967,1.4823042556151935,0.3022843980646164,0.31673973115599524,0.2808418657985486,0.34508076358296624,0.34508076358296624,0.34508076358296624,0.3209796545407945,0.34508076358296624,0.3057151703088567,0.7172413793103448,0.8062015503875969,0.7591240875912408,129,0.3191489361702128,0.3333333333333333,0.32608695652173914,135,0.23282442748091603,0.5083333333333333,0.3193717277486911,120,0.26666666666666666,0.03773584905660377,0.06611570247933884,106,0.09090909090909091,0.010752688172043012,0.019230769230769232,93,0.18691588785046728,0.20408163265306123,0.1951219512195122,98,0.6881678201545887,11,7,1.4823044538497925,110.1,1,0.0001,"{""Human-written"": 0.9807, ""V1"": 0.8473, ""V2"": 0.8601, ""V3"": 1.0371, ""V4"": 1.1839, ""V5"": 1.2069}",0.38472834067547723,
2,4137,752,1174,0.338160136286201,0.3392737116629693,0.22287163218631284,1.4869268689465887,0.3135684206618278,0.3392737116629693,0.293370089079886,0.338160136286201,0.338160136286201,0.338160136286201,0.32113889129406936,0.338160136286201,0.29851470622246246,0.6951219512195121,0.8221153846153846,0.7533039647577092,208,0.3231441048034934,0.33035714285714285,0.32671081677704195,224,0.20270270270270271,0.06818181818181818,0.10204081632653061,220,0.24324324324324326,0.047619047619047616,0.07964601769911504,189,0.19230769230769232,0.15060240963855423,0.16891891891891891,166,0.22489082969432314,0.6167664670658682,0.3296,167,0.7006180747759579,0.3377659574468085,0.34198746060268975,0.21920328975284772,1.5706193125030654,0.3339530976564707,0.34198746060268975,0.3119431800166103,0.3377659574468085,0.3377659574468085,0.3377659574468085,0.3452461064050061,0.3377659574468085,0.3159252146767314,0.6708074534161491,0.8571428571428571,0.7526132404181185,126,0.35714285714285715,0.2830188679245283,0.3157894736842105,159,0.3269230769230769,0.11805555555555555,0.17346938775510204,144,0.2830188679245283,0.125,0.17341040462427745,120,0.1619047619047619,0.17346938775510204,0.16748768472906403,98,0.20392156862745098,0.49523809523809526,0.28888888888888886,105,0.6909319685543696,10,6,1.5706194639205933,95.6,1,0.0001,"{""Human-written"": 0.9836, ""V1"": 0.8409, ""V2"": 0.8717, ""V3"": 1.0337, ""V4"": 1.1766, ""V5"": 1.2054}",0.3390957446808511,
3,4103,766,1194,0.3693467336683417,0.3446497198481205,0.23775546396216365,1.4616751373138943,0.3590174542372151,0.3446497198481205,0.32049656534240606,0.3693467336683417,0.3693467336683417,0.3693467336683417,0.3626659038949741,0.3693467336683417,0.33748021171946,0.7649769585253456,0.8137254901960784,0.7885985748218527,204,0.3178294573643411,0.34893617021276596,0.332657200811359,235,0.26666666666666666,0.5299145299145299,0.3547925608011445,234,0.27807486631016043,0.27225130890052357,0.2751322751322751,191,0.32142857142857145,0.054878048780487805,0.09375,164,0.20512820512820512,0.04819277108433735,0.07804878048780488,166,0.7078743520433036,0.3537859007832898,0.3352658559197081,0.2209239817243877,1.4543673055445623,0.32026083290390667,0.3352658559197081,0.304104841631974,0.3537859007832898,0.3537859007832898,0.3537859007832898,0.32522750837097114,0.3537859007832898,0.31754222615949446,0.7152317880794702,0.8503937007874016,0.7769784172661871,127,0.32926829268292684,0.35294117647058826,0.34069400630914826,153,0.2363013698630137,0.4825174825174825,0.31724137931034485,143,0.25862068965517243,0.23076923076923078,0.24390243902439024,130,0.125,0.009259259259259259,0.017241379310344827,108,0.2571428571428571,0.08571428571428572,0.12857142857142856,105,0.7064460598332537,11,7,1.4543675184249878,109.0,1,0.0001,"{""Human-written"": 0.9714, ""V1"": 0.8391, ""V2"": 0.879, ""V3"": 1.044, ""V4"": 1.1831, ""V5"": 1.1934}",0.381201044386423,
4,4058,781,1224,0.34558823529411764,0.3276565461994614,0.21144521973101893,1.5205161769154865,0.34216032943940444,0.3276565461994614,0.3086340017932277,0.34558823529411764,0.34558823529411764,0.34558823529411764,0.35100116111605173,0.34558823529411764,0.3250474650495121,0.782608695652174,0.6824644549763034,0.7291139240506329,211,0.33796296296296297,0.3067226890756303,0.32158590308370044,238,0.27671232876712326,0.4279661016949153,0.33610648918469216,236,0.2689873417721519,0.4336734693877551,0.33203125,196,0.1366906474820144,0.10919540229885058,0.12140575079872204,174,0.25,0.005917159763313609,0.011560693641618497,169,0.6920930390131743,0.3444302176696543,0.3297024075900658,0.20532866787415976,1.5114370888527093,0.3061782602737853,0.3297024075900658,0.3089915046145839,0.3444302176696543,0.3444302176696543,0.3444302176696543,0.31200785259641245,0.3444302176696543,0.3193334012695427,0.7962962962962963,0.7166666666666667,0.7543859649122807,120,0.3390804597701149,0.36875,0.3532934131736527,160,0.26666666666666666,0.4050632911392405,0.32160804020100503,158,0.24271844660194175,0.3968253968253968,0.30120481927710846,126,0.19230769230769232,0.09090909090909091,0.12345679012345678,110,0.0,0.0,0.0,107,0.6916864005709825,9,5,1.5114372968673706,90.1,1,0.0001,"{""Human-written"": 0.9607, ""V1"": 0.8402, ""V2"": 0.8887, ""V3"": 1.0341, ""V4"": 1.1949, ""V5"": 1.1907}",0.3072983354673495,
5,4166,695,1202,0.31530782029950083,0.3213552879803039,0.1987699807882196,1.5236145320281473,0.31245544246917767,0.3213552879803039,0.28488353167038083,0.31530782029950083,0.31530782029950083,0.31530782029950083,0.3202291946297119,0.31530782029950083,0.28863777287951126,0.6905829596412556,0.751219512195122,0.719626168224299,205,0.33640552995391704,0.29554655870445345,0.3146551724137931,247,0.22077922077922077,0.07488986784140969,0.1118421052631579,227,0.24242424242424243,0.08376963350785341,0.1245136186770428,191,0.19230769230769232,0.11904761904761904,0.14705882352941177,168,0.19223300970873786,0.6036585365853658,0.2916053019145803,164,0.6888516022303725,0.31654676258992803,0.3149113663755189,0.20137593275049215,1.4910664658379587,0.29837448878304557,0.3149113663755189,0.2748499673677976,0.31654676258992803,0.31654676258992803,0.31654676258992803,0.3149358195181439,0.31654676258992803,0.2878007573355345,0.7164179104477612,0.7559055118110236,0.735632183908046,127,0.35714285714285715,0.27972027972027974,0.3137254901960784,143,0.17307692307692307,0.06716417910447761,0.0967741935483871,134,0.21739130434782608,0.09090909090909091,0.1282051282051282,110,0.13513513513513514,0.05747126436781609,0.08064516129032258,87,0.1910828025477707,0.6382978723404256,0.29411764705882354,94,0.706611874617403,10,6,1.491066336631775,99.0,1,0.0001,"{""Human-written"": 0.9877, ""V1"": 0.854, ""V2"": 0.8745, ""V3"": 1.0286, ""V4"": 1.1669, ""V5"": 1.1849}",0.45179856115107914,
