set,file,true,pred,prob_Human-written,prob_V2
test,11_21_content_swawibe_pyDH_Client.py_cleaned.png,0,0,0.5680085122585297,0.43199148774147034
test,11_3_content_iykadev_pyalgo_babil_square_root.py_cleaned.png,0,0,0.6035211384296417,0.3964788615703583
test,12_22_content_Swapnillokhande_Sales-Prediction-of-a-Supermarket-chain_Exploratory_Data_Analysis.py_cleaned.png,0,1,0.4649522304534912,0.5350477695465088
test,12_28_content_albertsegura_tmux-jobqueue_run_jobs.py_cleaned.png,0,1,0.4449324607849121,0.5550675392150879
test,14_15_content_VakinduPhilliam_Pattern_Matching_Python_Difflib_Pattern_Matching_Unified_Diff.py_cleaned.png,0,0,0.6546598374843597,0.34534016251564026
test,14_17_content_krshubham_ecc-elgamal_elgamal.py_cleaned.png,0,0,0.6076082587242126,0.39239174127578735
test,14_23_content_tomasmcoronado_prob-alpha_PhyloTree.py_cleaned.png,0,0,0.5520961880683899,0.4479038119316101
test,14_24_content_Brew8it_Python_DHAES_AES.py_cleaned.png,0,0,0.5903136134147644,0.4096863865852356
test,14_31_content_NorahJC_RegressionAnalyses_MultReg.py_cleaned.png,0,1,0.45715653896331787,0.5428434610366821
test,14_3_content_iykadev_pyalgo_binaryTree.py_cleaned.png,0,1,0.44155049324035645,0.5584495067596436
test,15_17_content_jb0xx_decrypt-onetimepad_texthelper.py_cleaned.png,0,0,0.502122551202774,0.49787744879722595
test,15_33_content_mirkomantovani_web-search-engine-UIC_crawling_utils.py_cleaned.png,0,1,0.4485509395599365,0.5514490604400635
test,16_1_content_sadnessFree_arima-lstm_combine-linear.py_cleaned.png,0,1,0.4574313163757324,0.5425686836242676
test,16_5_content_harshdarji22_crypto_domains.py_cleaned.png,0,1,0.3854798674583435,0.6145201325416565
test,17_15_content_VakinduPhilliam_Pattern_Matching_Python_Fnmatch_Translate.py_cleaned.png,0,0,0.6956117749214172,0.30438822507858276
test,17_28_content_bangarangler_binary_search_trees_binary_search_trees.py_cleaned.png,0,1,0.4892258644104004,0.5107741355895996
test,18_24_content_lesdev_SortingMethods_BubbleSort.py_cleaned.png,0,1,0.4683206081390381,0.5316793918609619
test,18_24_content_regnarg_prf-turing-machine_arith.py_cleaned.png,0,0,0.5423344969749451,0.45766550302505493
test,18_26_content_cteters_Minimum-spanning-tree_kruskal.py_cleaned.png,0,1,0.43174904584884644,0.5682509541511536
test,19_21_content_hagyu-aya_prime-number-bot_index.py_cleaned.png,0,0,0.6211698055267334,0.3788301944732666
test,19_32_content_clee1994_MasterThesis_table_helper.py_cleaned.png,0,0,0.509893387556076,0.49010661244392395
test,1_100_content_ssquantum_PyDex_mythread.py_cleaned.png,0,0,0.5502729117870331,0.4497270882129669
test,20_23_content_gquintela_dijkstra_main.py_cleaned.png,0,1,0.44353610277175903,0.556463897228241
test,20_32_content_Terry-Kusunoki-Martin_World-University-Rankings-Clustering_filehelper.py_cleaned.png,0,1,0.47633951902389526,0.5236604809761047
test,21_22_content_thctds_Sorts1_insertionSort.py_cleaned.png,0,0,0.5618163347244263,0.43818366527557373
test,21_24_content_A3M4_Monster-Crawler_middlewares.py_cleaned.png,0,0,0.5811131596565247,0.41888684034347534
test,21_24_content_lesdev_SortingMethods_quicksort.py_cleaned.png,0,1,0.35877078771591187,0.6412292122840881
test,21_2_content_spygaurad_AI_LAB_6_537_Suraj_doc_similarity.py_cleaned.png,0,1,0.4774281978607178,0.5225718021392822
test,21_35_content_fireclawthefox_DirectGuiDesigner_main.py_cleaned.png,0,0,0.512371152639389,0.48762884736061096
test,22_15_content_jknight1725_linear_search_vs_random_search_random_case.py_cleaned.png,0,0,0.5050334334373474,0.4949665665626526
test,22_3_content_iykadev_pyalgo_deepFirstSearch.py_cleaned.png,0,0,0.5470946729183197,0.4529053270816803
test,23_14_content_Qutuf_Qutuf_urls.py_cleaned.png,0,0,0.6830647587776184,0.3169352412223816
test,23_28_content_ckeshava_Enhanced-Diffie-Hellman-Protocol_wrapper.py_cleaned.png,0,1,0.35810011625289917,0.6418998837471008
test,23_35_content_riccardobisori_Binary-Trees_ResultsInsert.py_cleaned.png,0,1,0.47036582231521606,0.5296341776847839
test,23_5_content_yifeng-lee_RSA-In-CTF_exp1.py_cleaned.png,0,0,0.6001826822757721,0.3998173177242279
test,24_29_content_fwoodruff_ECDH_TypeConversion.py_cleaned.png,0,1,0.4567347764968872,0.5432652235031128
test,24_29_content_gdkat_Recursive-DNS-Client-Server-Communication_rs.py_cleaned.png,0,0,0.6575725972652435,0.34242740273475647
test,24_32_content_arian100y_Travelling-Salesman-Problem_createCaminos.py_cleaned.png,0,1,0.4083606004714966,0.5916393995285034
test,25_26_content_AbdelrhmanKhater_Comparison-between-linked-list-and-array-during-using-selection-sort_GUI.py_cleaned.png,0,1,0.4718615412712097,0.5281384587287903
test,27_48_content_andrewdoanutz_NaiveBayesClassifier_NaiveBayesClassifier.py_cleaned.png,0,1,0.39376693964004517,0.6062330603599548
test,27_6_content_1siddhi7_Floyd-Warshall_fw.py_cleaned.png,0,0,0.5894167721271515,0.4105832278728485
test,28_17_content_gorarakelyan_JointUD_train.py_cleaned.png,0,1,0.40146195888519287,0.5985380411148071
test,28_3_content_iykadev_pyalgo_fibo.py_cleaned.png,0,0,0.6379108130931854,0.3620891869068146
test,28_45_content_nialloc9_machine-learning-k-means_main.py_cleaned.png,0,1,0.46146202087402344,0.5385379791259766
test,28_51_content_adityapatelgithub_Expressions-and-Functions_evaluate.py_cleaned.png,0,0,0.5505475699901581,0.4494524300098419
test,28_68_content_mvivancq_DfsSudokuSolver_bfs.py_cleaned.png,0,0,0.5846029222011566,0.4153970777988434
test,29_1_content_Chunning-Zhou_MILPBasedSearchAlgorithmDiff_parameter.py_cleaned.png,0,0,0.6520212292671204,0.34797877073287964
test,29_28_content_gizzidan_basic-python-practice_primes.py_cleaned.png,0,1,0.48278939723968506,0.5172106027603149
test,29_33_content_wpaturaj_FuzzyKNN_Sample_read.py_cleaned.png,0,0,0.5291054546833038,0.47089454531669617
test,29_3_content_iykadev_pyalgo_golden_ratio.py_cleaned.png,0,0,0.5849936306476593,0.4150063693523407
test,2_11_content_Masao-Taketani_text_classification_with_alexa_make_pkl_for_data_and_dic.py_cleaned.png,0,1,0.39459139108657837,0.6054086089134216
test,30_4_content_mincanhe_Network-routing-protocol_kruskal.py_cleaned.png,0,0,0.5963512063026428,0.4036487936973572
test,30_5_content_AdamJacoby_Hopf_Example_Bpq.py_cleaned.png,0,0,0.5220209956169128,0.47797900438308716
test,31_2_content_JoshuaEbenezer_huffman_encoding_huffman.py_cleaned.png,0,1,0.49129194021224976,0.5087080597877502
test,31_2_content_johndoe31415_toyecc_dual_ec_drbg.py_cleaned.png,0,0,0.5030170679092407,0.4969829320907593
test,31_49_content_lllunaticer_pathFindGUI_Draw.py_cleaned.png,0,0,0.5721417367458344,0.42785826325416565
test,31_57_content_mercury0100_pynb_pynb.py_cleaned.png,0,0,0.5768391489982605,0.4231608510017395
test,31_58_content_zhaoyichanghong_machine_learing_algo_python_fuzzy_c_means.py_cleaned.png,0,0,0.5383212864398956,0.46167871356010437
test,33_32_content_rihartma_huffmanCoding_files.py_cleaned.png,0,1,0.45056360960006714,0.5494363903999329
test,33_61_content_piyush-taneja_Salary-Predictor_Support_Vector_Regression.py_cleaned.png,0,1,0.4543437361717224,0.5456562638282776
test,33_73_content_elados93_AI_Ex1_BFS.py_cleaned.png,0,0,0.530450701713562,0.469549298286438
test,33_75_content_acoollevel_desktop-clock_clock.py_cleaned.png,0,1,0.36193156242370605,0.638068437576294
test,34_31_content_tobymyers_codingthematrix_The_Function_problems.py_cleaned.png,0,0,0.5443832278251648,0.4556167721748352
test,34_76_content_sylvain-reynaud_projet-voltaire-solver_projetvoltairesolver.py_cleaned.png,0,1,0.46695423126220703,0.533045768737793
test,35_28_content_vinaykumarbu_sentiment-analysis-deeplearning_preprocess.py_cleaned.png,0,0,0.5385085940361023,0.4614914059638977
test,35_5_content_kheguy_bubbleSort_bubbleSort.py_cleaned.png,0,1,0.3897152543067932,0.6102847456932068
test,35_60_content_iamdiwas_TF-IDF-for-Simple-Text-Mining_tf_idf_basics.py_cleaned.png,0,1,0.44495469331741333,0.5550453066825867
test,35_6_content_dennishnf_indoor-location-using-naive-bayes_2_division_data.py_cleaned.png,0,0,0.556205540895462,0.44379445910453796
test,36_33_content_ilkayDevran_Analysis_of_Sorting_Algorithms_allInOne.py_cleaned.png,0,1,0.4438803195953369,0.5561196804046631
test,36_3_content_WDI-SEA_python-linked-lists_linkedlist-test.py_cleaned.png,0,0,0.5411730110645294,0.4588269889354706
test,36_6_content_petronius_minotaur_dimensions.py_cleaned.png,0,0,0.5218220949172974,0.47817790508270264
test,37_5_content_teawifi_k-means_clustering_loader.py_cleaned.png,0,0,0.5603252947330475,0.4396747052669525
test,37_64_content_hardik-dadhich_Polynomial_regression_model_poly_reg.py_cleaned.png,0,1,0.3949700593948364,0.6050299406051636
test,38_89_content_shivamsaigupta_RSA_Generator_main.py_cleaned.png,0,0,0.5469426810741425,0.45305731892585754
test,39_4_content_nikhilrampal15_real_estate_advisor_knn_kmeans_kmeans.py_cleaned.png,0,0,0.5000995397567749,0.4999004602432251
test,39_79_content_snehasg95_NaiveBayes_iris_classification.py_cleaned.png,0,0,0.6649066805839539,0.33509331941604614
test,40_3_content_iykadev_pyalgo_prime_numbers.py_cleaned.png,0,0,0.590679407119751,0.409320592880249
test,40_3_content_tusizi_document-analysis_mllib_tfidf_with_stopword.py_cleaned.png,0,0,0.5345062017440796,0.4654937982559204
test,40_57_content_sangyh_discrete-event-simulation_read_output.py_cleaned.png,0,1,0.4709470868110657,0.5290529131889343
test,40_6_content_sherlvick_sentimental-analysis_SVM_svm_pipe.py_cleaned.png,0,1,0.43090546131134033,0.5690945386886597
test,40_78_content_FernandoDurier_apa-dijkstra___main__.py_cleaned.png,0,1,0.48002421855926514,0.5199757814407349
test,42_79_content_lorenzo3117_python-sorting-scripts_heapSort.py_cleaned.png,0,1,0.46670764684677124,0.5332923531532288
test,42_7_content_fepz_AyCC_disjoint_set.py_cleaned.png,0,0,0.6978104114532471,0.30218958854675293
test,42_80_content_cgeopapa_NaiveBayesClassifier-ham-spam-mail_Bayes.py_cleaned.png,0,0,0.6010536551475525,0.3989463448524475
test,43_3_content_rentseen_ARIMA-forecast_test.py_cleaned.png,0,1,0.447365939617157,0.552634060382843
test,43_93_content_EricElmoznino_rsa_emd_data_processing.py_cleaned.png,0,0,0.5407275259494781,0.45927247405052185
test,44_93_content_djzgroup_Visual-basedCharacterEmbedding_123.py_cleaned.png,0,1,0.4478886127471924,0.5521113872528076
test,45_7_content_allenabraham999_Bubble-sort_bubble_sort.py_cleaned.png,0,0,0.514702171087265,0.485297828912735
test,45_88_content_mrugankray_Polynomial-Linear-Regression-Written-In-Python_polynomial_regression.py_cleaned.png,0,1,0.4015580415725708,0.5984419584274292
test,45_8_content_fepz_AyCC_disjoint_set.py_cleaned.png,0,0,0.5511529743671417,0.4488470256328583
test,45_92_content_jackschultz_nba-optimize-micro_utils.py_cleaned.png,0,0,0.6287282705307007,0.3712717294692993
test,46_53_content_faisalkhan91_Sort-Comparison_Sort_Comparison.py_cleaned.png,0,1,0.42303603887557983,0.5769639611244202
test,46_81_content_jvdwyer_Sorting_Sorts.py_cleaned.png,0,0,0.5144084990024567,0.48559150099754333
test,46_92_content_FranzScheerer_DES_perihel.py_cleaned.png,0,0,0.5442764163017273,0.4557235836982727
test,46_94_content_rohithdot_ImageCompression-PCA_code.py_cleaned.png,0,0,0.5519359409809113,0.44806405901908875
test,47_4_content_gbrlcustodio_forecasting_genetic_alg.py_cleaned.png,0,0,0.5540414452552795,0.44595855474472046
test,49_81_content_Saiteja-Reddy_Basic-SFTP_caesar_cipher.py_cleaned.png,0,0,0.5527668595314026,0.4472331404685974
test,49_9_content_ahmetfbayrak12_Python-Recursive-Functions-and-Dynamic-Programming_hw5-plot.py_cleaned.png,0,1,0.4289095401763916,0.5710904598236084
test,4_13_content_alu0100821390_diffie-hellman_diffie-hellman.py_cleaned.png,0,1,0.49228763580322266,0.5077123641967773
test,4_13_content_danielSbastos_binary-fibonacci_columns.py_cleaned.png,0,0,0.5493493378162384,0.4506506621837616
test,50_97_content_panjibagaskara_NaiveBayes_naive.py_cleaned.png,0,1,0.4863789677619934,0.5136210322380066
test,50_9_content_ghemsley_fibonacci_fib.py_cleaned.png,0,1,0.4769430160522461,0.5230569839477539
test,5_14_content_tusizi_document-analysis_mllib_tfidf_with_stopword.py_cleaned.png,0,0,0.5192337334156036,0.48076626658439636
test,5_17_content_Selentiym_bigHWonOrderedSets_hw3.py_cleaned.png,0,1,0.4309072494506836,0.5690927505493164
test,6_11_content_Boros93_GraphProject_kruskal.py_cleaned.png,0,1,0.44059252738952637,0.5594074726104736
test,6_13_content_danielSbastos_binary-fibonacci_transpose.py_cleaned.png,0,0,0.5446044504642487,0.45539554953575134
test,7_10_content_Suraj-Rajesh_elliptic_curve_cryptography_main.py_cleaned.png,0,0,0.6020175814628601,0.3979824185371399
test,7_13_content_preetidurai_Spam-Ham-Classification-using-NB-and-LR_NBHelper.py_cleaned.png,0,0,0.508851945400238,0.49114805459976196
test,7_15_content_VakinduPhilliam_Pattern_Matching_Python_Difflib_Pattern_Matching_Differ.py_cleaned.png,0,0,0.6345483958721161,0.3654516041278839
test,8_13_content_AtahanCelebi_En-K-sa-Yol_warshall.py_cleaned.png,0,0,0.5603263676166534,0.43967363238334656
test,8_18_content_o-az_Insertion-vs-Merge_MergeSort.py_cleaned.png,0,1,0.49331462383270264,0.5066853761672974
test,8_21_content_p-kim1_Image-Segmentation-with-K-means_kmeans.py_cleaned.png,0,0,0.547890305519104,0.452109694480896
test,8_3_content_iykadev_pyalgo_anagram.py_cleaned.png,0,1,0.4617679715156555,0.5382320284843445
test,9_13_content_FN-HD_Elliptic_Curve_Cryptography_Main.py_cleaned.png,0,0,0.5037342607975006,0.4962657392024994
test,101_v2_11_content_Masao-Taketani_text_classification_with_alexa_make_pkl_for_data_and_dic.py_cleaned.png,1,0,0.5111227929592133,0.48887720704078674
test,101_v2_11_content_ayushkumarshah_Dynamic-Programming-MCM-and-LCS_lcs.py_cleaned.png,1,0,0.5588688850402832,0.4411311149597168
test,101_v2_18_content_10elements_BinaryTree_binaryTree.py_cleaned.png,1,0,0.5728301405906677,0.4271698594093323
test,101_v2_1_content_dedeco_dijkstra-bellman-ford_dijkstra.py_cleaned.png,1,0,0.6091468036174774,0.3908531963825226
test,101_v2_6_content_1siddhi7_Floyd-Warshall_fw.py_cleaned.png,1,1,0.42586851119995117,0.5741314888000488
test,103_v2_13_content_danielSbastos_binary-fibonacci_columns.py_cleaned.png,1,1,0.49619442224502563,0.5038055777549744
test,103_v2_17_content_Selentiym_bigHWonOrderedSets_hw3.py_cleaned.png,1,0,0.5727048516273499,0.42729514837265015
test,105_v2_13_content_danielSbastos_binary-fibonacci_transpose.py_cleaned.png,1,1,0.4744006395339966,0.5255993604660034
test,105_v2_14_content_briholt100_rogersQ_rogersQ.py_cleaned.png,1,1,0.36848920583724976,0.6315107941627502
test,105_v2_14_content_lisha1992_KNN-Clasify_handWritingClassify.py_cleaned.png,1,0,0.5057348906993866,0.4942651093006134
test,106_v2_11_content_Boros93_GraphProject_kruskal.py_cleaned.png,1,1,0.4223553538322449,0.5776446461677551
test,107_v2_13_content_preetidurai_Spam-Ham-Classification-using-NB-and-LR_NBHelper.py_cleaned.png,1,1,0.35420650243759155,0.6457934975624084
test,107_v2_14_content_Robo-Sapien_Maze-Perilous-Real-Time-Implemention-of-Dijkstra-Algorithm_pixel_values.py_cleaned.png,1,0,0.5346740484237671,0.4653259515762329
test,107_v2_3_content_iykadev_pyalgo_anagram.py_cleaned.png,1,0,0.5486846268177032,0.45131537318229675
test,109_v2_13_content_FN-HD_Elliptic_Curve_Cryptography_Main.py_cleaned.png,1,0,0.5398322343826294,0.4601677656173706
test,110_v2_17_content_jb0xx_decrypt-onetimepad_texthelper.py_cleaned.png,1,0,0.5053921043872833,0.4946078956127167
test,110_v2_22_content_Swapnillokhande_Sales-Prediction-of-a-Supermarket-chain_Exploratory_Data_Analysis.py_cleaned.png,1,1,0.413276731967926,0.586723268032074
test,110_v2_3_content_iykadev_pyalgo_babil_square_root.py_cleaned.png,1,1,0.45835888385772705,0.541641116142273
test,112_v2_24_content_lesdev_SortingMethods_BubbleSort.py_cleaned.png,1,1,0.4890780448913574,0.5109219551086426
test,112_v2_26_content_dmallya93_Intelligent-Web-Services-Discovery-using-Clustering-Method_jsonMaker.py_cleaned.png,1,1,0.4958030581474304,0.5041969418525696
test,112_v2_30_content_talbrecht_ensemble-scoring_run.py_cleaned.png,1,0,0.5469990968704224,0.45300090312957764
test,113_v2_15_content_VakinduPhilliam_Pattern_Matching_Python_Difflib_Pattern_Matching_Unified_Diff.py_cleaned.png,1,0,0.5891366899013519,0.41086331009864807
test,113_v2_31_content_AmitD26_The-searching-pacman_projectParams.py_cleaned.png,1,0,0.6184325516223907,0.38156744837760925
test,113_v2_31_content_NorahJC_RegressionAnalyses_MultReg.py_cleaned.png,1,1,0.46376270055770874,0.5362372994422913
test,113_v2_3_content_iykadev_pyalgo_binaryTree.py_cleaned.png,1,1,0.4579145908355713,0.5420854091644287
test,114_v2_14_content_Dawlatly_Recommender-system_apriori.py_cleaned.png,1,0,0.5371690690517426,0.46283093094825745
test,115_v2_24_content_lesdev_SortingMethods_quicksort.py_cleaned.png,1,1,0.3819201588630676,0.6180798411369324
test,115_v2_26_content_Emersonxuelinux_One_Big_Archive_Listing_8-4.py_cleaned.png,1,0,0.5934087932109833,0.4065912067890167
test,116_v2_15_content_VakinduPhilliam_Pattern_Matching_Python_Fnmatch_Translate.py_cleaned.png,1,0,0.5715284049510956,0.4284715950489044
test,116_v2_33_content_gquintela_bfs_graph.py_cleaned.png,1,0,0.5144055187702179,0.4855944812297821
test,117_v2_21_content_AntonisFK_selection_sort_python_selectionSort.py_cleaned.png,1,0,0.6051025688648224,0.3948974311351776
test,117_v2_24_content_regnarg_prf-turing-machine_arith.py_cleaned.png,1,1,0.38536250591278076,0.6146374940872192
test,118_v2_22_content_thctds_Sorts1_insertionSort.py_cleaned.png,1,0,0.5644056499004364,0.4355943500995636
test,118_v2_32_content_clee1994_MasterThesis_table_helper.py_cleaned.png,1,1,0.4186152219772339,0.5813847780227661
test,118_v2_35_content_fireclawthefox_DirectGuiDesigner_main.py_cleaned.png,1,0,0.6047691106796265,0.39523088932037354
test,118_v2_35_content_riccardobisori_Binary-Trees_ResultsInsert.py_cleaned.png,1,1,0.4496700167655945,0.5503299832344055
test,119_v2_23_content_gquintela_dijkstra_main.py_cleaned.png,1,1,0.42574721574783325,0.5742527842521667
test,121_v2_15_content_jknight1725_linear_search_vs_random_search_random_case.py_cleaned.png,1,0,0.500947117805481,0.49905288219451904
test,121_v2_3_content_iykadev_pyalgo_deepFirstSearch.py_cleaned.png,1,1,0.44197237491607666,0.5580276250839233
test,121_v2_42_content_darshan-jain-29_ml-naive-bayes-working-demo_email_preprocess.py_cleaned.png,1,1,0.441287636756897,0.558712363243103
test,122_v2_2_content_spygaurad_AI_LAB_6_537_Suraj_doc_similarity.py_cleaned.png,1,0,0.5221734642982483,0.4778265357017517
test,123_v2_35_content_XiaoCode-er_image-digital-express_cluster_pic.py_cleaned.png,1,1,0.40539801120758057,0.5946019887924194
test,123_v2_5_content_yifeng-lee_RSA-In-CTF_exp1.py_cleaned.png,1,1,0.4765350818634033,0.5234649181365967
test,124_v2_29_content_fwoodruff_ECDH_TypeConversion.py_cleaned.png,1,1,0.48343902826309204,0.516560971736908
test,124_v2_2_content_nrohani_AssosiationRules_TransactionEncoder.py_cleaned.png,1,1,0.41489189863204956,0.5851081013679504
test,126_v2_3_content_manishjathan_Money-laundering-Detection-System_DisconnectedGraphs.py_cleaned.png,1,0,0.5516613721847534,0.4483386278152466
test,126_v2_51_content_adityapatelgithub_Expressions-and-Functions_evaluate.py_cleaned.png,1,0,0.597661942243576,0.40233805775642395
test,127_v2_17_content_gorarakelyan_JointUD_train.py_cleaned.png,1,1,0.4364698529243469,0.5635301470756531
test,127_v2_33_content_wpaturaj_FuzzyKNN_Sample_read.py_cleaned.png,1,0,0.5443655252456665,0.4556344747543335
test,127_v2_45_content_nialloc9_machine-learning-k-means_main.py_cleaned.png,1,0,0.5324921309947968,0.46750786900520325
test,127_v2_57_content_mercury0100_pynb_pynb.py_cleaned.png,1,1,0.4668506979942322,0.5331493020057678
test,128_v2_28_content_gizzidan_basic-python-practice_primes.py_cleaned.png,1,1,0.4136894941329956,0.5863105058670044
test,128_v2_2_content_JoshuaEbenezer_huffman_encoding_huffman.py_cleaned.png,1,1,0.4533432126045227,0.5466567873954773
test,128_v2_31_content_tobymyers_codingthematrix_The_Function_problems.py_cleaned.png,1,0,0.5220050811767578,0.4779949188232422
test,128_v2_4_content_mincanhe_Network-routing-protocol_kruskal.py_cleaned.png,1,0,0.5558784306049347,0.4441215693950653
test,129_v2_51_content_ParthanOlikkal_Agglomerative-Hierarchical-Clustering_Agglomerative_hierarchical_clustering.py_cleaned.png,1,1,0.49617433547973633,0.5038256645202637
test,129_v2_5_content_AdamJacoby_Hopf_Example_Bpq.py_cleaned.png,1,0,0.5181311070919037,0.4818688929080963
test,130_v2_32_content_rihartma_huffmanCoding_files.py_cleaned.png,1,0,0.6903009414672852,0.30969905853271484
test,130_v2_49_content_lllunaticer_pathFindGUI_Draw.py_cleaned.png,1,1,0.43306124210357666,0.5669387578964233
test,130_v2_75_content_acoollevel_desktop-clock_clock.py_cleaned.png,1,0,0.5086527764797211,0.49134722352027893
test,132_v2_54_content_sumanth-bmsce_Unsupervised_Extreme_Learning_Machine_EM_Algo.py_cleaned.png,1,1,0.4968715310096741,0.5031284689903259
test,133_v2_33_content_ilkayDevran_Analysis_of_Sorting_Algorithms_allInOne.py_cleaned.png,1,1,0.48652493953704834,0.5134750604629517
test,133_v2_4_content_offsecginger_PythonAESObfuscate_python_x86_template.py_cleaned.png,1,0,0.5655187368392944,0.43448126316070557
test,133_v2_53_content_KaiFly_Xemina2_DijkstraSP_GraphDrawing.py_cleaned.png,1,0,0.5327694714069366,0.46723052859306335
test,133_v2_61_content_piyush-taneja_Salary-Predictor_Support_Vector_Regression.py_cleaned.png,1,0,0.5031222701072693,0.4968777298927307
test,134_v2_28_content_vinaykumarbu_sentiment-analysis-deeplearning_preprocess.py_cleaned.png,1,0,0.5033686459064484,0.49663135409355164
test,134_v2_60_content_iamdiwas_TF-IDF-for-Simple-Text-Mining_tf_idf_basics.py_cleaned.png,1,1,0.45713192224502563,0.5428680777549744
test,134_v2_61_content_hlalit_Data-Structures-Python_BinaryTree.py_cleaned.png,1,1,0.4327494502067566,0.5672505497932434
test,134_v2_6_content_petronius_minotaur_dimensions.py_cleaned.png,1,0,0.5270310342311859,0.4729689657688141
test,135_v2_79_content_snehasg95_NaiveBayes_iris_classification.py_cleaned.png,1,0,0.5425763428211212,0.4574236571788788
test,136_v2_4_content_nikhilrampal15_real_estate_advisor_knn_kmeans_kmeans.py_cleaned.png,1,1,0.3417512774467468,0.6582487225532532
test,136_v2_53_content_faisalkhan91_Sort-Comparison_Sort_Comparison.py_cleaned.png,1,0,0.5257520377635956,0.4742479622364044
test,137_v2_64_content_hardik-dadhich_Polynomial_regression_model_poly_reg.py_cleaned.png,1,1,0.37836843729019165,0.6216315627098083
test,137_v2_65_content_swaruptripathy_two_way_anova_two_way_anova.py_cleaned.png,1,1,0.4403311014175415,0.5596688985824585
test,137_v2_79_content_lorenzo3117_python-sorting-scripts_heapSort.py_cleaned.png,1,1,0.42281579971313477,0.5771842002868652
test,138_v2_6_content_mmcetindag_ShortestPathAlgorithms_dijkstra.py_cleaned.png,1,1,0.42187178134918213,0.5781282186508179
test,138_v2_80_content_cgeopapa_NaiveBayesClassifier-ham-spam-mail_Bayes.py_cleaned.png,1,0,0.5063073635101318,0.49369263648986816
test,140_v2_7_content_allenabraham999_Bubble-sort_bubble_sort.py_cleaned.png,1,0,0.6453215479850769,0.3546784520149231
test,141_v2_3_content_rentseen_ARIMA-forecast_test.py_cleaned.png,1,1,0.4922909140586853,0.5077090859413147
test,141_v2_70_content_skumaravel_tf-idf_tf_idf.py_cleaned.png,1,0,0.5654172599315643,0.43458274006843567
test,141_v2_81_content_jvdwyer_Sorting_Sorts.py_cleaned.png,1,0,0.5258433520793915,0.4741566479206085
test,142_v2_7_content_fepz_AyCC_disjoint_set.py_cleaned.png,1,1,0.4297094941139221,0.5702905058860779
test,143_v2_8_content_fepz_AyCC_disjoint_set.py_cleaned.png,1,0,0.5052049458026886,0.4947950541973114
test,143_v2_93_content_EricElmoznino_rsa_emd_data_processing.py_cleaned.png,1,0,0.5342147946357727,0.4657852053642273
test,143_v2_93_content_djzgroup_Visual-basedCharacterEmbedding_123.py_cleaned.png,1,1,0.4327135682106018,0.5672864317893982
test,144_v2_4_content_gbrlcustodio_forecasting_genetic_alg.py_cleaned.png,1,0,0.5595747828483582,0.44042521715164185
test,145_v2_4_content_noteven2degrees_timeseries_statsmodels_arima_evaluation.py_cleaned.png,1,1,0.37604910135269165,0.6239508986473083
test,145_v2_88_content_mrugankray_Polynomial-Linear-Regression-Written-In-Python_polynomial_regression.py_cleaned.png,1,1,0.38594919443130493,0.6140508055686951
test,145_v2_92_content_jackschultz_nba-optimize-micro_utils.py_cleaned.png,1,0,0.6827594339847565,0.31724056601524353
test,145_v2_97_content_panjibagaskara_NaiveBayes_naive.py_cleaned.png,1,1,0.4475938081741333,0.5524061918258667
test,146_v2_9_content_anishur_ARIMA-MODEL_arima.py_cleaned.png,1,1,0.4255247116088867,0.5744752883911133
test,148_v2_9_content_ahmetfbayrak12_Python-Recursive-Functions-and-Dynamic-Programming_hw5-plot.py_cleaned.png,1,1,0.41218894720077515,0.5878110527992249
test,210_v2_16_content_helloiamivan_crypto-quant_main.py_cleaned.png,1,1,0.4373871684074402,0.5626128315925598
test,28_v2_1_content_vuolleko_pyTSNE_vptree.py_cleaned.png,1,0,0.5032234787940979,0.4967765212059021
test,40_v2_1_content_Pranshu258_Crowd_Behavior_Analysis_outlierDetector.py_cleaned.png,1,1,0.4738130569458008,0.5261869430541992
test,53_v2_5_content_harshdarji22_crypto_domains.py_cleaned.png,1,1,0.48133087158203125,0.5186691284179688
test,99_v2_100_content_ssquantum_PyDex_mythread.py_cleaned.png,1,0,0.541191428899765,0.458808571100235
validation,10_25_content_SaadatRizvi_Movie-Recommendation-System_collaborative-filtering.py_cleaned.png,0,1,0.48955661058425903,0.510443389415741
validation,11_23_content_AndreasChatz_factorial_constants.py_cleaned.png,0,0,0.8326596468687057,0.16734035313129425
validation,12_15_content_VakinduPhilliam_Pattern_Matching_Python_Difflib_Pattern_Matching_SequenceMatcher.py_cleaned.png,0,0,0.6201963722705841,0.3798036277294159
validation,12_15_content_ganigavinaya_LogisticRegression_LRwithoutStopWords.py_cleaned.png,0,0,0.5804440677165985,0.4195559322834015
validation,12_16_content_johnllanos_selection_sort.py_selection_sort.py_cleaned.png,0,0,0.6713456511497498,0.32865434885025024
validation,12_17_content_txrp0x9_py_prime_number_primeno.py_cleaned.png,0,0,0.5567391812801361,0.4432608187198639
validation,12_26_content_nakamoo_dfs_v_function.py_cleaned.png,0,0,0.5287173986434937,0.47128260135650635
validation,13_28_content_Jvictor97_YellowFever_randDate.py_cleaned.png,0,0,0.5614785850048065,0.4385214149951935
validation,13_42_content_KimCant2019_rsa_crypto_rsa-decrypter.py_cleaned.png,0,1,0.48606008291244507,0.5139399170875549
validation,14_9_content_Soumyabrata_predicting-pwv_benchmarking.py_cleaned.png,0,1,0.44272714853286743,0.5572728514671326
validation,15_16_content_knair97_Sentiment-Analysis-of-Amazon-Reviews_svm.py_cleaned.png,0,1,0.4321422576904297,0.5678577423095703
validation,15_19_content_Venergon_huffman_huffman_binary.py_cleaned.png,0,0,0.523716151714325,0.47628384828567505
validation,15_1_content_jwan659_forex-arbitrage_Vert.py_cleaned.png,0,0,0.580536812543869,0.419463187456131
validation,15_29_content_AouinaOns_K-Means-Clustering_K-means.py_cleaned.png,0,0,0.500387966632843,0.499612033367157
validation,15_3_content_HelloJahid_PCA-Principal-Component-Analysis-_PCA_with_Iris_datsets.py_cleaned.png,0,1,0.44490087032318115,0.5550991296768188
validation,15_4_content_mrimahajan_advanced_analysis_package___init__.py_cleaned.png,0,0,0.5388458073139191,0.46115419268608093
validation,15_9_content_Soumyabrata_predicting-pwv_grid_search.py_cleaned.png,0,1,0.3399324417114258,0.6600675582885742
validation,16_15_content_VakinduPhilliam_Pattern_Matching_Python_Fnmatch_fnmatch.py_cleaned.png,0,0,0.6292960345745087,0.37070396542549133
validation,16_20_content_IbrahimAyed_Multifractal-analysis-of-natural-images_zoom.py_cleaned.png,0,0,0.5216702818870544,0.47832971811294556
validation,16_23_content_changchanglccc_kNN_test.py_cleaned.png,0,1,0.44694364070892334,0.5530563592910767
validation,17_16_content_NB-prog_INTERN-2019_config.py_cleaned.png,0,0,0.6420798897743225,0.3579201102256775
validation,17_1_content_TamaWilson_floyd_python_floyd.py_cleaned.png,0,0,0.582126796245575,0.41787320375442505
validation,17_2_content_zalayo_Hierarchical-Linkage-Regression_HLRlinkages.py_cleaned.png,0,0,0.5398832261562347,0.46011677384376526
validation,17_31_content_Cadellinman_RB-EmailSorter_RedBubbleSorter.py_cleaned.png,0,0,0.5310920178890228,0.4689079821109772
validation,18_22_content_mikaelharseno_DurianBot_scikitml.py_cleaned.png,0,1,0.4744817018508911,0.5255182981491089
validation,18_26_content_Emersonxuelinux_One_Big_Archive_TempGui.rsrc.py_cleaned.png,0,0,0.6138368546962738,0.3861631453037262
validation,19_1_content_sadnessFree_arima-lstm_data_review.py_cleaned.png,0,1,0.4720311164855957,0.5279688835144043
validation,19_22_content_Gabrielsv01_Scraping_Cliente.py_cleaned.png,0,1,0.388363778591156,0.611636221408844
validation,1_10_content_aponce12_Lab6-B_Lab6.py_cleaned.png,0,1,0.4497324824333191,0.5502675175666809
validation,20_1_content_sadnessFree_arima-lstm_lstm.py_cleaned.png,0,1,0.38844794034957886,0.6115520596504211
validation,20_2_content_cvwilliams_BellmanFord-Python_server.py_cleaned.png,0,1,0.4200015068054199,0.5799984931945801
validation,22_24_content_lesdev_SortingMethods_radix.py_cleaned.png,0,1,0.49189454317092896,0.508105456829071
validation,22_34_content_jhomswk_Binary_Search_Tree_avl_tree.py_cleaned.png,0,0,0.5479234755039215,0.4520765244960785
validation,22_35_content_fireclawthefox_DirectGuiDesigner_setup_p3d.py_cleaned.png,0,1,0.41687941551208496,0.583120584487915
validation,23_15_content_jknight1725_linear_search_vs_random_search_worst_case.py_cleaned.png,0,0,0.5633241832256317,0.4366758167743683
validation,23_1_content_sadnessFree_arima-lstm_svr.py_cleaned.png,0,1,0.45642924308776855,0.5435707569122314
validation,23_21_content_KingYapster_ECC-Elliptic-Curve-Cryptography-in-Python_ECC.py_cleaned.png,0,1,0.4930232763290405,0.5069767236709595
validation,23_22_content_Raxev_datastructures3_huffElement.py_cleaned.png,0,1,0.45186346769332886,0.5481365323066711
validation,23_24_content_lesdev_SortingMethods_selection.py_cleaned.png,0,0,0.5415028035640717,0.45849719643592834
validation,23_39_content_rcchoksi_ANN-and-hierarchical-clustering-for-Flag-data_Clustering.py_cleaned.png,0,0,0.5171841979026794,0.48281580209732056
validation,24_62_content_taabishm2_Proactive-FDH-RSA-Signature_fileOp.py_cleaned.png,0,0,0.5556584894657135,0.4443415105342865
validation,25_23_content_kmetallic04_fringe_config.py_cleaned.png,0,0,0.5618796348571777,0.43812036514282227
validation,25_46_content_loulai_InformationRetrieval_information_retrieval.py_cleaned.png,0,0,0.5447193384170532,0.4552806615829468
validation,26_27_content_mozarik_quicksortPython_insertionSort.py_cleaned.png,0,0,0.5439548194408417,0.4560451805591583
validation,26_3_content_iykadev_pyalgo_e_number.py_cleaned.png,0,0,0.5984175205230713,0.4015824794769287
validation,26_60_content_fabaloc_PCA_RollingPCAonCDS.py_cleaned.png,0,0,0.5438012480735779,0.4561987519264221
validation,27_3_content_dlohith_text-similarity_run.py_cleaned.png,0,0,0.5036413371562958,0.4963586628437042
validation,27_40_content_alttch_pyaltt_test.py_cleaned.png,0,1,0.4677644371986389,0.5322355628013611
validation,28_33_content_prabhatpal77_Complete-core-python-_dictcomp.py_cleaned.png,0,0,0.5952091813087463,0.40479081869125366
validation,29_28_content_kurtalex_selection_sort_alhorithm_selection_sort.py_cleaned.png,0,0,0.5476765930652618,0.45232340693473816
validation,29_4_content_Khante_Distance-Vector-Algorithm_link_1.py_cleaned.png,0,1,0.44878852367401123,0.5512114763259888
validation,29_68_content_mvivancq_DfsSudokuSolver_dfs.py_cleaned.png,0,1,0.4966580867767334,0.5033419132232666
validation,2_10_content_SamAllegretto_NaiveBayes_bayes__3_.py_cleaned.png,0,1,0.46838581562042236,0.5316141843795776
validation,2_10_content_lesdev_SortingMethods_selection.py_cleaned.png,0,0,0.6232879757881165,0.37671202421188354
validation,2_11_content_moazkh60_Polynomial-Regression_polynomial_regression.py_cleaned.png,0,0,0.5892134606838226,0.41078653931617737
validation,30_2_content_siddhesh10_Quicksort-and-Randomized-Quick-Sort_randomized_quicksort.py_cleaned.png,0,0,0.539856880903244,0.460143119096756
validation,30_61_content_GauravRoy48_Polynomial-Regression_plr_GR.py_cleaned.png,0,1,0.4406566023826599,0.5593433976173401
validation,31_20_content_anowarh2514_Linear-Search-Algorithm-in-Python_linear_search.py_cleaned.png,0,1,0.4727219343185425,0.5272780656814575
validation,31_54_content_wilrnh_oneoffs_file2mail.py_cleaned.png,0,0,0.51760333776474,0.48239666223526
validation,31_61_content_piyush-taneja_Salary-Predictor_Random_Forest_Regression.py_cleaned.png,0,1,0.4979173541069031,0.5020826458930969
validation,32_35_content_anoop123gupta_web_scraping_task10.py_cleaned.png,0,1,0.4715169072151184,0.5284830927848816
validation,32_4_content_fcunhaneto_py-binary-trees-draw_node.py_cleaned.png,0,0,0.6746205985546112,0.3253794014453888
validation,33_2_content_johndoe31415_toyecc_ed25519test.py_cleaned.png,0,0,0.5484165847301483,0.4515834152698517
validation,33_40_content_WuStardust_KNN-for-iris_iris.py_cleaned.png,0,1,0.454974889755249,0.545025110244751
validation,33_5_content_AdamJacoby_Hopf_Example_GeneralizedDihedralGroup.py_cleaned.png,0,0,0.551787942647934,0.44821205735206604
validation,33_5_content_sjmcmullan_Prims-Algorithm_PrimsAlgorithms.py_cleaned.png,0,0,0.590548187494278,0.40945181250572205
validation,33_66_content_Talon-Zhang_Naive-Bayes_reader.py_cleaned.png,0,0,0.6562696397304535,0.3437303602695465
validation,34_3_content_iykadev_pyalgo_insertionSort.py_cleaned.png,0,0,0.6455864906311035,0.3544135093688965
validation,34_46_content_MrJmk_protocoles_crypto_Diffie-Hellman.py_cleaned.png,0,1,0.4918481111526489,0.5081518888473511
validation,34_4_content_mtnyrgn_Bellman-Ford-Algorithm-with-Python_bellman-ford.py_cleaned.png,0,0,0.5265101194381714,0.4734898805618286
validation,35_27_content_ashwinvis98_Particle-Swarm-Optimization-for-Robotic-Search-Applications_ultrasonic_test.py_cleaned.png,0,1,0.4786790609359741,0.5213209390640259
validation,35_63_content_avitabayan_Machine-learning_simple_linear_regression.py_cleaned.png,0,1,0.39161044359207153,0.6083895564079285
validation,36_3_content_iykadev_pyalgo_lagged_fibonacci_gen.py_cleaned.png,0,0,0.562004804611206,0.43799519538879395
validation,36_63_content_avitabayan_Machine-learning_svr.py_cleaned.png,0,1,0.39764487743377686,0.6023551225662231
validation,36_7_content_work-nchc_PCAMN_treetop.py_cleaned.png,0,1,0.4651680588722229,0.5348319411277771
validation,37_2_content_Yash0day_ElgamalEncryption-using-ECC_Hash.py_cleaned.png,0,1,0.4525158405303955,0.5474841594696045
validation,38_33_content_chafiknaceri_Credit-Card-Debt_DebtLeft.py_cleaned.png,0,0,0.6442440450191498,0.3557559549808502
validation,39_33_content_chafiknaceri_Credit-Card-Debt_LinearPayement.py_cleaned.png,0,0,0.6340981721878052,0.3659018278121948
validation,39_34_content_csabasidor_RUZ_ARIMA-_pg_ruz_conn_1.py_cleaned.png,0,0,0.6339903175830841,0.3660096824169159
validation,39_3_content_deniselucey_Python_Recursive_Definitions_factorial.py_cleaned.png,0,0,0.6704465448856354,0.3295534551143646
validation,39_5_content_ongyongzheng_cass_utils.py_cleaned.png,0,0,0.6146363019943237,0.38536369800567627
validation,39_84_content_rev1z_async_factorial_webapp_logic.py_cleaned.png,0,0,0.5721956789493561,0.4278043210506439
validation,40_41_content_sarahandert_python-practice--sorting_sample5.py_cleaned.png,0,0,0.5253470540046692,0.4746529459953308
validation,41_4_content_ssghule_Naive-Bayes-and-Bag-of-Words-for-Text-Classification-Problem_geolocate.py_cleaned.png,0,1,0.40608924627304077,0.5939107537269592
validation,43_8_content_robinbg_search-engine_se.py_cleaned.png,0,1,0.4915720224380493,0.5084279775619507
validation,44_70_content_metr0jw_video-liveness-measurement_video_cut_bts.py_cleaned.png,0,1,0.3703288435935974,0.6296711564064026
validation,45_3_content_iykadev_pyalgo_VertexGraph.py_cleaned.png,0,1,0.4810144901275635,0.5189855098724365
validation,46_82_content_joaoluga_python-rsa-algorithm_main.py_cleaned.png,0,0,0.603916198015213,0.396083801984787
validation,47_7_content_DeFacto_DeFactoNLP_subsample_training_data.py_cleaned.png,0,0,0.5421064496040344,0.4578935503959656
validation,47_7_content_manuellah_bc-9-twitter-sentiment-app_twitter_sentiment.py_cleaned.png,0,1,0.4323182702064514,0.5676817297935486
validation,47_9_content_canonicalmg_FAQ-Chat-Bot_corpus.py_cleaned.png,0,0,0.614905834197998,0.38509416580200195
validation,48_7_content_luluforever_segword-and-TF-IDF_get_50_tf-idf.py_cleaned.png,0,1,0.4973606467247009,0.5026393532752991
validation,48_7_content_meenaljain8001_BasicsOfPython-SelectionSort_selection_sort_in_python.py_cleaned.png,0,0,0.5680455267429352,0.4319544732570648
validation,48_8_content_lucasxteixeira_RandomQuickSort_benchmark.py_cleaned.png,0,1,0.41264766454696655,0.5873523354530334
validation,48_97_content_mjurk456_mini-snakes_pseudorandom_sentence_generator.py_cleaned.png,0,0,0.5110117197036743,0.4889882802963257
validation,48_98_content_pooja1909_Bigdata-project_input.py_cleaned.png,0,0,0.5034292638301849,0.49657073616981506
validation,48_99_content_MatheusMuriel_ProgramacaoDinamica_Memoria.py_cleaned.png,0,0,0.6036920249462128,0.39630797505378723
validation,4_10_content_aptr288_Information_Retrieval_system_Data_Parsing_and_Processing.py_cleaned.png,0,1,0.4624454379081726,0.5375545620918274
validation,50_9_content_krj9cr_Hybrid-Prim-Dijkstra-GUI_Node.py_cleaned.png,0,0,0.6611973345279694,0.33880266547203064
validation,51_49_content_S-GH_WebtoonReply_Scraping-and-Sentiment_Analysis_2._Preprocess.py_cleaned.png,0,0,0.5342055261135101,0.46579447388648987
validation,5_14_content_LOOPPO_INS_MERGE_sort_insertionSort.py_cleaned.png,0,0,0.6730436682701111,0.3269563317298889
validation,6_13_content_scedu25_EU-Rail_heap_priority_queue.py_cleaned.png,0,0,0.6172413229942322,0.3827586770057678
validation,6_16_content_aplested_verify_PlotParam.py_cleaned.png,0,1,0.49722355604171753,0.5027764439582825
validation,6_16_content_hoefler02_diffie-hellman_dh_client.py_cleaned.png,0,0,0.6385974884033203,0.3614025115966797
validation,6_18_content_ronak-07_Agglomerative-Hierarchical-Clustering_Preprocess.py_cleaned.png,0,1,0.4408525824546814,0.5591474175453186
validation,7_16_content_adityalokesh_Polynomial_Regressor_polynomial_regression.py_cleaned.png,0,0,0.5454311668872833,0.4545688331127167
validation,7_18_content_matinpf_ECDHE_RSA_Python_main.py_cleaned.png,0,0,0.6306107640266418,0.36938923597335815
validation,7_2_content_kristpapadopoulos_keras-exponential-smoothing_ses.py_cleaned.png,0,1,0.49070245027542114,0.5092975497245789
validation,8_1_content_modulus100_python-datastructures-algorithms_flattering_nested_linked_lists.py_cleaned.png,0,1,0.49502044916152954,0.5049795508384705
validation,8_20_content_a-hamza-r_Hierarchical-Clustering_hpc_classify.py_cleaned.png,0,1,0.4834352135658264,0.5165647864341736
validation,9_11_content_ssghule_Naive-Bayes-and-Bag-of-Words-for-Text-Classification-Problem_geolocate.py_cleaned.png,0,1,0.38650310039520264,0.6134968996047974
validation,9_14_content_codearemo_selction-sort_selection_sort.py_cleaned.png,0,0,0.6054022312164307,0.39459776878356934
validation,9_1_content_mattjj_pyhsmm-factorial_util.py_cleaned.png,0,0,0.5366619229316711,0.46333807706832886
validation,9_20_content_biswaup_soft_TF_IDF-and-Blocking_Blocking.py_cleaned.png,0,1,0.477303683757782,0.522696316242218
validation,100_v2_10_content_aponce12_Lab6-B_Lab6.py_cleaned.png,1,0,0.5599564611911774,0.44004353880882263
validation,100_v2_10_content_lesdev_SortingMethods_selection.py_cleaned.png,1,1,0.43471795320510864,0.5652820467948914
validation,100_v2_11_content_SharifAmit_HuffmanCoding_encoder.py_cleaned.png,1,0,0.5345180928707123,0.4654819071292877
validation,101_v2_10_content_mateus-n00b_Diffie-Hellman_alice.py_cleaned.png,1,1,0.3966694474220276,0.6033305525779724
validation,101_v2_11_content_moazkh60_Polynomial-Regression_polynomial_regression.py_cleaned.png,1,1,0.39139890670776367,0.6086010932922363
validation,103_v2_13_content_ShankyTiwari_Naive-Bayes-Classifier-using-python_naive_bayes_supermall.py_cleaned.png,1,0,0.5145345628261566,0.4854654371738434
validation,103_v2_13_content_gkp7_quick-sort_quick_sort.py_cleaned.png,1,1,0.45381051301956177,0.5461894869804382
validation,103_v2_16_content_Deus1223_Pac-Man_ghostAgents.py_cleaned.png,1,0,0.534906655550003,0.46509334444999695
validation,104_v2_10_content_aptr288_Information_Retrieval_system_Data_Parsing_and_Processing.py_cleaned.png,1,0,0.51985964179039,0.48014035820961
validation,105_v2_13_content_scedu25_EU-Rail_heap_priority_queue.py_cleaned.png,1,1,0.46102374792099,0.53897625207901
validation,105_v2_14_content_rajat1401_NaiveBayes_scratch_2016260_ques1a.py_cleaned.png,1,1,0.45723265409469604,0.542767345905304
validation,105_v2_1_content_modulus100_python-datastructures-algorithms_flattering_nested_linked_lists.py_cleaned.png,1,1,0.4618445634841919,0.5381554365158081
validation,106_v2_16_content_adityalokesh_Polynomial_Regressor_polynomial_regression.py_cleaned.png,1,1,0.4441002607345581,0.5558997392654419
validation,106_v2_20_content_a-hamza-r_Hierarchical-Clustering_hpc_classify.py_cleaned.png,1,1,0.4342306852340698,0.5657693147659302
validation,107_v2_14_content_codearemo_selction-sort_selection_sort.py_cleaned.png,1,0,0.6529318392276764,0.3470681607723236
validation,107_v2_18_content_matinpf_ECDHE_RSA_Python_main.py_cleaned.png,1,1,0.472586452960968,0.527413547039032
validation,107_v2_21_content_rahul494_Mental-Health-On-Twitter-Analysis_relevant_tweet_filter.py_cleaned.png,1,1,0.491669237613678,0.508330762386322
validation,108_v2_11_content_ssghule_Naive-Bayes-and-Bag-of-Words-for-Text-Classification-Problem_geolocate.py_cleaned.png,1,0,0.5446687936782837,0.4553312063217163
validation,108_v2_15_content_hgdsraj_python_vs_ruby_speed_analyze_script_cpp.py_cleaned.png,1,0,0.5854306817054749,0.41456931829452515
validation,109_v2_25_content_SaadatRizvi_Movie-Recommendation-System_collaborative-filtering.py_cleaned.png,1,0,0.5478494465351105,0.4521505534648895
validation,110_v2_16_content_johnllanos_selection_sort.py_selection_sort.py_cleaned.png,1,0,0.6596574783325195,0.34034252166748047
validation,111_v2_15_content_VakinduPhilliam_Pattern_Matching_Python_Difflib_Pattern_Matching_SequenceMatcher.py_cleaned.png,1,0,0.5434652864933014,0.4565347135066986
validation,111_v2_17_content_txrp0x9_py_prime_number_primeno.py_cleaned.png,1,0,0.5716275274753571,0.42837247252464294
validation,112_v2_19_content_Venergon_huffman_huffman_binary.py_cleaned.png,1,0,0.5259119868278503,0.47408801317214966
validation,112_v2_23_content_libingzeng_ImageMSE_imagemse.py_cleaned.png,1,1,0.4546703100204468,0.5453296899795532
validation,112_v2_26_content_nakamoo_dfs_v_function.py_cleaned.png,1,0,0.5224297642707825,0.47757023572921753
validation,112_v2_28_content_Jvictor97_YellowFever_randDate.py_cleaned.png,1,1,0.4628983736038208,0.5371016263961792
validation,113_v2_1_content_abhilampard_Simple-Plagiarism-Checker_plag.py_cleaned.png,1,0,0.5548841655254364,0.4451158344745636
validation,113_v2_42_content_KimCant2019_rsa_crypto_rsa-decrypter.py_cleaned.png,1,0,0.5160456001758575,0.48395439982414246
validation,114_v2_23_content_changchanglccc_kNN_test.py_cleaned.png,1,1,0.43601399660110474,0.5639860033988953
validation,114_v2_29_content_AouinaOns_K-Means-Clustering_K-means.py_cleaned.png,1,1,0.4271327257156372,0.5728672742843628
validation,114_v2_31_content_Cadellinman_RB-EmailSorter_RedBubbleSorter.py_cleaned.png,1,1,0.478329598903656,0.521670401096344
validation,114_v2_3_content_iykadev_pyalgo_binaryTree2.py_cleaned.png,1,1,0.416381299495697,0.583618700504303
validation,115_v2_15_content_VakinduPhilliam_Pattern_Matching_Python_Fnmatch_fnmatch.py_cleaned.png,1,1,0.49382656812667847,0.5061734318733215
validation,115_v2_2_content_zalayo_Hierarchical-Linkage-Regression_HLRlinkages.py_cleaned.png,1,0,0.5272583961486816,0.47274160385131836
validation,115_v2_3_content_HelloJahid_PCA-Principal-Component-Analysis-_PCA_with_Iris_datsets.py_cleaned.png,1,0,0.539863646030426,0.460136353969574
validation,118_v2_1_content_sadnessFree_arima-lstm_data_review.py_cleaned.png,1,1,0.4555516839027405,0.5444483160972595
validation,118_v2_22_content_mikaelharseno_DurianBot_scikitml.py_cleaned.png,1,1,0.4428797960281372,0.5571202039718628
validation,118_v2_34_content_jhomswk_Binary_Search_Tree_avl_tree.py_cleaned.png,1,0,0.6668815016746521,0.3331184983253479
validation,119_v2_1_content_sadnessFree_arima-lstm_lstm.py_cleaned.png,1,1,0.48122638463974,0.51877361536026
validation,119_v2_35_content_fireclawthefox_DirectGuiDesigner_setup_p3d.py_cleaned.png,1,0,0.537482887506485,0.462517112493515
validation,120_v2_1_content_HarryBaker_LDAtopicSimilarity_topic2vec.py_cleaned.png,1,1,0.3781083822250366,0.6218916177749634
validation,121_v2_21_content_KingYapster_ECC-Elliptic-Curve-Cryptography-in-Python_ECC.py_cleaned.png,1,1,0.4741361141204834,0.5258638858795166
validation,121_v2_39_content_rcchoksi_ANN-and-hierarchical-clustering-for-Flag-data_Clustering.py_cleaned.png,1,1,0.36924129724502563,0.6307587027549744
validation,121_v2_55_content_Ali-Ouahhabi_AesRsa_cipher_structure.py_cleaned.png,1,1,0.4714932441711426,0.5285067558288574
validation,122_v2_15_content_jknight1725_linear_search_vs_random_search_worst_case.py_cleaned.png,1,1,0.47919100522994995,0.52080899477005
validation,122_v2_1_content_sadnessFree_arima-lstm_svr.py_cleaned.png,1,1,0.4546337127685547,0.5453662872314453
validation,123_v2_2_content_MrPatel95_Apriori-Algorithm_generateDatabse.py_cleaned.png,1,1,0.4083210229873657,0.5916789770126343
validation,123_v2_3_content_victornguyen75_x-factor_source.py_cleaned.png,1,1,0.4212692975997925,0.5787307024002075
validation,123_v2_44_content_IQbrod_Hierarchical-clustering_parthieragglo.py_cleaned.png,1,1,0.4609239101409912,0.5390760898590088
validation,123_v2_4_content_JosephFWright_Prims_Algorithm_Kruskals.py_cleaned.png,1,0,0.638671875,0.361328125
validation,124_v2_23_content_kmetallic04_fringe_config.py_cleaned.png,1,1,0.44776326417922974,0.5522367358207703
validation,124_v2_40_content_alttch_pyaltt_test.py_cleaned.png,1,1,0.4597674608230591,0.5402325391769409
validation,124_v2_46_content_loulai_InformationRetrieval_information_retrieval.py_cleaned.png,1,1,0.39831286668777466,0.6016871333122253
validation,124_v2_62_content_taabishm2_Proactive-FDH-RSA-Signature_fileOp.py_cleaned.png,1,0,0.5141675770282745,0.48583242297172546
validation,126_v2_2_content_siddhesh10_Quicksort-and-Randomized-Quick-Sort_randomized_quicksort.py_cleaned.png,1,0,0.5187892019748688,0.4812107980251312
validation,126_v2_60_content_fabaloc_PCA_RollingPCAonCDS.py_cleaned.png,1,1,0.425581157207489,0.574418842792511
validation,127_v2_33_content_prabhatpal77_Complete-core-python-_dictcomp.py_cleaned.png,1,0,0.5695179998874664,0.43048200011253357
validation,127_v2_4_content_fcunhaneto_py-binary-trees-draw_node.py_cleaned.png,1,1,0.4088437557220459,0.5911562442779541
validation,128_v2_3_content_dlohith_text-similarity_run.py_cleaned.png,1,1,0.4268839955329895,0.5731160044670105
validation,129_v2_31_content_alonek1_huffman_compression_algorithm_haffmen.py_cleaned.png,1,1,0.4944600462913513,0.5055399537086487
validation,129_v2_66_content_Talon-Zhang_Naive-Bayes_reader.py_cleaned.png,1,0,0.5244472324848175,0.4755527675151825
validation,130_v2_20_content_anowarh2514_Linear-Search-Algorithm-in-Python_linear_search.py_cleaned.png,1,0,0.5109362304210663,0.4890637695789337
validation,130_v2_54_content_wilrnh_oneoffs_file2mail.py_cleaned.png,1,1,0.44673192501068115,0.5532680749893188
validation,130_v2_61_content_GauravRoy48_Polynomial-Regression_plr_GR.py_cleaned.png,1,0,0.5197698473930359,0.4802301526069641
validation,131_v2_4_content_mtnyrgn_Bellman-Ford-Algorithm-with-Python_bellman-ford.py_cleaned.png,1,0,0.5582396984100342,0.4417603015899658
validation,131_v2_61_content_piyush-taneja_Salary-Predictor_Random_Forest_Regression.py_cleaned.png,1,0,0.5244052410125732,0.47559475898742676
validation,132_v2_4_content_HamzaMhirsi_Chat-Server-Client-Python-AES-SHA_server.py_cleaned.png,1,1,0.46831804513931274,0.5316819548606873
validation,132_v2_5_content_AdamJacoby_Hopf_Example_GeneralizedDihedralGroup.py_cleaned.png,1,1,0.48012036085128784,0.5198796391487122
validation,133_v2_3_content_iykadev_pyalgo_insertionSort.py_cleaned.png,1,0,0.5920305550098419,0.4079694449901581
validation,134_v2_27_content_ashwinvis98_Particle-Swarm-Optimization-for-Robotic-Search-Applications_ultrasonic_test.py_cleaned.png,1,1,0.4971647262573242,0.5028352737426758
validation,134_v2_4_content_rcornacchia_bellman-ford_testserver.py_cleaned.png,1,0,0.5794980823993683,0.4205019176006317
validation,135_v2_63_content_avitabayan_Machine-learning_simple_linear_regression.py_cleaned.png,1,1,0.4539504051208496,0.5460495948791504
validation,135_v2_7_content_work-nchc_PCAMN_treetop.py_cleaned.png,1,1,0.4399107098579407,0.5600892901420593
validation,136_v2_4_content_gionanide_Cryptography_manipulate_CRC_computations.py_cleaned.png,1,0,0.6430377066135406,0.35696229338645935
validation,136_v2_63_content_avitabayan_Machine-learning_svr.py_cleaned.png,1,0,0.5125793814659119,0.48742061853408813
validation,137_v2_33_content_chafiknaceri_Credit-Card-Debt_DebtLeft.py_cleaned.png,1,1,0.4875839352607727,0.5124160647392273
validation,137_v2_34_content_csabasidor_RUZ_ARIMA-_pg_ruz_conn_1.py_cleaned.png,1,0,0.5303897857666016,0.46961021423339844
validation,137_v2_5_content_ongyongzheng_cass_utils.py_cleaned.png,1,0,0.5541272163391113,0.44587278366088867
validation,138_v2_33_content_chafiknaceri_Credit-Card-Debt_LinearPayement.py_cleaned.png,1,0,0.5067286789417267,0.4932713210582733
validation,138_v2_3_content_deniselucey_Python_Recursive_Definitions_factorial.py_cleaned.png,1,0,0.6134694516658783,0.3865305483341217
validation,138_v2_6_content_muhammadhabibi_CBS01_NaiveBayesNLTK.py_cleaned.png,1,0,0.6030612289905548,0.3969387710094452
validation,139_v2_6_content_metintorunoglu_Polynomial-Linear-Regression_4_Polynomial_Regression.py_cleaned.png,1,0,0.5169951915740967,0.4830048084259033
validation,140_v2_68_content_Starfunk_k-means-clustering_k-means-clustering.py_cleaned.png,1,0,0.5079504549503326,0.49204954504966736
validation,143_v2_6_content_gionanide_Cryptography_manipulate_CRC_computations.py_cleaned.png,1,0,0.5656521022319794,0.43434789776802063
validation,143_v2_70_content_metr0jw_video-liveness-measurement_video_cut_bts.py_cleaned.png,1,0,0.5030227601528168,0.4969772398471832
validation,143_v2_7_content_yashkant_pnas-binary-nets_train.py_cleaned.png,1,1,0.41064512729644775,0.5893548727035522
validation,144_v2_3_content_iykadev_pyalgo_VertexGraph.py_cleaned.png,1,1,0.303102970123291,0.696897029876709
validation,145_v2_6_content_Utkagr_NLPrel_all_nltk.py_cleaned.png,1,1,0.464036762714386,0.535963237285614
validation,146_v2_8_content_16chuang_CS161_Project_LCStest.py_cleaned.png,1,0,0.6061880886554718,0.3938119113445282
validation,146_v2_8_content_brendanleeper_graph-algorithms_disjoint_sets.py_cleaned.png,1,1,0.421131432056427,0.578868567943573
validation,147_v2_99_content_MatheusMuriel_ProgramacaoDinamica_Memoria.py_cleaned.png,1,1,0.45579952001571655,0.5442004799842834
validation,148_v2_7_content_luluforever_segword-and-TF-IDF_get_50_tf-idf.py_cleaned.png,1,1,0.39752495288848877,0.6024750471115112
validation,150_v2_9_content_krj9cr_Hybrid-Prim-Dijkstra-GUI_Node.py_cleaned.png,1,0,0.5478802621364594,0.45211973786354065
validation,217_v2_22_content_Gabrielsv01_Scraping_Cliente.py_cleaned.png,1,1,0.45057499408721924,0.5494250059127808
validation,230_v2_35_content_anoop123gupta_web_scraping_task10.py_cleaned.png,1,1,0.43977808952331543,0.5602219104766846
validation,36_v2_11_content_harishchellappa_Time-Series-Analysis-Bike-Sharing-Demand-Forecasting_forecasting_passes.py_cleaned.png,1,0,0.5688264667987823,0.43117353320121765
validation,47_v2_9_content_Soumyabrata_predicting-pwv_benchmarking.py_cleaned.png,1,0,0.5054056942462921,0.4945943057537079
validation,48_v2_9_content_Soumyabrata_predicting-pwv_grid_search.py_cleaned.png,1,0,0.5564733147621155,0.4435266852378845
validation,49_v2_2_content_Rohit967_Outlier-Analysis-With-Python_OutlierAnalysis.py_cleaned.png,1,1,0.4775482416152954,0.5224517583847046
validation,99_v2_10_content_SamAllegretto_NaiveBayes_bayes__3_.py_cleaned.png,1,1,0.44146329164505005,0.55853670835495
