set,file,true,pred,prob_Human-written,prob_V3
test,10_content_jhreinholdt_fibonacci-sequence_fibonacci_sequence.py.png,0,0,0.9937305194325745,0.006269480567425489
test,10_content_ko-hii_EASY-Elliptic-curve-cryptography_rho.py.png,0,0,0.9181942492723465,0.0818057507276535
test,10_content_mahimagupta_NLP-Research-Project-_supervisedLearner.py.png,0,0,0.6404041349887848,0.3595958650112152
test,10_content_marcindahlen_ARIMAplus_arimaplus_neurony.py.png,0,0,0.8951907083392143,0.10480929166078568
test,10_content_shehand_Game_Graphics_using_Binary_Search_Tree_calc.py.png,0,0,0.6566953659057617,0.3433046340942383
test,10_content_stensonowen_factorial_bot_atoi.py.png,0,0,0.92252317070961,0.07747682929039001
test,10_content_sumanthsunny35_RHM-assignment_LCS.py.png,0,0,0.9570039361715317,0.04299606382846832
test,10_content_taneesh28_Linear-search_linear_search.py.png,0,0,0.9873736007139087,0.012626399286091328
test,11_content_NikitaGautam_FYP-Automatic-Word-Search-Puzzle-Solver_FYPPuzzle.py.png,0,0,0.9219832643866539,0.0780167356133461
test,11_content_SharifAmit_HuffmanCoding_encoder.py.png,0,0,0.9825865179300308,0.017413482069969177
test,11_content_XlogicX_Fibonacci_fib.py.png,0,0,0.9042771682143211,0.09572283178567886
test,11_content_ayushkumarshah_Dynamic-Programming-MCM-and-LCS_matmul.py.png,0,0,0.9378384575247765,0.06216154247522354
test,11_content_harishchellappa_Time-Series-Analysis-Bike-Sharing-Demand-Forecasting_forecasting_2.py.png,0,0,0.9917578669264913,0.00824213307350874
test,11_content_kirokuan_Idf-tf-DocCompare_PorterStemmer.py.png,0,1,0.25215572118759155,0.7478442788124084
test,11_content_kirokuan_Idf-tf-DocCompare_hwTest.py.png,0,0,0.7349879145622253,0.26501208543777466
test,11_content_lanaelsanyoura_BubbleSort_object_graphics.py.png,0,0,0.9225854054093361,0.07741459459066391
test,11_content_sichen-x_search-engine_search.py.png,0,0,0.9920990020036697,0.007900997996330261
test,11_content_ssghule_Naive-Bayes-and-Bag-of-Words-for-Text-Classification-Problem_geolocate.py.png,0,0,0.8230938166379929,0.17690618336200714
test,12_content_Subhamacademia_Efficient-way-to-Check-the-Divisibility-of-a-Number-by-Three_ex0.py.png,0,0,0.9194338470697403,0.0805661529302597
test,12_content_byu014_all-pairs-shortest-path_allPairsShortestPath.py.png,0,0,0.9972414488438517,0.0027585511561483145
test,13_content_isabellavieira57_dijkstra-fractionalKnapsack-polynomialMultiplication_question2a.py.png,0,0,0.8284279108047485,0.17157208919525146
test,13_content_monicanto101_all-pairs-shortest-path_allPairsShortestPath.py.png,0,0,0.9920832458883524,0.007916754111647606
test,13_content_trsavi_Largest-Common-Sequence_subSequence.py.png,0,0,0.9307230859994888,0.06927691400051117
test,14_content_Dawlatly_Recommender-system_manage.py.png,0,0,0.6262246072292328,0.3737753927707672
test,14_content_akozlu_Uninformed-Search-_lights_out_gui.py.png,0,0,0.6532377898693085,0.34676221013069153
test,14_content_gravelund-gis_MapSorter_KMeans_analysis.py.png,0,0,0.9944409406743944,0.005559059325605631
test,14_content_harrydurbin_temperature-monitoring_temperature.py.png,0,0,0.9445454478263855,0.0554545521736145
test,14_content_willow617_AE2-Nets_test_hand.py.png,0,0,0.9967117065098137,0.0032882934901863337
test,15_content_VakinduPhilliam_Pattern_Matching_Python_Difflib_Pattern_Matching_Differ___.py.png,0,0,0.9508178941905499,0.04918210580945015
test,15_content_ben-mackenzie_mst-kruskal_kruskal.py.png,0,0,0.9908554190769792,0.00914458092302084
test,15_content_sharonWU0505_Hierarchical-Clustering-of-Facebook-Fan-Pages_Preprocess_tf.py.png,0,0,0.9764683581888676,0.02353164181113243
test,16_content_0v3rW4tch_Cryptography-course-design_DES_destruct.py.png,0,0,0.7366512417793274,0.2633487582206726
test,16_content_Murali91_Algorithms---Python_Dijkstra.py.png,0,0,0.650616466999054,0.34938353300094604
test,16_content_SemyonMakhaev_elliptic-curve_main.py.png,0,1,0.16075849533081055,0.8392415046691895
test,16_content_apriven_linked_lists_scratch.py.png,0,1,0.2635077238082886,0.7364922761917114
test,16_content_drdeford_KruskalFlows_networkflows2.py.png,0,0,0.985166440717876,0.014833559282124043
test,16_content_hungapp_big_o_01-29-HW.py.png,0,0,0.9920423422008753,0.007957657799124718
test,16_content_sanjay3001_Search-in-python_linear_search.py.png,0,0,0.956397820264101,0.04360217973589897
test,17_content_achusat_Elliptic_Curve_Cryptography_ecc.py.png,0,0,0.8800241202116013,0.11997587978839874
test,17_content_kwikadi_BFS-v-DFS_bfs.py.png,0,0,0.797051265835762,0.20294873416423798
test,17_content_pevandenburie_micropython-aes-ccm_Utils.py.png,0,1,0.3017861247062683,0.6982138752937317
test,17_content_skvorekn_arima_model.py.png,0,0,0.9538071751594543,0.046192824840545654
test,18_content_jiangfeng1124_digital-dendrimer_genenerate.py.png,0,0,0.977672690525651,0.022327309474349022
test,18_content_ronak-07_Agglomerative-Hierarchical-Clustering_Preprocess.py.png,0,0,0.9522504359483719,0.04774956405162811
test,19_content_AntoineMontaut_Predictive_Modeling_random_forest.py.png,0,1,0.44798797369003296,0.552012026309967
test,19_content_Gorresio_easyAES256_easyAES256.py.png,0,0,0.9751810524612665,0.024818947538733482
test,19_content_mmcetindag_ShortestPathAlgorithms_bellman-ford.py.png,0,0,0.8318381756544113,0.16816182434558868
test,1_content_Chunning-Zhou_MILPBasedSearchAlgorithmDiff_function.py.png,0,1,0.12786221504211426,0.8721377849578857
test,1_content_abx67_Algorithms_mergesort.py.png,0,0,0.9444633945822716,0.055536605417728424
test,1_content_akhilesh1311_MazeSolver_hard_maze.py.png,0,0,0.8490291833877563,0.15097081661224365
test,1_content_aviralmathur_Word2Vec_Word2Vec_AverageVectors.py.png,0,1,0.09443032741546631,0.9055696725845337
test,1_content_batuhantopalogluu_AES-encryption-and-decryption-algorithm-Python_AES.py.png,0,0,0.8651013672351837,0.13489863276481628
test,1_content_bhrigu123_huffman-coding_huffman.py.png,0,0,0.9778707306832075,0.022129269316792488
test,1_content_chonhenry_binary-search-tree_binary_search_tree.py.png,0,1,0.35857027769088745,0.6414297223091125
test,1_content_dedeco_dijkstra-bellman-ford_teste_lobo_djt.py.png,0,0,0.9887898210436106,0.011210178956389427
test,1_content_griffbr_BubbleNets_bubblenets_select_frame.py.png,0,0,0.8111992031335831,0.18880079686641693
test,1_content_hipster-philology_pyrrha_config.py.png,0,0,0.5803608298301697,0.4196391701698303
test,1_content_jiteshjha_Frequent-item-set-mining_apriori_mpi.py.png,0,0,0.9856080347672105,0.014391965232789516
test,1_content_josgard94_JPEG_generador_huffman_code.py.png,0,0,0.8674901127815247,0.13250988721847534
test,1_content_suyash248_plagiarism_detection_app.py.png,0,0,0.6368719935417175,0.36312800645828247
test,20_content_Govind9_BubbleSortAnalysis_Sorting.py.png,0,0,0.9983142173150554,0.00168578268494457
test,20_content_UAvinash7_Cryptography_DigitalSignature.py.png,0,0,0.984819071367383,0.015180928632616997
test,20_content_anowarh2514_Linear-Search-Algorithm-in-Python_linear_search.py.png,0,0,0.9456786774098873,0.054321322590112686
test,20_content_kristianespina_python-binary-search-tree_binary_search_tree.py.png,0,0,0.5495451390743256,0.45045486092567444
test,20_content_maganoegi_huffman_decompressor_decomp_PLATONOV_MPACKO.py.png,0,0,0.9069337248802185,0.0930662751197815
test,21_content_abhishekmsharma_ai-knn-kmeans-crawler-python_job_search_environment.py.png,0,0,0.9127796217799187,0.08722037822008133
test,21_content_shunge_KNN-NBA-Draft-Prediction_knn-nba.py.png,0,0,0.9014142155647278,0.09858578443527222
test,21_content_sybernix_Insertion-Sort-Algorithm-and-Performance-Analysis_test_file.py.png,0,0,0.9457986913621426,0.05420130863785744
test,22_content_Phillyclause89_ANIMAL_Quiz_ANIMAL.py.png,0,0,0.9741393271833658,0.025860672816634178
test,22_content_SivaRanjan17_AES-Multi-Client-Chat-System_server.py.png,0,0,0.5740405917167664,0.42595940828323364
test,22_content_nuzhamusyafira_des-rsa_Server.py.png,0,0,0.9973215314093977,0.0026784685906022787
test,23_content_binaya07_8-puzzle_stack.py.png,0,0,0.9822667576372623,0.017733242362737656
test,23_content_clydedacruz_worddoc-indexer-py_create_index.py.png,0,0,0.9544861763715744,0.0455138236284256
test,23_content_michailx_arima_example_arima_predictor.py.png,0,0,0.9959300691261888,0.004069930873811245
test,23_content_thugsatbay_CS-Algorithms_Sorting_Comparison_Ass2-1SolnCustomInput.py.png,0,0,0.702263206243515,0.297736793756485
test,24_content_lesdev_SortingMethods_BubbleSort.py.png,0,0,0.9188852086663246,0.08111479133367538
test,25_content_Cytla24_LinkedLists_print_append_insert_delete.py.png,0,1,0.035104572772979736,0.9648954272270203
test,25_content_MarcLindenbach_2d-grouping_k_cluster.py.png,0,0,0.8845375925302505,0.11546240746974945
test,25_content_aajanki_finnish-pos-accuracy_download_models.py.png,0,0,0.9885218357667327,0.011478164233267307
test,26_content_Emersonxuelinux_One_Big_Archive_Listing_10-1.py.png,0,0,0.5110769271850586,0.4889230728149414
test,26_content_alex-code4okc_LinkedList_linkedlist.py.png,0,0,0.864894449710846,0.13510555028915405
test,26_content_bahadircolak44_EllipticCurve_EllipticCurve.py.png,0,0,0.8552207499742508,0.1447792500257492
test,27_content_SethEggerRocks_WakingMoments_wakingWidgets.py.png,0,1,0.4885462522506714,0.5114537477493286
test,27_content_ashwinvis98_Particle-Swarm-Optimization-for-Robotic-Search-Applications_aruco_detect.py.png,0,0,0.9851969741284847,0.014803025871515274
test,27_content_ashwinvis98_Particle-Swarm-Optimization-for-Robotic-Search-Applications_ultrasonic_test.py.png,0,0,0.9515335932374,0.048466406762599945
test,28_content_IPDT_car_review_k-means_clustering_word_freq.py.png,0,0,0.9433677196502686,0.056632280349731445
test,28_content_Mansy_HuffmanCode_Huffman.py.png,0,0,0.9162644445896149,0.08373555541038513
test,28_content_pranav94_Self-balancing-BST_AVL.py.png,0,1,0.25064897537231445,0.7493510246276855
test,28_content_surgoku_sentiment_analysis_knn_submission.py.png,0,0,0.9240299612283707,0.07597003877162933
test,28_content_tomsiwek_gprMax-Designer_materials.py.png,0,1,0.11407637596130371,0.8859236240386963
test,29_content_MeriBalasanyan_Circular_Linked_List_circular_linked_list.py.png,0,1,0.10955977439880371,0.8904402256011963
test,29_content_fwoodruff_ECDH_TypeConversion.py.png,0,0,0.5715566575527191,0.4284433424472809
test,29_content_rahuljohnny_Bangla_OCR_Using_KNN_class_contour.py.png,0,0,0.7911714017391205,0.20882859826087952
test,2_content_Ap1402_floydWarshall_floyd.py.png,0,0,0.9149218499660492,0.0850781500339508
test,2_content_Lok-lok_TestLinkedList_LinkedList.py.png,0,0,0.9926621909253299,0.007337809074670076
test,2_content_Shanmukha-Y_SIngle-Exponential-Smoothing-_predict.py.png,0,0,0.9937279964797199,0.006272003520280123
test,2_content_WenjieLuo2333_ModuleDesign_Alert_module.py.png,0,1,0.2885510325431824,0.7114489674568176
test,2_content_ZatinMe_Python-Search-engine_buildindex.py.png,0,1,0.2102915644645691,0.7897084355354309
test,2_content_carlosguadir_kruskal_Puertos.py.png,0,0,0.9977435369510204,0.00225646304897964
test,2_content_evinw_bubble_sort_bub.py.png,0,0,0.9661916941404343,0.033808305859565735
test,2_content_johndoe31415_toyecc_StopWatch.py.png,0,0,0.5801677703857422,0.4198322296142578
test,2_content_johnrobyclayton_division-project_plot.py.png,0,0,0.9758464358747005,0.024153564125299454
test,2_content_neonb88_knn_knn_machine_learning_hw1.py.png,0,0,0.7156257033348083,0.28437429666519165
test,2_content_nrohani_AssosiationRules_TransactionEncoder.py.png,0,0,0.9308876693248749,0.06911233067512512
test,2_content_swapnilg915_cosine_similarity_using_embeddings_tfidf_similarity.py.png,0,1,0.2829914689064026,0.7170085310935974
test,30_content_Aishwarya1401_Diabetic-Retinopathy-Project-Deep-Learning-_KNN_RawImage.py.png,0,0,0.9971601150464267,0.002839884953573346
test,32_content_BhaveshMotwani_Hierarchical_Document_Clustering_hac.py.png,0,0,0.9992567519657314,0.0007432480342686176
test,33_content_apoorvpatne10_Hierarchical-clustering_hc.py.png,0,0,0.9947795397602022,0.005220460239797831
test,33_content_chafiknaceri_Credit-Card-Debt_DebtLeft.py.png,0,0,0.9724146723747253,0.027585327625274658
test,33_content_nikhil-paramane_-Diffie-Hellman-key-Exchange-Algorithm_dh.py.png,0,0,0.7014273703098297,0.2985726296901703
test,35_content_fireclawthefox_DirectGuiDesigner_main.py.png,0,0,0.9524161666631699,0.04758383333683014
test,36_content_aholyoke_bfs_vs_dfs_bfs.py.png,0,0,0.7271033525466919,0.2728966474533081
test,36_content_happycupofjava_Machine-Learning--Stock-Market-Prediction-using-ARIMA-Model_final_under_work.py.png,0,0,0.8471567332744598,0.15284326672554016
test,38_content_citigoad_Appengine_factorial_factorial.py.png,0,0,0.8950293138623238,0.10497068613767624
test,39_content_falay_HuffmanCoding_decoder.py.png,0,1,0.30645596981048584,0.6935440301895142
test,39_content_mirajp_tweet_sentiments_baseline.py.png,0,0,0.9597009867429733,0.04029901325702667
test,3_content_Avinash793_FPGrowth-and-Apriori-algorithm-Association-Rule-Data-Mining_Apriori-algorithm-using-HashTree.py.png,0,0,0.9732086695730686,0.02679133042693138
test,3_content_JennaBellassai_phrase-similarity_similarity_score.py.png,0,1,0.10650986433029175,0.8934901356697083
test,3_content_abdulqadirs_distance-vector-routing-protocol_update.py.png,0,0,0.9930347437039018,0.006965256296098232
test,3_content_manishjathan_Money-laundering-Detection-System_GraphAnalysis.py.png,0,1,0.35387009382247925,0.6461299061775208
test,3_content_naiveHobo_TextRank_preprocessing.py.png,0,1,0.0566709041595459,0.9433290958404541
test,3_content_root676_QNEAT3___init__.py.png,0,0,0.9951429860666394,0.004857013933360577
test,3_content_srimani-programmer_AES-Cryptographic-Tool_Script.py.png,0,0,0.7260057926177979,0.27399420738220215
test,3_content_tgoodwin_bellman-ford_bfclient.py.png,0,0,0.9897500872612,0.010249912738800049
test,3_content_vellankikoti_linear_binary_linear_binary.py.png,0,0,0.9477003552019596,0.05229964479804039
test,40_content_WuStardust_KNN-for-iris_iris.py.png,0,1,0.09604066610336304,0.903959333896637
test,40_content_ajh1143_BinarySearchTreePractice_BST.py.png,0,1,0.39486366510391235,0.6051363348960876
test,42_content_isneace_Binary-Search-Algorithm_Lab2.py.png,0,0,0.9832179173827171,0.016782082617282867
test,44_content_Ian-OBrien-503_sort_analysis_selection_sort.py.png,0,0,0.9326709732413292,0.0673290267586708
test,44_content_eastxe_cosine-knn_knn.py.png,0,0,0.8198665678501129,0.18013343214988708
test,45_content_vdanny_bst-python_binary_search_tree.py.png,0,0,0.6401843726634979,0.3598156273365021
test,46_content_arun-p12_sort-algorithms_counting_sort.py.png,0,0,0.9925531847402453,0.007446815259754658
test,46_content_skropf_fib-drawer_test-animation.py.png,0,1,0.23253613710403442,0.7674638628959656
test,46_content_whoif_Cost-Sensitive-KNN_plotHelper.py.png,0,0,0.9842137563973665,0.015786243602633476
test,48_content_harishchellappa_Time-Series-Analysis-Bike-Sharing-Demand-Forecasting_forecasting_2.py.png,0,0,0.9917578669264913,0.00824213307350874
test,48_content_prateek22sri_Image-orientation-detector_AdaBoost.py.png,0,0,0.9785079788416624,0.021492021158337593
test,4_content_JakubVojvoda_elliptic-curve-brute-force_decipher.py.png,0,0,0.9337827861309052,0.06621721386909485
test,4_content_Khante_Distance-Vector-Algorithm_simulation_2.py.png,0,0,0.7944847941398621,0.20551520586013794
test,4_content_ktrujillo52_Bitcoin-price-forecast_bitcoin_clustering.py.png,0,0,0.9585738889873028,0.04142611101269722
test,4_content_nikhilrampal15_real_estate_advisor_knn_kmeans_kmeans.py.png,0,0,0.9671511612832546,0.03284883871674538
test,4_content_rcornacchia_bellman-ford_bfclient.py.png,0,0,0.9873040616512299,0.012695938348770142
test,4_content_rohinigopalqxf2_Factorial-Calculator-Practice_04_Calculation.py.png,0,0,0.9880908485502005,0.011909151449799538
test,4_content_shubhamjha97_association-rule-mining-apriori_timing_wrapper.py.png,0,0,0.6916536688804626,0.30834633111953735
test,50_content_shre007_Implementation-and-comparison-of-sorting-algorithms_quick.py.png,0,0,0.8530245423316956,0.14697545766830444
test,51_content_rrraharja_Kecerdasan-Buatan-AI_Project_DFS.py.png,0,0,0.9309070259332657,0.06909297406673431
test,52_content_PhaniBalagam27_Big-data-Analytics-on-dallas-police-incidents-dataset_Q5_code.py.png,0,0,0.9959960877895355,0.0040039122104644775
test,53_content_KaiFly_Xemina2_DijkstraSP_GraphDrawing.py.png,0,0,0.5515901744365692,0.4484098255634308
test,53_content_ding-si-han_Flight-Length-BFS_graph.py.png,0,0,0.9923675581812859,0.007632441818714142
test,53_content_faisalkhan91_Sort-Comparison_Sort_Comparison.py.png,0,0,0.9061872139573097,0.09381278604269028
test,54_content_gly11_Sort_sort_numbers.py.png,0,0,0.9570032879710197,0.042996712028980255
test,54_content_wilrnh_oneoffs_file2mail.py.png,0,0,0.9890104569494724,0.010989543050527573
test,55_content_taksug229_Python-hierarchical-clustering_Working_Data_Hierarchical_Clustering.py.png,0,0,0.9942777920514345,0.005722207948565483
test,56_content_lijionline_Big-Data---Hands-On_movie-similarities-1m.py.png,0,0,0.734695702791214,0.265304297208786
test,59_content_nicolaschen1_SortingAlgorithms_sortingAlgorithms.py.png,0,1,0.43501001596450806,0.5649899840354919
test,59_content_orzinger_8-Puzzle-game_World_State.py.png,0,1,0.2630079984664917,0.7369920015335083
test,5_content_AdamJacoby_Hopf_Algebra_Tools.py.png,0,1,0.4267892837524414,0.5732107162475586
test,5_content_AdamJacoby_Hopf_ElementClass.py.png,0,0,0.6896010339260101,0.31039896607398987
test,5_content_GregLahaye_wikipedia-game_game.py.png,0,0,0.9929925394244492,0.007007460575550795
test,5_content_LuttaKing_AES-style-Encryptor-Decryptor_encryptorGUI.py.png,0,0,0.9453551582992077,0.05464484170079231
test,5_content_brown9804_Python_DiversosAlgortimos_CalculoParametrosBalonClimatico.py.png,0,0,0.7317243218421936,0.2682756781578064
test,5_content_brown9804_Python_DiversosAlgortimos_VerificaFechaValidaCalendario.py.png,0,0,0.7365913689136505,0.2634086310863495
test,5_content_kheguy_bubbleSort_bubbleSort.py.png,0,0,0.9665287919342518,0.033471208065748215
test,5_content_ongyongzheng_cass_utils.py.png,0,0,0.9268112033605576,0.07318879663944244
test,61_content_gpwood_fibonacciOfOrderN_fib.py.png,0,0,0.936702311038971,0.06329768896102905
test,62_content_arenart90_fsm-python_fsm.py.png,0,0,0.9867076892405748,0.013292310759425163
test,66_content_KarlaFlorentino_Dijkstra_dijkstra.py.png,0,0,0.8815444335341454,0.11845556646585464
test,66_content_Mary268_K-Means-Clustering_k_means_clustering.py.png,0,0,0.7653922140598297,0.2346077859401703
test,66_content_abouchan01_Merge-Bubble-Sort-con-_interfazGrafica.py.png,0,0,0.976226607337594,0.023773392662405968
test,67_content_TadayoshiCarvajal_Sorting-in-Python_sortingAlgorithms.py.png,0,0,0.5683217644691467,0.43167823553085327
test,68_content_pierobeat_Beginner-bubble-sort-py_bubble_sort.py.png,0,0,0.9233222082257271,0.07667779177427292
test,6_content_1siddhi7_Floyd-Warshall_fw.py.png,0,0,0.996457057306543,0.0035429426934570074
test,6_content_HaoLyu_Association-rule-learning_FP_Tree.py.png,0,0,0.8350390940904617,0.16496090590953827
test,6_content_cooperlab_KNN_Survival_DataManagement.py.png,0,0,0.917299747467041,0.08270025253295898
test,6_content_gionanide_Cryptography_ECC_DH_key_exchange.py.png,0,0,0.8952254429459572,0.10477455705404282
test,6_content_mmcetindag_ShortestPathAlgorithms_bellman-ford.py.png,0,0,0.8318381756544113,0.16816182434558868
test,6_content_morekeysjr_TechHubZambia_Project.py.png,0,0,0.8458586931228638,0.15414130687713623
test,75_content_acoollevel_desktop-clock_clock.py.png,0,0,0.9855565465986729,0.014443453401327133
test,78_content_CalebABG_PyLSecureP2P_p2putils.py.png,0,1,0.4561004042625427,0.5438995957374573
test,7_content_AastroLePetitRobot_Huffman-Coding_Huffman.py.png,0,0,0.9644239842891693,0.03557601571083069
test,7_content_GauthamBT_Bellman-Ford-Algorithm_GraphMainProgram.py.png,0,0,0.997878281865269,0.0021217181347310543
test,7_content_adwarner_Diffie-Hellman_Division_Algo.py.png,0,0,0.9991256765206344,0.0008743234793655574
test,7_content_aira26_HomeWork3_bubblesortclass.py.png,0,0,0.9231818243861198,0.07681817561388016
test,7_content_git-remove_CBC-and-CTR-Decipher_decipher.py.png,0,0,0.7077777683734894,0.2922222316265106
test,7_content_jakobpederson_divisible_pair_sums_divisible_pair_sums.py.png,0,0,0.8961226046085358,0.10387739539146423
test,7_content_kristianespina_python-binary-search-tree_binary_search_tree.py.png,0,0,0.5495451390743256,0.45045486092567444
test,7_content_tsingh94_Bellman-Ford-and-Floyd-Warshall-Algorithms_Shortestdistance_graph_algos.py.png,0,0,0.9636569246649742,0.03634307533502579
test,84_content_khushhallchandra_EE677-VLSI-CAD_REQUIRED_READING_DAG_aat_dynprog_lec_9_ee677_2016_Mon_22ndAug2016.py.png,0,0,0.830682560801506,0.16931743919849396
test,84_content_vineetred_aesDES_test.py.png,0,0,0.936934694647789,0.063065305352211
test,85_content_Dimildizio_pyqt_traincars_sort_cars_coal.py.png,0,0,0.9145027473568916,0.08549725264310837
test,85_content_leandrocamara_map-reduce-words-higher-occurrence_words-higher-occurrence.py.png,0,0,0.9938981216400862,0.006101878359913826
test,88_content_andreaestrada_mazecrawler_singlePowerup.py.png,0,0,0.9510351493954659,0.04896485060453415
test,8_content_LockGit_Py_svm.py.png,0,1,0.19481498003005981,0.8051850199699402
test,8_content_abhishekmsharma_knn-python-artificial-intelligence_abhishek_sharma_knn_environment.py.png,0,0,0.9529012963175774,0.04709870368242264
test,8_content_harshithachidanand_Elliptic-Curve-Cryptography_Shanks_algo.py.png,0,0,0.9914786070585251,0.008521392941474915
test,8_content_jasminegrewal_Naive-Bayes-KNN-Logistic-Regression_3b_knn.py.png,0,0,0.8849854171276093,0.11501458287239075
test,8_content_jcwyatt_factorial_factorial.py.png,0,0,0.9977619575802237,0.0022380424197763205
test,8_content_rianlian7_FibonacciSequence-Python-Tk_Fibonacci_Sequence.py.png,0,0,0.9873272003605962,0.01267279963940382
test,93_content_malaybhattacharyya_DFSLab_quicksort.py.png,0,0,0.9539352022111416,0.046064797788858414
test,96_content_jtwaugh_gap-statistic_gap.py.png,0,1,0.19299525022506714,0.8070047497749329
test,97_content_mjurk456_mini-snakes_flowers.py.png,0,0,0.7028020620346069,0.29719793796539307
test,97_content_mjurk456_mini-snakes_love_calculator.py.png,0,0,0.7047317922115326,0.2952682077884674
test,98_content_Eddward27_Blocks-World_busqueda.py.png,0,0,0.8217596113681793,0.17824038863182068
test,9_content_Boros93_GraphProject_test_prim.py.png,0,0,0.9860429717227817,0.013957028277218342
test,9_content_HarshaliWagh_Data-Mining_Apriori.py.png,0,0,0.9899989617988467,0.010001038201153278
test,9_content_Technofreakcritic_MQTT-AES-Compression_pub_aes.py.png,0,0,0.9358748272061348,0.0641251727938652
test,9_content_emmanuj_mst-solver_edge.py.png,0,0,0.9995891951548401,0.00041080484515987337
test,9_content_emmanuj_mst-solver_node.py.png,0,0,0.9996822795656044,0.0003177204343955964
test,9_content_emmanuj_mst-solver_treeset.py.png,0,0,0.9843205958604813,0.015679404139518738
test,9_content_fritzwill_apriori-algorithm_apriori.py.png,0,0,0.9560088589787483,0.04399114102125168
test,9_content_mgarasz_DTW-Cryptocurrencies_crypto_scrape_helper.py.png,0,0,0.9988282365957275,0.0011717634042724967
test,9_content_rach24_MS-Apriori_MS-Apriori.py.png,0,0,0.8362091928720474,0.16379080712795258
test,v3_10_content_jhreinholdt_fibonacci-sequence_fibonacci_sequence.py.png,1,1,0.01503002643585205,0.984969973564148
test,v3_10_content_ko-hii_EASY-Elliptic-curve-cryptography_rho.py.png,1,1,0.07178431749343872,0.9282156825065613
test,v3_10_content_mahimagupta_NLP-Research-Project-_supervisedLearner.py.png,1,1,0.020843982696533203,0.9791560173034668
test,v3_10_content_marcindahlen_ARIMAplus_arimaplus_neurony.py.png,1,0,0.7957013249397278,0.20429867506027222
test,v3_10_content_shehand_Game_Graphics_using_Binary_Search_Tree_calc.py.png,1,1,0.0366024374961853,0.9633975625038147
test,v3_10_content_stensonowen_factorial_bot_atoi.py.png,1,1,0.01682502031326294,0.9831749796867371
test,v3_10_content_taneesh28_Linear-search_linear_search.py.png,1,1,0.12427079677581787,0.8757292032241821
test,v3_11_content_NikitaGautam_FYP-Automatic-Word-Search-Puzzle-Solver_FYPPuzzle.py.png,1,0,0.6935073435306549,0.3064926564693451
test,v3_11_content_SharifAmit_HuffmanCoding_encoder.py.png,1,1,0.004195809364318848,0.9958041906356812
test,v3_11_content_XlogicX_Fibonacci_fib.py.png,1,1,0.007340610027313232,0.9926593899726868
test,v3_11_content_harishchellappa_Time-Series-Analysis-Bike-Sharing-Demand-Forecasting_forecasting_2.py.png,1,1,0.012411236763000488,0.9875887632369995
test,v3_11_content_kirokuan_Idf-tf-DocCompare_hwTest.py.png,1,1,0.0026844143867492676,0.9973155856132507
test,v3_11_content_lanaelsanyoura_BubbleSort_object_graphics.py.png,1,0,0.7378052771091461,0.2621947228908539
test,v3_11_content_sichen-x_search-engine_search.py.png,1,0,0.5391277968883514,0.46087220311164856
test,v3_11_content_ssghule_Naive-Bayes-and-Bag-of-Words-for-Text-Classification-Problem_geolocate.py.png,1,1,0.4826059341430664,0.5173940658569336
test,v3_12_content_Subhamacademia_Efficient-way-to-Check-the-Divisibility-of-a-Number-by-Three_ex0.py.png,1,1,0.028229355812072754,0.9717706441879272
test,v3_12_content_byu014_all-pairs-shortest-path_allPairsShortestPath.py.png,1,1,0.057097434997558594,0.9429025650024414
test,v3_13_content_isabellavieira57_dijkstra-fractionalKnapsack-polynomialMultiplication_question2a.py.png,1,1,0.020610392093658447,0.9793896079063416
test,v3_13_content_monicanto101_all-pairs-shortest-path_allPairsShortestPath.py.png,1,1,0.26040327548980713,0.7395967245101929
test,v3_14_content_akozlu_Uninformed-Search-_lights_out_gui.py.png,1,0,0.6012685298919678,0.3987314701080322
test,v3_14_content_gravelund-gis_MapSorter_KMeans_analysis.py.png,1,1,0.015487909317016602,0.9845120906829834
test,v3_14_content_harrydurbin_temperature-monitoring_temperature.py.png,1,1,0.10530561208724976,0.8946943879127502
test,v3_14_content_willow617_AE2-Nets_test_hand.py.png,1,1,0.236530601978302,0.763469398021698
test,v3_15_content_ben-mackenzie_mst-kruskal_kruskal.py.png,1,1,0.08499366044998169,0.9150063395500183
test,v3_15_content_sharonWU0505_Hierarchical-Clustering-of-Facebook-Fan-Pages_Preprocess_tf.py.png,1,1,0.008655190467834473,0.9913448095321655
test,v3_16_content_0v3rW4tch_Cryptography-course-design_DES_destruct.py.png,1,1,0.0014436841011047363,0.9985563158988953
test,v3_16_content_Murali91_Algorithms---Python_Dijkstra.py.png,1,1,0.014894366264343262,0.9851056337356567
test,v3_16_content_SemyonMakhaev_elliptic-curve_main.py.png,1,1,0.06170392036437988,0.9382960796356201
test,v3_16_content_apriven_linked_lists_scratch.py.png,1,1,0.3792775273323059,0.6207224726676941
test,v3_16_content_drdeford_KruskalFlows_networkflows2.py.png,1,1,0.12996703386306763,0.8700329661369324
test,v3_16_content_hungapp_big_o_01-29-HW.py.png,1,1,0.17295950651168823,0.8270404934883118
test,v3_16_content_sanjay3001_Search-in-python_linear_search.py.png,1,1,0.004215657711029053,0.995784342288971
test,v3_17_content_achusat_Elliptic_Curve_Cryptography_ecc.py.png,1,1,0.17929089069366455,0.8207091093063354
test,v3_17_content_kwikadi_BFS-v-DFS_bfs.py.png,1,1,0.019836604595184326,0.9801633954048157
test,v3_17_content_skvorekn_arima_model.py.png,1,1,0.038980960845947266,0.9610190391540527
test,v3_18_content_jiangfeng1124_digital-dendrimer_genenerate.py.png,1,1,0.34136468172073364,0.6586353182792664
test,v3_18_content_ronak-07_Agglomerative-Hierarchical-Clustering_Preprocess.py.png,1,1,0.022513747215270996,0.977486252784729
test,v3_19_content_AntoineMontaut_Predictive_Modeling_random_forest.py.png,1,1,0.458098828792572,0.541901171207428
test,v3_19_content_Gorresio_easyAES256_easyAES256.py.png,1,1,0.1522064208984375,0.8477935791015625
test,v3_1_content_Chunning-Zhou_MILPBasedSearchAlgorithmDiff_function.py.png,1,1,0.0022739768028259277,0.9977260231971741
test,v3_1_content_abx67_Algorithms_mergesort.py.png,1,0,0.7016087472438812,0.2983912527561188
test,v3_1_content_akhilesh1311_MazeSolver_hard_maze.py.png,1,0,0.8256960511207581,0.17430394887924194
test,v3_1_content_aviralmathur_Word2Vec_Word2Vec_AverageVectors.py.png,1,1,0.01360410451889038,0.9863958954811096
test,v3_1_content_bhrigu123_huffman-coding_huffman.py.png,1,1,0.06024354696273804,0.939756453037262
test,v3_1_content_chonhenry_binary-search-tree_binary_search_tree.py.png,1,1,0.004546523094177246,0.9954534769058228
test,v3_1_content_dedeco_dijkstra-bellman-ford_teste_lobo_djt.py.png,1,0,0.7293260991573334,0.2706739008426666
test,v3_1_content_griffbr_BubbleNets_bubblenets_select_frame.py.png,1,1,0.03758615255355835,0.9624138474464417
test,v3_1_content_hipster-philology_pyrrha_config.py.png,1,1,0.1362769603729248,0.8637230396270752
test,v3_1_content_jiteshjha_Frequent-item-set-mining_apriori_mpi.py.png,1,1,0.3749433159828186,0.6250566840171814
test,v3_1_content_josgard94_JPEG_generador_huffman_code.py.png,1,1,0.0145530104637146,0.9854469895362854
test,v3_1_content_sadnessFree_arima-lstm_svr.py.png,1,1,0.12282657623291016,0.8771734237670898
test,v3_1_content_suyash248_plagiarism_detection_app.py.png,1,1,0.05411773920059204,0.945882260799408
test,v3_20_content_UAvinash7_Cryptography_DigitalSignature.py.png,1,1,0.012932062149047852,0.9870679378509521
test,v3_20_content_anowarh2514_Linear-Search-Algorithm-in-Python_linear_search.py.png,1,1,0.001151442527770996,0.998848557472229
test,v3_20_content_kristianespina_python-binary-search-tree_binary_search_tree.py.png,1,1,0.030759811401367188,0.9692401885986328
test,v3_20_content_maganoegi_huffman_decompressor_decomp_PLATONOV_MPACKO.py.png,1,1,0.022291839122772217,0.9777081608772278
test,v3_21_content_abhishekmsharma_ai-knn-kmeans-crawler-python_job_search_environment.py.png,1,0,0.6692965030670166,0.3307034969329834
test,v3_21_content_shunge_KNN-NBA-Draft-Prediction_knn-nba.py.png,1,1,0.033922016620635986,0.966077983379364
test,v3_21_content_sybernix_Insertion-Sort-Algorithm-and-Performance-Analysis_test_file.py.png,1,1,0.020484507083892822,0.9795154929161072
test,v3_22_content_Phillyclause89_ANIMAL_Quiz_ANIMAL.py.png,1,0,0.9143384844064713,0.08566151559352875
test,v3_22_content_SivaRanjan17_AES-Multi-Client-Chat-System_server.py.png,1,1,0.024917900562286377,0.9750820994377136
test,v3_23_content_binaya07_8-puzzle_stack.py.png,1,1,0.21740323305130005,0.7825967669487
test,v3_23_content_clydedacruz_worddoc-indexer-py_create_index.py.png,1,1,0.04003477096557617,0.9599652290344238
test,v3_23_content_michailx_arima_example_arima_predictor.py.png,1,1,0.10194611549377441,0.8980538845062256
test,v3_24_content_lesdev_SortingMethods_BubbleSort.py.png,1,1,0.3203437924385071,0.6796562075614929
test,v3_25_content_MarcLindenbach_2d-grouping_k_cluster.py.png,1,1,0.029005050659179688,0.9709949493408203
test,v3_25_content_aajanki_finnish-pos-accuracy_download_models.py.png,1,1,0.37006109952926636,0.6299389004707336
test,v3_26_content_Emersonxuelinux_One_Big_Archive_Listing_10-1.py.png,1,1,0.15559858083724976,0.8444014191627502
test,v3_26_content_alex-code4okc_LinkedList_linkedlist.py.png,1,1,0.18325042724609375,0.8167495727539062
test,v3_26_content_bahadircolak44_EllipticCurve_EllipticCurve.py.png,1,1,0.025770246982574463,0.9742297530174255
test,v3_27_content_SethEggerRocks_WakingMoments_wakingWidgets.py.png,1,1,0.23016124963760376,0.7698387503623962
test,v3_27_content_ashwinvis98_Particle-Swarm-Optimization-for-Robotic-Search-Applications_aruco_detect.py.png,1,1,0.017529010772705078,0.9824709892272949
test,v3_27_content_ashwinvis98_Particle-Swarm-Optimization-for-Robotic-Search-Applications_ultrasonic_test.py.png,1,1,0.11928039789199829,0.8807196021080017
test,v3_28_content_IPDT_car_review_k-means_clustering_word_freq.py.png,1,1,0.007143616676330566,0.9928563833236694
test,v3_28_content_Mansy_HuffmanCode_Huffman.py.png,1,1,0.004330635070800781,0.9956693649291992
test,v3_28_content_pranav94_Self-balancing-BST_AVL.py.png,1,1,0.3922894597053528,0.6077105402946472
test,v3_28_content_tomsiwek_gprMax-Designer_materials.py.png,1,1,0.055128395557403564,0.9448716044425964
test,v3_29_content_MeriBalasanyan_Circular_Linked_List_circular_linked_list.py.png,1,1,0.017364144325256348,0.9826358556747437
test,v3_29_content_fwoodruff_ECDH_TypeConversion.py.png,1,1,0.006474614143371582,0.9935253858566284
test,v3_29_content_rahuljohnny_Bangla_OCR_Using_KNN_class_contour.py.png,1,1,0.3140186667442322,0.6859813332557678
test,v3_2_content_Ap1402_floydWarshall_floyd.py.png,1,1,0.004459798336029053,0.995540201663971
test,v3_2_content_Lok-lok_TestLinkedList_LinkedList.py.png,1,1,0.018645286560058594,0.9813547134399414
test,v3_2_content_Shanmukha-Y_SIngle-Exponential-Smoothing-_predict.py.png,1,1,0.039817094802856445,0.9601829051971436
test,v3_2_content_WenjieLuo2333_ModuleDesign_Alert_module.py.png,1,1,0.17975687980651855,0.8202431201934814
test,v3_2_content_ZatinMe_Python-Search-engine_buildindex.py.png,1,1,0.22793716192245483,0.7720628380775452
test,v3_2_content_carlosguadir_kruskal_Puertos.py.png,1,1,0.22309541702270508,0.7769045829772949
test,v3_2_content_evinw_bubble_sort_bub.py.png,1,1,0.07205480337142944,0.9279451966285706
test,v3_2_content_johnrobyclayton_division-project_plot.py.png,1,1,0.09522104263305664,0.9047789573669434
test,v3_2_content_neonb88_knn_knn_machine_learning_hw1.py.png,1,1,0.04527312517166138,0.9547268748283386
test,v3_2_content_nrohani_AssosiationRules_TransactionEncoder.py.png,1,1,0.015293896198272705,0.9847061038017273
test,v3_2_content_swapnilg915_cosine_similarity_using_embeddings_tfidf_similarity.py.png,1,1,0.11694145202636719,0.8830585479736328
test,v3_30_content_Aishwarya1401_Diabetic-Retinopathy-Project-Deep-Learning-_KNN_RawImage.py.png,1,1,0.03069019317626953,0.9693098068237305
test,v3_32_content_BhaveshMotwani_Hierarchical_Document_Clustering_hac.py.png,1,1,0.03075695037841797,0.969243049621582
test,v3_33_content_apoorvpatne10_Hierarchical-clustering_hc.py.png,1,1,0.23213958740234375,0.7678604125976562
test,v3_33_content_chafiknaceri_Credit-Card-Debt_DebtLeft.py.png,1,1,0.04063618183135986,0.9593638181686401
test,v3_33_content_nikhil-paramane_-Diffie-Hellman-key-Exchange-Algorithm_dh.py.png,1,1,0.016849935054779053,0.983150064945221
test,v3_35_content_fireclawthefox_DirectGuiDesigner_main.py.png,1,1,0.15659308433532715,0.8434069156646729
test,v3_36_content_aholyoke_bfs_vs_dfs_bfs.py.png,1,1,0.0020939111709594727,0.9979060888290405
test,v3_36_content_happycupofjava_Machine-Learning--Stock-Market-Prediction-using-ARIMA-Model_final_under_work.py.png,1,1,0.47060316801071167,0.5293968319892883
test,v3_38_content_citigoad_Appengine_factorial_factorial.py.png,1,1,0.12866318225860596,0.871336817741394
test,v3_39_content_falay_HuffmanCoding_decoder.py.png,1,1,0.11496686935424805,0.885033130645752
test,v3_39_content_mirajp_tweet_sentiments_baseline.py.png,1,1,0.07815653085708618,0.9218434691429138
test,v3_3_content_Avinash793_FPGrowth-and-Apriori-algorithm-Association-Rule-Data-Mining_Apriori-algorithm-using-HashTree.py.png,1,1,0.07626515626907349,0.9237348437309265
test,v3_3_content_JennaBellassai_phrase-similarity_similarity_score.py.png,1,1,0.05517023801803589,0.9448297619819641
test,v3_3_content_Sapphirine_Detecting-and-Predicting-the-Impact-of-Events_calc_train_anamoly_10ile.py.png,1,1,0.10556042194366455,0.8944395780563354
test,v3_3_content_abdulqadirs_distance-vector-routing-protocol_update.py.png,1,1,0.1324651837348938,0.8675348162651062
test,v3_3_content_manishjathan_Money-laundering-Detection-System_GraphAnalysis.py.png,1,1,0.19193673133850098,0.808063268661499
test,v3_3_content_naiveHobo_TextRank_preprocessing.py.png,1,1,0.03588259220123291,0.9641174077987671
test,v3_3_content_root676_QNEAT3___init__.py.png,1,0,0.9942621989175677,0.00573780108243227
test,v3_3_content_tgoodwin_bellman-ford_bfclient.py.png,1,1,0.17225468158721924,0.8277453184127808
test,v3_3_content_vellankikoti_linear_binary_linear_binary.py.png,1,1,0.012119531631469727,0.9878804683685303
test,v3_40_content_WuStardust_KNN-for-iris_iris.py.png,1,1,0.004629790782928467,0.9953702092170715
test,v3_40_content_ajh1143_BinarySearchTreePractice_BST.py.png,1,1,0.10314697027206421,0.8968530297279358
test,v3_42_content_isneace_Binary-Search-Algorithm_Lab2.py.png,1,1,0.030750751495361328,0.9692492485046387
test,v3_44_content_Ian-OBrien-503_sort_analysis_selection_sort.py.png,1,1,0.004789113998413086,0.9952108860015869
test,v3_44_content_eastxe_cosine-knn_knn.py.png,1,1,0.17030811309814453,0.8296918869018555
test,v3_45_content_vdanny_bst-python_binary_search_tree.py.png,1,1,0.2764396667480469,0.7235603332519531
test,v3_46_content_arun-p12_sort-algorithms_counting_sort.py.png,1,1,0.16401749849319458,0.8359825015068054
test,v3_46_content_skropf_fib-drawer_test-animation.py.png,1,1,0.20804309844970703,0.791956901550293
test,v3_46_content_whoif_Cost-Sensitive-KNN_plotHelper.py.png,1,0,0.9716636463999748,0.028336353600025177
test,v3_48_content_harishchellappa_Time-Series-Analysis-Bike-Sharing-Demand-Forecasting_forecasting_2.py.png,1,1,0.12514621019363403,0.874853789806366
test,v3_48_content_prateek22sri_Image-orientation-detector_AdaBoost.py.png,1,0,0.7202015817165375,0.2797984182834625
test,v3_4_content_JakubVojvoda_elliptic-curve-brute-force_decipher.py.png,1,1,0.06153714656829834,0.9384628534317017
test,v3_4_content_Khante_Distance-Vector-Algorithm_simulation_2.py.png,1,1,0.08676344156265259,0.9132365584373474
test,v3_4_content_ktrujillo52_Bitcoin-price-forecast_bitcoin_clustering.py.png,1,1,0.05127990245819092,0.9487200975418091
test,v3_4_content_nikhilrampal15_real_estate_advisor_knn_kmeans_kmeans.py.png,1,1,0.011838257312774658,0.9881617426872253
test,v3_4_content_rcornacchia_bellman-ford_bfclient.py.png,1,1,0.2711695432662964,0.7288304567337036
test,v3_4_content_rohinigopalqxf2_Factorial-Calculator-Practice_04_Calculation.py.png,1,1,0.2340528964996338,0.7659471035003662
test,v3_4_content_shubhamjha97_association-rule-mining-apriori_timing_wrapper.py.png,1,1,0.12623417377471924,0.8737658262252808
test,v3_50_content_shre007_Implementation-and-comparison-of-sorting-algorithms_quick.py.png,1,1,0.0726938247680664,0.9273061752319336
test,v3_51_content_rrraharja_Kecerdasan-Buatan-AI_Project_DFS.py.png,1,1,0.03229397535324097,0.967706024646759
test,v3_52_content_PhaniBalagam27_Big-data-Analytics-on-dallas-police-incidents-dataset_Q5_code.py.png,1,1,0.01077359914779663,0.9892264008522034
test,v3_53_content_KaiFly_Xemina2_DijkstraSP_GraphDrawing.py.png,1,1,0.11405402421951294,0.8859459757804871
test,v3_53_content_ding-si-han_Flight-Length-BFS_graph.py.png,1,1,0.26325714588165283,0.7367428541183472
test,v3_53_content_faisalkhan91_Sort-Comparison_Sort_Comparison.py.png,1,1,0.012359917163848877,0.9876400828361511
test,v3_54_content_gly11_Sort_sort_numbers.py.png,1,1,0.0624886155128479,0.9375113844871521
test,v3_54_content_wilrnh_oneoffs_file2mail.py.png,1,1,0.03657633066177368,0.9634236693382263
test,v3_55_content_taksug229_Python-hierarchical-clustering_Working_Data_Hierarchical_Clustering.py.png,1,1,0.46142351627349854,0.5385764837265015
test,v3_56_content_lijionline_Big-Data---Hands-On_movie-similarities-1m.py.png,1,1,0.004350602626800537,0.9956493973731995
test,v3_59_content_nicolaschen1_SortingAlgorithms_sortingAlgorithms.py.png,1,1,0.00658029317855835,0.9934197068214417
test,v3_59_content_orzinger_8-Puzzle-game_World_State.py.png,1,1,0.05743885040283203,0.942561149597168
test,v3_5_content_AdamJacoby_Hopf_Algebra_Tools.py.png,1,1,0.06533050537109375,0.9346694946289062
test,v3_5_content_AdamJacoby_Hopf_ElementClass.py.png,1,1,0.3894859552383423,0.6105140447616577
test,v3_5_content_GregLahaye_wikipedia-game_game.py.png,1,0,0.619432121515274,0.38056787848472595
test,v3_5_content_LuttaKing_AES-style-Encryptor-Decryptor_encryptorGUI.py.png,1,1,0.16340738534927368,0.8365926146507263
test,v3_5_content_brown9804_Python_DiversosAlgortimos_CalculoParametrosBalonClimatico.py.png,1,1,0.001814424991607666,0.9981855750083923
test,v3_5_content_brown9804_Python_DiversosAlgortimos_VerificaFechaValidaCalendario.py.png,1,1,0.009795069694519043,0.990204930305481
test,v3_5_content_kheguy_bubbleSort_bubbleSort.py.png,1,1,0.04326307773590088,0.9567369222640991
test,v3_5_content_ongyongzheng_cass_utils.py.png,1,1,0.0874638557434082,0.9125361442565918
test,v3_61_content_gpwood_fibonacciOfOrderN_fib.py.png,1,1,0.38590478897094727,0.6140952110290527
test,v3_62_content_arenart90_fsm-python_fsm.py.png,1,0,0.5690650939941406,0.4309349060058594
test,v3_66_content_KarlaFlorentino_Dijkstra_dijkstra.py.png,1,1,0.05899763107299805,0.941002368927002
test,v3_66_content_Mary268_K-Means-Clustering_k_means_clustering.py.png,1,1,0.08987486362457275,0.9101251363754272
test,v3_66_content_abouchan01_Merge-Bubble-Sort-con-_interfazGrafica.py.png,1,1,0.44291937351226807,0.5570806264877319
test,v3_67_content_TadayoshiCarvajal_Sorting-in-Python_sortingAlgorithms.py.png,1,1,0.027231156826019287,0.9727688431739807
test,v3_68_content_pierobeat_Beginner-bubble-sort-py_bubble_sort.py.png,1,1,0.06565845012664795,0.934341549873352
test,v3_6_content_1siddhi7_Floyd-Warshall_fw.py.png,1,1,0.05886930227279663,0.9411306977272034
test,v3_6_content_HaoLyu_Association-rule-learning_FP_Tree.py.png,1,1,0.11748504638671875,0.8825149536132812
test,v3_6_content_cooperlab_KNN_Survival_DataManagement.py.png,1,1,0.21959882974624634,0.7804011702537537
test,v3_6_content_gionanide_Cryptography_ECC_DH_key_exchange.py.png,1,1,0.10507810115814209,0.8949218988418579
test,v3_6_content_mmcetindag_ShortestPathAlgorithms_bellman-ford.py.png,1,1,0.23991727828979492,0.7600827217102051
test,v3_6_content_morekeysjr_TechHubZambia_Project.py.png,1,1,0.42612290382385254,0.5738770961761475
test,v3_75_content_acoollevel_desktop-clock_clock.py.png,1,1,0.009385228157043457,0.9906147718429565
test,v3_78_content_CalebABG_PyLSecureP2P_p2putils.py.png,1,1,0.03436851501464844,0.9656314849853516
test,v3_7_content_AastroLePetitRobot_Huffman-Coding_Huffman.py.png,1,1,0.007415890693664551,0.9925841093063354
test,v3_7_content_GauthamBT_Bellman-Ford-Algorithm_GraphMainProgram.py.png,1,1,0.3639715909957886,0.6360284090042114
test,v3_7_content_adwarner_Diffie-Hellman_Division_Algo.py.png,1,1,0.14741522073745728,0.8525847792625427
test,v3_7_content_aira26_HomeWork3_bubblesortclass.py.png,1,1,0.021019279956817627,0.9789807200431824
test,v3_7_content_git-remove_CBC-and-CTR-Decipher_decipher.py.png,1,0,0.6565835177898407,0.3434164822101593
test,v3_7_content_jakobpederson_divisible_pair_sums_divisible_pair_sums.py.png,1,1,0.24918681383132935,0.7508131861686707
test,v3_7_content_kristianespina_python-binary-search-tree_binary_search_tree.py.png,1,0,0.5389774441719055,0.4610225558280945
test,v3_7_content_tsingh94_Bellman-Ford-and-Floyd-Warshall-Algorithms_Shortestdistance_graph_algos.py.png,1,1,0.16405922174453735,0.8359407782554626
test,v3_84_content_khushhallchandra_EE677-VLSI-CAD_REQUIRED_READING_DAG_aat_dynprog_lec_9_ee677_2016_Mon_22ndAug2016.py.png,1,1,0.005062580108642578,0.9949374198913574
test,v3_84_content_vineetred_aesDES_test.py.png,1,1,0.05948919057846069,0.9405108094215393
test,v3_85_content_Dimildizio_pyqt_traincars_sort_cars_coal.py.png,1,1,0.06266587972640991,0.9373341202735901
test,v3_85_content_leandrocamara_map-reduce-words-higher-occurrence_words-higher-occurrence.py.png,1,1,0.06192314624786377,0.9380768537521362
test,v3_88_content_andreaestrada_mazecrawler_singlePowerup.py.png,1,1,0.19659638404846191,0.8034036159515381
test,v3_8_content_LockGit_Py_svm.py.png,1,1,0.1413869857788086,0.8586130142211914
test,v3_8_content_abhishekmsharma_knn-python-artificial-intelligence_abhishek_sharma_knn_environment.py.png,1,1,0.13923567533493042,0.8607643246650696
test,v3_8_content_harshithachidanand_Elliptic-Curve-Cryptography_Shanks_algo.py.png,1,0,0.8501031845808029,0.14989681541919708
test,v3_8_content_jasminegrewal_Naive-Bayes-KNN-Logistic-Regression_3b_knn.py.png,1,1,0.05517369508743286,0.9448263049125671
test,v3_8_content_jcwyatt_factorial_factorial.py.png,1,1,0.019097328186035156,0.9809026718139648
test,v3_8_content_rianlian7_FibonacciSequence-Python-Tk_Fibonacci_Sequence.py.png,1,1,0.13179373741149902,0.868206262588501
test,v3_93_content_malaybhattacharyya_DFSLab_quicksort.py.png,1,1,0.02250194549560547,0.9774980545043945
test,v3_96_content_jtwaugh_gap-statistic_gap.py.png,1,1,0.18729645013809204,0.812703549861908
test,v3_97_content_mjurk456_mini-snakes_love_calculator.py.png,1,1,0.03798854351043701,0.962011456489563
test,v3_98_content_Eddward27_Blocks-World_busqueda.py.png,1,1,0.04183262586593628,0.9581673741340637
test,v3_9_content_Boros93_GraphProject_test_prim.py.png,1,0,0.5780462920665741,0.4219537079334259
test,v3_9_content_HarshaliWagh_Data-Mining_Apriori.py.png,1,1,0.032909929752349854,0.9670900702476501
test,v3_9_content_Technofreakcritic_MQTT-AES-Compression_pub_aes.py.png,1,1,0.3718658685684204,0.6281341314315796
test,v3_9_content_emmanuj_mst-solver_edge.py.png,1,1,0.039844810962677,0.960155189037323
test,v3_9_content_emmanuj_mst-solver_node.py.png,1,1,0.2559022903442383,0.7440977096557617
test,v3_9_content_emmanuj_mst-solver_treeset.py.png,1,1,0.007767319679260254,0.9922326803207397
test,v3_9_content_fritzwill_apriori-algorithm_apriori.py.png,1,1,0.05529981851577759,0.9447001814842224
test,v3_9_content_mgarasz_DTW-Cryptocurrencies_crypto_scrape_helper.py.png,1,1,0.20166420936584473,0.7983357906341553
test,v3_9_content_rach24_MS-Apriori_MS-Apriori.py.png,1,1,0.23465782403945923,0.7653421759605408
validation,10_content_aponce12_Lab6-B_Lab6.py.png,0,0,0.8594477623701096,0.14055223762989044
validation,10_content_kllinzy_Elliptic-Curve-Cryptography_demo.py.png,0,0,0.9938699598424137,0.006130040157586336
validation,10_content_nazaninsbr_Intelligent-Systems-CA3_Q3_Clustering.py.png,0,0,0.836167499423027,0.16383250057697296
validation,10_content_tjazerzen_a_star_algorithm_helper_functions.py.png,0,0,0.930713877081871,0.06928612291812897
validation,11_content_Meghali-Nandi_DNA-PATTERN-MATCHER_dna_matching.py.png,0,0,0.8315095752477646,0.1684904247522354
validation,11_content_Patrick-Doucet_Elliptic-Curve-Cryptography_EllipticCurve.py.png,0,0,0.7931555360555649,0.20684446394443512
validation,11_content_VictorDebray_Analysis-DFS-BFS-AStar_utils.py.png,0,1,0.4439384341239929,0.5560615658760071
validation,11_content_davedennis_DFS-and-BFS-Search_dfbf.py.png,0,0,0.9951298632659018,0.004870136734098196
validation,11_content_harishchellappa_Time-Series-Analysis-Bike-Sharing-Demand-Forecasting_forecasting_passes.py.png,0,0,0.9992311097448692,0.0007688902551308274
validation,11_content_harishchellappa_Time-Series-Analysis-Bike-Sharing-Demand-Forecasting_forecasting_revenue.py.png,0,0,0.999372687889263,0.0006273121107369661
validation,11_content_liubing220524_DFSL-for-hyperspectral-image-classification_KNN.py.png,0,0,0.9974999758414924,0.0025000241585075855
validation,11_content_sichen-x_search-engine_htable_oo.py.png,0,0,0.9571216441690922,0.04287835583090782
validation,11_content_sichen-x_search-engine_linear_search.py.png,0,1,0.20352435111999512,0.7964756488800049
validation,11_content_sichen-x_search-engine_test_htableoo.py.png,0,0,0.9820453282445669,0.017954671755433083
validation,11_content_sidmishraw_cs-267-project_main.py.png,0,0,0.9286990240216255,0.07130097597837448
validation,12_content_dxania_Fizzbuzz_fizzbuzz.py.png,0,0,0.750433474779129,0.24956652522087097
validation,12_content_gabrielviggiano_MD_Huffman_huffman.py.png,0,0,0.7243452370166779,0.27565476298332214
validation,12_content_ianscottknight_Predicting-Myers-Briggs-Type-Indicator-with-Recurrent-Neural-Networks_trump_predictor.py.png,0,0,0.9754655305296183,0.024534469470381737
validation,12_content_ikraj5120_Linear_Search_Linear_search.py.png,0,0,0.9923967933282256,0.007603206671774387
validation,12_content_nikhilrajucc_Python_firstfile.py.png,0,0,0.951912984251976,0.04808701574802399
validation,13_content_Pedinpsy_-inverted-index-search_hash.py.png,0,0,0.6279971301555634,0.37200286984443665
validation,13_content_frederikpietzko_fun_with_python_gdc_euclidian_algorithm.py.png,0,0,0.9194279685616493,0.08057203143835068
validation,14_content_Alexander35_fibonacci_sequence_fibonacci.py.png,0,0,0.7868989109992981,0.2131010890007019
validation,14_content_Alexander35_fibonacci_sequence_fibonacci_tests.py.png,0,0,0.879303053021431,0.12069694697856903
validation,14_content_BalaMungala_GroceryRecommendations-Association_Market_Basket_Optimisation.py.png,0,0,0.9989279940491542,0.001072005950845778
validation,14_content_Qutuf_Qutuf_manage.py.png,0,0,0.8751670867204666,0.12483291327953339
validation,14_content_arnaudperalta_py_graphpath___main__.py.png,0,0,0.8829300105571747,0.11706998944282532
validation,14_content_bkdwei_kdDesktopAssistant_install_script.py.png,0,0,0.9616064764559269,0.038393523544073105
validation,14_content_kaizinho_lemmatizer_lemmatizer.py.png,0,1,0.4492350220680237,0.5507649779319763
validation,15_content_jknight1725_linear_search_vs_random_search_myFunctions.py.png,0,1,0.2683568596839905,0.7316431403160095
validation,15_content_meghanagabhushan_DijkstraAlgorithm_dijkstra.py.png,0,0,0.7149995863437653,0.28500041365623474
validation,15_content_prashant-kikani_image-optimizer_utils.py.png,0,1,0.42231881618499756,0.5776811838150024
validation,16_content_davda54_pytorch-transformer-lemmatization_predict.py.png,0,1,0.2490941286087036,0.7509058713912964
validation,16_content_frknozr_knn_knn.py.png,0,1,0.09038567543029785,0.9096143245697021
validation,16_content_hoefler02_diffie-hellman_dh_client.py.png,0,1,0.1252644658088684,0.8747355341911316
validation,16_content_sharatchandraj_MaxBandwidthPath_DijkstrasWithHeap.py.png,0,0,0.8323677182197571,0.16763228178024292
validation,17_content_CHINAJR_BinaryTree_biggestsubBSTtree.py.png,0,1,0.3034021854400635,0.6965978145599365
validation,17_content_krshubham_ecc-elgamal_elgamal.py.png,0,0,0.945048164576292,0.05495183542370796
validation,17_content_loranloranvl_ecc-point_ECC_Point.py.png,0,0,0.6995004415512085,0.3004995584487915
validation,18_content_10elements_BinaryTree_binaryTree.py.png,0,1,0.2883099317550659,0.7116900682449341
validation,18_content_NegarMirgati_CodingAndErrorDetection_All.py.png,0,0,0.8638049215078354,0.1361950784921646
validation,18_content_Saychakr13_CLUSTERING_MODELS_hc.py.png,0,0,0.9943302236497402,0.005669776350259781
validation,19_content_CQuocDat_huffman_de_huffman.py.png,0,1,0.23754173517227173,0.7624582648277283
validation,19_content_darkerego_blitzkloud_server.py.png,0,0,0.788303405046463,0.211696594953537
validation,19_content_psvelezm_printSet_Pedro_Velez_pgm.py.png,0,0,0.7820190936326981,0.21798090636730194
validation,19_content_walter090_cluster_runner.py.png,0,1,0.1763496994972229,0.8236503005027771
validation,1_content_Chunning-Zhou_MILPBasedSearchAlgorithmDiff_parameter.py.png,0,0,0.9956219452433288,0.00437805475667119
validation,1_content_SICTC_BST_BinSearchTree.py.png,0,0,0.7507540434598923,0.24924595654010773
validation,1_content_abdullahwaqar_docsearx_pdf_reader.py.png,0,0,0.9802173785865307,0.019782621413469315
validation,1_content_abhilampard_Simple-Plagiarism-Checker_plag.py.png,0,0,0.9487290307879448,0.051270969212055206
validation,1_content_aesara-devs_aesara_conftest.py.png,0,1,0.4459354877471924,0.5540645122528076
validation,1_content_akhilesh1311_MazeSolver_q3.py.png,0,0,0.9927421468310058,0.007257853168994188
validation,1_content_akoksal_Turkish-Lemmatizer_trainLexicon.py.png,0,0,0.6894458532333374,0.3105541467666626
validation,1_content_dedeco_dijkstra-bellman-ford_teste_cormen_bford.py.png,0,0,0.9815949834883213,0.018405016511678696
validation,1_content_dedeco_dijkstra-bellman-ford_teste_lobo_bford.py.png,0,0,0.9781993273645639,0.021800672635436058
validation,1_content_dedeco_dijkstra-bellman-ford_teste_proprio_bford.py.png,0,0,0.9563595056533813,0.04364049434661865
validation,1_content_jdmcpeek_pretty-print-binary-tree_tree.py.png,0,0,0.7812813222408295,0.21871867775917053
validation,1_content_jwan659_forex-arbitrage_Edges.py.png,0,1,0.487484872341156,0.512515127658844
validation,1_content_mikekestemont_pandora_train.py.png,0,0,0.5938561856746674,0.40614381432533264
validation,1_content_mikekestemont_pandora_unseen.py.png,0,0,0.8100321888923645,0.1899678111076355
validation,1_content_nageshsinghc4_stock-market-forecasting_ZBH_stock.py.png,0,0,0.994075152091682,0.005924847908318043
validation,1_content_nilsonneto_floydWarshall_main.py.png,0,0,0.9647175930440426,0.03528240695595741
validation,1_content_pinasu_Python-Kruskal_kruskal.py.png,0,0,0.9876162968575954,0.012383703142404556
validation,1_content_sadnessFree_arima-lstm_lstm.py.png,0,0,0.8221657872200012,0.17783421277999878
validation,20_content_IbrahimAyed_Multifractal-analysis-of-natural-images_texture_synthesis.py.png,0,0,0.9980808775871992,0.0019191224128007889
validation,20_content_higirodj_Dijkstra_dijkstra.py.png,0,1,0.1439245343208313,0.8560754656791687
validation,20_content_kavyasree-bvs_Network-Optimization_heap.py.png,0,0,0.8794809952378273,0.1205190047621727
validation,20_content_suchitnasre_Air-Passengers-model-using-ARIMA_Airpassenger_ARIMA.py.png,0,0,0.9592573344707489,0.0407426655292511
validation,21_content_jakubsilhavy_mhhc_config.py.png,0,0,0.9951228657737374,0.004877134226262569
validation,21_content_jakubsilhavy_mhhc_data_prep_LLS.py.png,0,0,0.9915747409686446,0.008425259031355381
validation,21_content_loalberto_HuffmanCoding_HuffmanCoding.py.png,0,1,0.1082075834274292,0.8917924165725708
validation,21_content_rahul494_Mental-Health-On-Twitter-Analysis_relevant_tweet_filter.py.png,0,0,0.9783405382186174,0.02165946178138256
validation,22_content_SivaRanjan17_AES-Multi-Client-Chat-System_client.py.png,0,0,0.5986059606075287,0.4013940393924713
validation,22_content_cneally_BubbleSortingAlgorithm_bubble_sort.py.png,0,0,0.9982145024696365,0.0017854975303635001
validation,23_content_binaya07_8-puzzle_queue.py.png,0,0,0.9640535227954388,0.035946477204561234
validation,23_content_thugsatbay_CS-Algorithms_Sorting_Comparison_Ass2-2Soln.py.png,0,0,0.955316636711359,0.044683363288640976
validation,23_content_xaviergoby_ConvLSTM-Computer-Vision-for-Structural-Health-Monitoring-SHM-and-NonDestructive-Testing-NDT_settings.py.png,0,0,0.9523495957255363,0.047650404274463654
validation,23_content_xuwangme_huffmanTree_Main.py.png,0,0,0.9976168673019856,0.0023831326980143785
validation,24_content_Am4teur_LinkedList_LL0.py.png,0,0,0.8301657289266586,0.16983427107334137
validation,24_content_GrayHat12_Desktop-GrayBot_lyrics.py.png,0,0,0.9929457698017359,0.007054230198264122
validation,24_content_MariosPitsali_algorithms-practice_ducks.py.png,0,0,0.7441409528255463,0.25585904717445374
validation,24_content_lesdev_SortingMethods_Insertion.py.png,0,0,0.8580822348594666,0.14191776514053345
validation,24_content_pacslab_ACM-trans-papers-spider_ACMPaperSpider.py.png,0,0,0.567660391330719,0.432339608669281
validation,25_content_OlaRonning_ah16_corenlp_gen_dep_lemma.py.png,0,1,0.31128180027008057,0.6887181997299194
validation,25_content_aajanki_finnish-pos-accuracy_datasets.py.png,0,1,0.04212409257888794,0.9578759074211121
validation,25_content_ryansmick_SortedOrderedDict_PersistentDict.py.png,0,1,0.22626018524169922,0.7737398147583008
validation,25_content_unifiprojects_TemporalGraphs_DFS-v1.py.png,0,0,0.661422997713089,0.338577002286911
validation,26_content_Emersonxuelinux_One_Big_Archive_TempGui.rsrc.py.png,0,0,0.695471853017807,0.304528146982193
validation,26_content_mosco_geodesic-knn_test_dijkstra.py.png,0,0,0.9689318332821131,0.031068166717886925
validation,26_content_talhakerpicci_sahibinden-house-checker_house_database.py.png,0,0,0.7267844676971436,0.27321553230285645
validation,27_content_Mypathissional_Data_Structures_AVL.py.png,0,0,0.5280998945236206,0.4719001054763794
validation,27_content_ayaar25_elgamalecceg_interface.py.png,0,0,0.890294685959816,0.10970531404018402
validation,27_content_gcmurillo_sortingAlgorithmsComparation_quickSort.py.png,0,0,0.9315372481942177,0.06846275180578232
validation,28_content_Jvictor97_YellowFever_randDate.py.png,0,1,0.49097001552581787,0.5090299844741821
validation,29_content_Q-Qing_DistributedLockDesign_leader_server.py.png,0,0,0.9553570225834846,0.04464297741651535
validation,29_content_vtheno_kNN_one_line.py.png,0,0,0.9975010373163968,0.0024989626836031675
validation,2_content_Mypathissional_Data_Structures_AVL.py.png,0,0,0.5280998945236206,0.4719001054763794
validation,2_content_Rookieprogrammer521_Kruskal_Kruskal.py.png,0,0,0.9367573782801628,0.06324262171983719
validation,2_content_Yash0day_ElgamalEncryption-using-ECC_Hash.py.png,0,0,0.8780198246240616,0.12198017537593842
validation,2_content_cardwizard_EllipticCurves_ec_dhe.py.png,0,1,0.0488322377204895,0.9511677622795105
validation,2_content_cvwilliams_BellmanFord-Python_server.py.png,0,0,0.981885090470314,0.018114909529685974
validation,2_content_polyphilz_pricing-weather-derivatives_avg_temperature_model.py.png,0,1,0.06349772214889526,0.9365022778511047
validation,2_content_yyqcs_time-series-model_encoder_decoder_full.py.png,0,0,0.6644790470600128,0.3355209529399872
validation,2_content_yyqcs_time-series-model_ts_model.py.png,0,0,0.6240206956863403,0.37597930431365967
validation,30_content_sanjanprakash_Cluster-Analysis-over-Financial-Characteristics_topickle.py.png,0,0,0.9944904330186546,0.005509566981345415
validation,30_content_talbrecht_ensemble-scoring_run.py.png,0,0,0.9479826465249062,0.05201735347509384
validation,30_content_williamsdsantos_dijkstras_algorithm_Topology.py.png,0,0,0.9311069995164871,0.06889300048351288
validation,31_content_jwjohns_binary-tree_python_binary_tree_search.py.png,0,1,0.48847395181655884,0.5115260481834412
validation,31_content_nazmeenkhan_Diffie-Hellman_UserB.py.png,0,0,0.9921471914276481,0.007852808572351933
validation,31_content_shreyas3336_Diffie-Hellman-KeyExchange_Seeded_Random_Generator.py.png,0,0,0.7854093462228775,0.2145906537771225
validation,32_content_mahtabfarrokh_classic-search_Astar.py.png,0,0,0.9914172785356641,0.008582721464335918
validation,34_content_robinkthomas_DFS1_authentication.py.png,0,0,0.9979584394022822,0.002041560597717762
validation,35_content_NavneetSomwal_Weather-Data-Clustering-using-k-Means_waether_data_Clustering_k-means_scikit-learn.py.png,0,0,0.9979178188368678,0.0020821811631321907
validation,35_content_fireclawthefox_DirectGuiDesigner_setup_p3d.py.png,0,0,0.9341230988502502,0.06587690114974976
validation,36_content_akaif95_U.S-Currency-Patterns_us_currency_regex.py.png,0,1,0.05843263864517212,0.9415673613548279
validation,36_content_akh5113_Stooge-Merge-Insert-Sort_Homework2.py.png,0,0,0.9172348752617836,0.0827651247382164
validation,38_content_valuntiny_leetcode_linked_list_ii_addTwoNumbers_re.py.png,0,0,0.8968418762087822,0.1031581237912178
validation,3_content_HundredVisionsGuy_DivisibilityExceptionHandlingTests_test_Divisibility.py.png,0,0,0.574491560459137,0.42550843954086304
validation,3_content_arshdeepmalik_Fibonacci_series_divisibility_Fibonacci_series_.py.png,0,0,0.8444304019212723,0.15556959807872772
validation,3_content_cdr6934_eSMA_ExpSMA.py.png,0,1,0.03867197036743164,0.9613280296325684
validation,3_content_dlohith_text-similarity_run.py.png,0,0,0.9288007691502571,0.07119923084974289
validation,3_content_pedrobemer_BellmanFord_bellman-ford.py.png,0,0,0.6643897891044617,0.33561021089553833
validation,3_content_ravinderiiit_Market-Basket-Optimisation-by-apriori-Algorithm_apriori.py.png,0,0,0.9992924001417123,0.0007075998582877219
validation,3_content_renyuntao_Floyd_Warshall_floyd.py.png,0,0,0.9513635598123074,0.04863644018769264
validation,42_content_aryanshar_TextMining_magboard.py.png,0,0,0.9980959497625008,0.0019040502374991775
validation,43_content_odubno_ford-fulkerson-max-flow_test_max_flow.py.png,0,0,0.8508934527635574,0.14910654723644257
validation,43_content_shayanalibhatti_Designing-a-PDF-Audiobook-using-Python_PDF_reading_software.py.png,0,0,0.6348322629928589,0.3651677370071411
validation,43_content_wilson9001_DHKeyExchange_DH.py.png,0,0,0.745669960975647,0.254330039024353
validation,44_content_IQbrod_Hierarchical-clustering_parthieragglo.py.png,0,0,0.9484729431569576,0.051527056843042374
validation,44_content_Mazuh_Fibonacci_fib_benchmark.py.png,0,0,0.9816999603062868,0.018300039693713188
validation,45_content_nialloc9_machine-learning-k-means_main.py.png,0,0,0.8655728995800018,0.13442710041999817
validation,46_content_arun-p12_sort-algorithms_insertion_sort.py.png,0,0,0.9948732145130634,0.005126785486936569
validation,48_content_ethanZHY_Crawler_BFS_DFS_Python3_Crawling_Doc.py.png,0,0,0.9582845568656921,0.04171544313430786
validation,49_content_Darren-Drapkin_RippleSort-with-chains_RippleSort-with-chains.py.png,0,0,0.9245232567191124,0.0754767432808876
validation,49_content_akshay326_k-means-clustering-api_sample_python_script.py.png,0,0,0.8977278918027878,0.10227210819721222
validation,4_content_Askjensen_scikittf-idfNLTK_str_func.py.png,0,1,0.2474241852760315,0.7525758147239685
validation,4_content_DebashishSarkarDurjoy_DoublyLinkedList_doublyLinkedList.py.png,0,1,0.3825533390045166,0.6174466609954834
validation,4_content_alex-rantos_Project-1-Search-in-Pacman_projectParams.py.png,0,0,0.9674307331442833,0.032569266855716705
validation,4_content_drinkbeer_DFS-Python_common.py.png,0,0,0.9992172388010658,0.0007827611989341676
validation,4_content_jomse_InsertionSort_tests.py.png,0,1,0.17545294761657715,0.8245470523834229
validation,4_content_mast-group_OpenVocabCodeNLM_create_subtoken_data.py.png,0,1,0.08497738838195801,0.915022611618042
validation,4_content_rohinigopalqxf2_Factorial-Calculator-Practice_05_Non_Integer_Validation.py.png,0,0,0.9905727496370673,0.009427250362932682
validation,50_content_mrugankray_Hierarchical_Clustering_hierarchichal_clustering.py.png,0,0,0.9961389205418527,0.0038610794581472874
validation,50_content_shre007_Implementation-and-comparison-of-sorting-algorithms_merge.py.png,0,0,0.8715609163045883,0.12843908369541168
validation,52_content_MAXERS19_Clustering_KMeansAI.py.png,0,0,0.9978617653250694,0.0021382346749305725
validation,54_content_AhmedRaafat14_Binary-Tree-traversal_BST.py.png,0,0,0.7018756568431854,0.2981243431568146
validation,54_content_SteevenBrunner_Bubble-sort-python_bubble_sort.py.png,0,0,0.8567773848772049,0.1432226151227951
validation,58_content_Deborah-byte_data-strictures-and-algorithms_binary-search-tree-algo.py.png,0,0,0.7199725210666656,0.28002747893333435
validation,58_content_tanjimingrinnell_TreeAndGraph_LinkedList.py.png,0,1,0.4392421841621399,0.5607578158378601
validation,59_content_Yousab_parallel-bubble-sort-mpi_bubble_parallel.py.png,0,0,0.7865892499685287,0.21341075003147125
validation,5_content_AdamJacoby_Hopf_Example_DihedralGroup.py.png,0,0,0.8213239461183548,0.1786760538816452
validation,5_content_AdamJacoby_Hopf_Frobenius_Divisibility_Algorithm.py.png,0,0,0.8212673962116241,0.17873260378837585
validation,5_content_anguillanneuf_bigO_02_linked_list.py.png,0,1,0.06309491395950317,0.9369050860404968
validation,5_content_anguillanneuf_bigO_38_rabin_karp.py.png,0,0,0.9924472174607217,0.007552782539278269
validation,5_content_anguillanneuf_bigO_76_longest_subsequence.py.png,0,0,0.9973913230933249,0.0026086769066751003
validation,5_content_brown9804_Python_DiversosAlgortimos_CreandoMatrizApartirTXT.py.png,0,0,0.8689922094345093,0.13100779056549072
validation,5_content_crazamahdi_DIFFIE-HELLMAN-KEY-EXCHANGE-ALGORITHM_dhserver.py.png,0,0,0.999182105762884,0.0008178942371159792
validation,5_content_gabriel-arauj_grafos_teste_desempenho.py.png,0,0,0.663893848657608,0.33610615134239197
validation,5_content_vpandeti_Routing-Protocol_RoutingProtocol.py.png,0,0,0.6986914277076721,0.3013085722923279
validation,61_content_AaronRobson_sequences_decorators.py.png,0,0,0.8881667777895927,0.11183322221040726
validation,61_content_AaronRobson_sequences_fibonacci_numbers.py.png,0,0,0.9773435052484274,0.02265649475157261
validation,61_content_AaronRobson_sequences_prime_gui.py.png,0,1,0.27246397733688354,0.7275360226631165
validation,61_content_cthorrez_deepsetLinkage_baselines.py.png,0,1,0.4737328886985779,0.5262671113014221
validation,61_content_hlalit_Data-Structures-Python_BinaryTree.py.png,0,0,0.7097264230251312,0.2902735769748688
validation,64_content_YifeiY_Depth-of-BTS_BTS_Depth.py.png,0,1,0.4493594169616699,0.5506405830383301
validation,65_content_josephnavarro_space-strategy_conversation.py.png,0,0,0.5232048332691193,0.47679516673088074
validation,6_content_HaoLyu_Association-rule-learning_Apriori.py.png,0,0,0.8925748392939568,0.10742516070604324
validation,6_content_chiragragarwal_Graphs_And_Networks_numpy_help.py.png,0,0,0.9958167131990194,0.004183286800980568
validation,6_content_coorty_apriori-agorithm-python_test_apriori_command_line.py.png,0,0,0.8602780550718307,0.13972194492816925
validation,6_content_marcelotokarnia_dojo-divisibility-rules_is_divisible.py.png,0,0,0.9405016005039215,0.05949839949607849
validation,6_content_samirgupta_PubmedClustering_dumpDiseaseDict.py.png,0,0,0.7746450304985046,0.22535496950149536
validation,6_content_yashambre_Document-Matching-Algorithm_DM.py.png,0,0,0.5120648145675659,0.4879351854324341
validation,6_content_yasinakinn_hierarchical-clustering_linkage_methods.py.png,0,0,0.9271027967333794,0.07289720326662064
validation,6_content_zhenv5_breaking_cycles_in_noisy_hierarchies_synthetic_performance.py.png,0,1,0.3911083936691284,0.6088916063308716
validation,70_content_metr0jw_video-liveness-measurement_video_cut_itzy.py.png,0,0,0.9746757205575705,0.025324279442429543
validation,73_content_hoopghetto_dfs-optimizer_settings.py.png,0,1,0.008037745952606201,0.9919622540473938
validation,76_content_sylvain-reynaud_projet-voltaire-solver_projetvoltairesolver.py.png,0,0,0.9876108542084694,0.012389145791530609
validation,76_content_yingtaoluo_Latent-Factor-Model-with-JIT-CUDA-on-movielens_predict.py.png,0,0,0.9893554421141744,0.010644557885825634
validation,77_content_mehtaravina_ScaleableComputingDFS_Client.py.png,0,1,0.2552735209465027,0.7447264790534973
validation,78_content_FernandoDurier_apa-dijkstra___main__.py.png,0,0,0.9775388278067112,0.022461172193288803
validation,78_content_edisoncast_DES-UOC_Dictionary.py.png,0,0,0.7102846801280975,0.28971531987190247
validation,79_content_lorenzo3117_python-sorting-scripts_heapSort.py.png,0,0,0.9642842635512352,0.0357157364487648
validation,79_content_s1ssagar_fibonacci-finding-easy_fibonacci-finding-easy.py.png,0,0,0.9852638496086001,0.01473615039139986
validation,7_content_Aly-Tomato_Prims-and-Kruskals_prims.py.png,0,0,0.870115652680397,0.12988434731960297
validation,7_content_DMDarkness_Data-mining_Example_pybpsohd.py.png,0,0,0.950215507298708,0.04978449270129204
validation,7_content_allenabraham999_Bubble-sort_bubble_sort.py.png,0,0,0.9422269873321056,0.05777301266789436
validation,7_content_ardyerwanda_SDN-Bellman-Ford-Pyretic_routing2cost.py.png,0,1,0.37997007369995117,0.6200299263000488
validation,7_content_denisyarats_pytorch_sac_ae_decoder.py.png,0,1,0.09843003749847412,0.9015699625015259
validation,7_content_udaram_Data-Structure_Doubly_linklist.py.png,0,1,0.4578167200088501,0.5421832799911499
validation,7_content_usbogie_MSTcreator_Node.py.png,0,0,0.8245910257101059,0.1754089742898941
validation,81_content_gautam9595_BIC-Selhoutte_Optimal_K_using_BIC-selhoutte_Iris.py.png,0,0,0.9953046659938991,0.004695334006100893
validation,82_content_Xalvom_python-bfs-dfs_bfs.py.png,0,0,0.9969790678005666,0.003020932199433446
validation,84_content_WizHacks_ChordDFS_topo.py.png,0,0,0.9614989086985588,0.03850109130144119
validation,88_content_NoFishLikeIan_Dijkstra_currency_currency_api.py.png,0,0,0.958955492824316,0.041044507175683975
validation,8_content_Omig12_dfs_delete.py.png,0,0,0.8535540252923965,0.14644597470760345
validation,8_content_Shreyaskulkarni98_MarketAnalysis_Basic_Main.py.png,0,0,0.9044767245650291,0.09552327543497086
validation,8_content_chiragragarwal_Graphs_And_Networks_graph_plot.py.png,0,0,0.8932873830199242,0.10671261698007584
validation,8_content_chiragragarwal_Graphs_And_Networks_numpy_help.py.png,0,0,0.9958167131990194,0.004183286800980568
validation,8_content_drake-young_Euler12_Python_main.py.png,0,0,0.9336646348237991,0.06633536517620087
validation,8_content_haozou-official_DFS-BFS-in-Maze_myqueue.py.png,0,0,0.993323337752372,0.0066766622476279736
validation,8_content_karangargg_trees-notes_trees1.py.png,0,0,0.8808959349989891,0.1191040650010109
validation,8_content_minjiang93_ECC_ecc.py.png,0,0,0.9054087474942207,0.09459125250577927
validation,8_content_shukali_tweet-similarity-ranking_tweetranking.py.png,0,0,0.647154688835144,0.35284531116485596
validation,8_content_uzzielc_Document_Similarity_using_TF-IDF_with_Cosine_Dist_article.py.png,0,0,0.9701904002577066,0.029809599742293358
validation,92_content_tule2236_superheros-social-graph_degrees-of-seperation.py.png,0,0,0.8948049768805504,0.10519502311944962
validation,93_content_KordingLab_hilbert-constrained-gradient-descent_utils.py.png,0,1,0.10657507181167603,0.893424928188324
validation,95_content_anapandza_ComputerNetworks_Dijkstra.py.png,0,0,0.9407094307243824,0.0592905692756176
validation,99_content_mincanhe_Network-routing-protocol_Dijkstra.py.png,0,1,0.48156046867370605,0.518439531326294
validation,9_content_MauTorresE_ARIMA-Forecasting-AutoSelectParams_ARIMA_model.py.png,0,0,0.9943265584297478,0.00567344157025218
validation,9_content_Soumyabrata_predicting-pwv_grid_search.py.png,0,0,0.6527692675590515,0.3472307324409485
validation,v3_ 1_content_nageshsinghc4_stock-market-forecasting_ZBH_stock.py.png,1,1,0.12897884845733643,0.8710211515426636
validation,v3_10_content_aponce12_Lab6-B_Lab6.py.png,1,1,0.48122572898864746,0.5187742710113525
validation,v3_10_content_kllinzy_Elliptic-Curve-Cryptography_demo.py.png,1,1,0.03916555643081665,0.9608344435691833
validation,v3_10_content_tjazerzen_a_star_algorithm_helper_functions.py.png,1,1,0.0011957883834838867,0.9988042116165161
validation,v3_11_content_Patrick-Doucet_Elliptic-Curve-Cryptography_EllipticCurve.py.png,1,1,0.1920914649963379,0.8079085350036621
validation,v3_11_content_VictorDebray_Analysis-DFS-BFS-AStar_utils.py.png,1,1,0.0005348324775695801,0.9994651675224304
validation,v3_11_content_davedennis_DFS-and-BFS-Search_dfbf.py.png,1,1,0.02285945415496826,0.9771405458450317
validation,v3_11_content_harishchellappa_Time-Series-Analysis-Bike-Sharing-Demand-Forecasting_forecasting_passes.py.png,1,1,0.0549924373626709,0.9450075626373291
validation,v3_11_content_harishchellappa_Time-Series-Analysis-Bike-Sharing-Demand-Forecasting_forecasting_revenue.py.png,1,1,0.008618295192718506,0.9913817048072815
validation,v3_11_content_liubing220524_DFSL-for-hyperspectral-image-classification_KNN.py.png,1,1,0.0044594407081604,0.9955405592918396
validation,v3_11_content_sichen-x_search-engine_htable_oo.py.png,1,0,0.5045062601566315,0.49549373984336853
validation,v3_11_content_sichen-x_search-engine_linear_search.py.png,1,1,0.0010086894035339355,0.9989913105964661
validation,v3_11_content_sichen-x_search-engine_test_htableoo.py.png,1,1,0.4146208167076111,0.5853791832923889
validation,v3_12_content_dxania_Fizzbuzz_fizzbuzz.py.png,1,1,0.015348315238952637,0.9846516847610474
validation,v3_12_content_gabrielviggiano_MD_Huffman_huffman.py.png,1,1,0.05368673801422119,0.9463132619857788
validation,v3_12_content_ianscottknight_Predicting-Myers-Briggs-Type-Indicator-with-Recurrent-Neural-Networks_trump_predictor.py.png,1,1,0.016856908798217773,0.9831430912017822
validation,v3_12_content_ikraj5120_Linear_Search_Linear_search.py.png,1,1,0.009511888027191162,0.9904881119728088
validation,v3_12_content_nikhilrajucc_Python_firstfile.py.png,1,1,0.24267792701721191,0.7573220729827881
validation,v3_13_content_Pedinpsy_-inverted-index-search_hash.py.png,1,1,0.0565108060836792,0.9434891939163208
validation,v3_13_content_frederikpietzko_fun_with_python_gdc_euclidian_algorithm.py.png,1,1,0.05570942163467407,0.9442905783653259
validation,v3_14_content_Alexander35_fibonacci_sequence_fibonacci.py.png,1,1,0.28976792097091675,0.7102320790290833
validation,v3_14_content_Alexander35_fibonacci_sequence_fibonacci_tests.py.png,1,1,0.02199709415435791,0.9780029058456421
validation,v3_14_content_BalaMungala_GroceryRecommendations-Association_Market_Basket_Optimisation.py.png,1,1,0.41791361570358276,0.5820863842964172
validation,v3_14_content_Qutuf_Qutuf_manage.py.png,1,1,0.371551513671875,0.628448486328125
validation,v3_14_content_arnaudperalta_py_graphpath___main__.py.png,1,0,0.6387774050235748,0.36122259497642517
validation,v3_14_content_bkdwei_kdDesktopAssistant_install_script.py.png,1,1,0.11679750680923462,0.8832024931907654
validation,v3_14_content_kaizinho_lemmatizer_lemmatizer.py.png,1,1,0.012691915035247803,0.9873080849647522
validation,v3_15_content_jknight1725_linear_search_vs_random_search_myFunctions.py.png,1,1,0.011105060577392578,0.9888949394226074
validation,v3_15_content_meghanagabhushan_DijkstraAlgorithm_dijkstra.py.png,1,1,0.03177022933959961,0.9682297706604004
validation,v3_15_content_prashant-kikani_image-optimizer_utils.py.png,1,1,0.17298537492752075,0.8270146250724792
validation,v3_16_content_davda54_pytorch-transformer-lemmatization_predict.py.png,1,1,0.10141539573669434,0.8985846042633057
validation,v3_16_content_hoefler02_diffie-hellman_dh_client.py.png,1,1,0.01582103967666626,0.9841789603233337
validation,v3_16_content_sharatchandraj_MaxBandwidthPath_DijkstrasWithHeap.py.png,1,1,0.07472807168960571,0.9252719283103943
validation,v3_17_content_CHINAJR_BinaryTree_biggestsubBSTtree.py.png,1,1,0.020471930503845215,0.9795280694961548
validation,v3_17_content_krshubham_ecc-elgamal_elgamal.py.png,1,1,0.009281337261199951,0.9907186627388
validation,v3_17_content_loranloranvl_ecc-point_ECC_Point.py.png,1,1,0.07538628578186035,0.9246137142181396
validation,v3_18_content_10elements_BinaryTree_binaryTree.py.png,1,1,0.0366741418838501,0.9633258581161499
validation,v3_18_content_NegarMirgati_CodingAndErrorDetection_All.py.png,1,1,0.03596913814544678,0.9640308618545532
validation,v3_18_content_Saychakr13_CLUSTERING_MODELS_hc.py.png,1,1,0.2439481019973755,0.7560518980026245
validation,v3_19_content_CQuocDat_huffman_de_huffman.py.png,1,1,0.0194699764251709,0.9805300235748291
validation,v3_19_content_darkerego_blitzkloud_server.py.png,1,1,0.25823861360549927,0.7417613863945007
validation,v3_19_content_psvelezm_printSet_Pedro_Velez_pgm.py.png,1,1,0.003088712692260742,0.9969112873077393
validation,v3_19_content_walter090_cluster_runner.py.png,1,1,0.2897581458091736,0.7102418541908264
validation,v3_1_content_Chunning-Zhou_MILPBasedSearchAlgorithmDiff_parameter.py.png,1,1,0.12359589338302612,0.8764041066169739
validation,v3_1_content_SICTC_BST_BinSearchTree.py.png,1,1,0.06815224885940552,0.9318477511405945
validation,v3_1_content_abdullahwaqar_docsearx_pdf_reader.py.png,1,1,0.17484503984451294,0.8251549601554871
validation,v3_1_content_abhilampard_Simple-Plagiarism-Checker_plag.py.png,1,1,0.03164017200469971,0.9683598279953003
validation,v3_1_content_akhilesh1311_MazeSolver_q3.py.png,1,1,0.07426464557647705,0.925735354423523
validation,v3_1_content_akoksal_Turkish-Lemmatizer_trainLexicon.py.png,1,1,0.10000765323638916,0.8999923467636108
validation,v3_1_content_dedeco_dijkstra-bellman-ford_teste_cormen_bford.py.png,1,0,0.9444443807005882,0.055555619299411774
validation,v3_1_content_dedeco_dijkstra-bellman-ford_teste_lobo_bford.py.png,1,0,0.9023239612579346,0.09767603874206543
validation,v3_1_content_dedeco_dijkstra-bellman-ford_teste_proprio_bford.py.png,1,0,0.9077317416667938,0.09226825833320618
validation,v3_1_content_jdmcpeek_pretty-print-binary-tree_tree.py.png,1,1,0.3048180341720581,0.6951819658279419
validation,v3_1_content_mikekestemont_pandora_train.py.png,1,1,0.07493352890014648,0.9250664710998535
validation,v3_1_content_mikekestemont_pandora_unseen.py.png,1,1,0.06333732604980469,0.9366626739501953
validation,v3_1_content_nilsonneto_floydWarshall_main.py.png,1,1,0.19328826665878296,0.806711733341217
validation,v3_1_content_pinasu_Python-Kruskal_kruskal.py.png,1,1,0.06005454063415527,0.9399454593658447
validation,v3_1_content_sadnessFree_arima-lstm_combine-linear.py.png,1,1,0.014670729637145996,0.985329270362854
validation,v3_1_content_sadnessFree_arima-lstm_lstm.py.png,1,1,0.05418926477432251,0.9458107352256775
validation,v3_20_content_IbrahimAyed_Multifractal-analysis-of-natural-images_texture_synthesis.py.png,1,1,0.05487418174743652,0.9451258182525635
validation,v3_20_content_higirodj_Dijkstra_dijkstra.py.png,1,1,0.13311970233917236,0.8668802976608276
validation,v3_20_content_suchitnasre_Air-Passengers-model-using-ARIMA_Airpassenger_ARIMA.py.png,1,1,0.062011003494262695,0.9379889965057373
validation,v3_21_content_jakubsilhavy_mhhc_config.py.png,1,0,0.6102779507637024,0.3897220492362976
validation,v3_21_content_jakubsilhavy_mhhc_data_prep_LLS.py.png,1,1,0.14723140001296997,0.85276859998703
validation,v3_21_content_loalberto_HuffmanCoding_HuffmanCoding.py.png,1,1,0.036386072635650635,0.9636139273643494
validation,v3_21_content_rahul494_Mental-Health-On-Twitter-Analysis_relevant_tweet_filter.py.png,1,1,0.0720178484916687,0.9279821515083313
validation,v3_22_content_SivaRanjan17_AES-Multi-Client-Chat-System_client.py.png,1,1,0.030802369117736816,0.9691976308822632
validation,v3_22_content_cneally_BubbleSortingAlgorithm_bubble_sort.py.png,1,1,0.08849984407424927,0.9115001559257507
validation,v3_23_content_thugsatbay_CS-Algorithms_Sorting_Comparison_Ass2-2Soln.py.png,1,0,0.66642165184021,0.33357834815979004
validation,v3_23_content_xaviergoby_ConvLSTM-Computer-Vision-for-Structural-Health-Monitoring-SHM-and-NonDestructive-Testing-NDT_settings.py.png,1,1,0.09055685997009277,0.9094431400299072
validation,v3_23_content_xuwangme_huffmanTree_Main.py.png,1,1,0.25248485803604126,0.7475151419639587
validation,v3_24_content_Am4teur_LinkedList_LL0.py.png,1,1,0.49342912435531616,0.5065708756446838
validation,v3_24_content_GrayHat12_Desktop-GrayBot_lyrics.py.png,1,1,0.020449936389923096,0.9795500636100769
validation,v3_24_content_MariosPitsali_algorithms-practice_ducks.py.png,1,1,0.033582329750061035,0.966417670249939
validation,v3_24_content_lesdev_SortingMethods_Insertion.py.png,1,1,0.054762423038482666,0.9452375769615173
validation,v3_24_content_pacslab_ACM-trans-papers-spider_ACMPaperSpider.py.png,1,1,0.08439791202545166,0.9156020879745483
validation,v3_25_content_OlaRonning_ah16_corenlp_gen_dep_lemma.py.png,1,1,0.02125948667526245,0.9787405133247375
validation,v3_25_content_aajanki_finnish-pos-accuracy_datasets.py.png,1,1,0.023141443729400635,0.9768585562705994
validation,v3_25_content_ryansmick_SortedOrderedDict_PersistentDict.py.png,1,1,0.23452818393707275,0.7654718160629272
validation,v3_25_content_unifiprojects_TemporalGraphs_DFS-v1.py.png,1,1,0.012472569942474365,0.9875274300575256
validation,v3_26_content_Emersonxuelinux_One_Big_Archive_TempGui.rsrc.py.png,1,1,0.32364702224731445,0.6763529777526855
validation,v3_26_content_mosco_geodesic-knn_test_dijkstra.py.png,1,1,0.09033006429672241,0.9096699357032776
validation,v3_26_content_talhakerpicci_sahibinden-house-checker_house_database.py.png,1,1,0.0348476767539978,0.9651523232460022
validation,v3_27_content_Mypathissional_Data_Structures_AVL.py.png,1,1,0.41772377490997314,0.5822762250900269
validation,v3_27_content_ayaar25_elgamalecceg_interface.py.png,1,1,0.06748968362808228,0.9325103163719177
validation,v3_27_content_gcmurillo_sortingAlgorithmsComparation_quickSort.py.png,1,1,0.03938484191894531,0.9606151580810547
validation,v3_28_content_Jvictor97_YellowFever_randDate.py.png,1,1,0.007859885692596436,0.9921401143074036
validation,v3_29_content_Q-Qing_DistributedLockDesign_leader_server.py.png,1,1,0.025493323802947998,0.974506676197052
validation,v3_29_content_vtheno_kNN_one_line.py.png,1,1,0.036202430725097656,0.9637975692749023
validation,v3_2_content_Mypathissional_Data_Structures_AVL.py.png,1,1,0.4489126205444336,0.5510873794555664
validation,v3_2_content_Rookieprogrammer521_Kruskal_Kruskal.py.png,1,1,0.2631317973136902,0.7368682026863098
validation,v3_2_content_Yash0day_ElgamalEncryption-using-ECC_Hash.py.png,1,1,0.049459099769592285,0.9505409002304077
validation,v3_2_content_cardwizard_EllipticCurves_ec_dhe.py.png,1,1,0.054892778396606445,0.9451072216033936
validation,v3_2_content_cvwilliams_BellmanFord-Python_server.py.png,1,1,0.11414140462875366,0.8858585953712463
validation,v3_2_content_polyphilz_pricing-weather-derivatives_avg_temperature_model.py.png,1,1,0.06441915035247803,0.935580849647522
validation,v3_2_content_yyqcs_time-series-model_encoder_decoder_full.py.png,1,1,0.17786765098571777,0.8221323490142822
validation,v3_30_content_sanjanprakash_Cluster-Analysis-over-Financial-Characteristics_topickle.py.png,1,0,0.7744079679250717,0.22559203207492828
validation,v3_30_content_talbrecht_ensemble-scoring_run.py.png,1,1,0.14168643951416016,0.8583135604858398
validation,v3_30_content_williamsdsantos_dijkstras_algorithm_Topology.py.png,1,0,0.5163355767726898,0.4836644232273102
validation,v3_31_content_jwjohns_binary-tree_python_binary_tree_search.py.png,1,1,0.05205953121185303,0.947940468788147
validation,v3_31_content_nazmeenkhan_Diffie-Hellman_UserB.py.png,1,1,0.15579479932785034,0.8442052006721497
validation,v3_31_content_shreyas3336_Diffie-Hellman-KeyExchange_Seeded_Random_Generator.py.png,1,1,0.010115265846252441,0.9898847341537476
validation,v3_32_content_mahtabfarrokh_classic-search_Astar.py.png,1,1,0.018332958221435547,0.9816670417785645
validation,v3_34_content_robinkthomas_DFS1_authentication.py.png,1,1,0.3517194390296936,0.6482805609703064
validation,v3_35_content_NavneetSomwal_Weather-Data-Clustering-using-k-Means_waether_data_Clustering_k-means_scikit-learn.py.png,1,1,0.006779193878173828,0.9932208061218262
validation,v3_35_content_fireclawthefox_DirectGuiDesigner_setup_p3d.py.png,1,0,0.8081908524036407,0.19180914759635925
validation,v3_36_content_akaif95_U.S-Currency-Patterns_us_currency_regex.py.png,1,1,0.025826632976531982,0.974173367023468
validation,v3_36_content_akh5113_Stooge-Merge-Insert-Sort_Homework2.py.png,1,1,0.021094799041748047,0.978905200958252
validation,v3_38_content_valuntiny_leetcode_linked_list_ii_addTwoNumbers_re.py.png,1,1,0.010565221309661865,0.9894347786903381
validation,v3_3_content_HundredVisionsGuy_DivisibilityExceptionHandlingTests_test_Divisibility.py.png,1,0,0.8275810927152634,0.17241890728473663
validation,v3_3_content_TeencodeAfrica_binary-search-lab_testBinarySearch.py.png,1,1,0.05975216627120972,0.9402478337287903
validation,v3_3_content_arshdeepmalik_Fibonacci_series_divisibility_Fibonacci_series_.py.png,1,1,0.019366204738616943,0.9806337952613831
validation,v3_3_content_cdr6934_eSMA_ExpSMA.py.png,1,1,0.004393041133880615,0.9956069588661194
validation,v3_3_content_dlohith_text-similarity_run.py.png,1,1,0.28331488370895386,0.7166851162910461
validation,v3_3_content_pedrobemer_BellmanFord_bellman-ford.py.png,1,1,0.029194951057434082,0.9708050489425659
validation,v3_3_content_ravinderiiit_Market-Basket-Optimisation-by-apriori-Algorithm_apriori.py.png,1,1,0.03346073627471924,0.9665392637252808
validation,v3_3_content_renyuntao_Floyd_Warshall_floyd.py.png,1,1,0.1098441481590271,0.8901558518409729
validation,v3_42_content_aryanshar_TextMining_magboard.py.png,1,0,0.5017288029193878,0.4982711970806122
validation,v3_43_content_odubno_ford-fulkerson-max-flow_test_max_flow.py.png,1,1,0.0036371946334838867,0.9963628053665161
validation,v3_43_content_shayanalibhatti_Designing-a-PDF-Audiobook-using-Python_PDF_reading_software.py.png,1,1,0.02705097198486328,0.9729490280151367
validation,v3_43_content_wilson9001_DHKeyExchange_DH.py.png,1,1,0.020163357257843018,0.979836642742157
validation,v3_44_content_IQbrod_Hierarchical-clustering_parthieragglo.py.png,1,1,0.21026921272277832,0.7897307872772217
validation,v3_44_content_Mazuh_Fibonacci_fib_benchmark.py.png,1,1,0.21657204627990723,0.7834279537200928
validation,v3_45_content_nialloc9_machine-learning-k-means_main.py.png,1,1,0.016196846961975098,0.9838031530380249
validation,v3_46_content_arun-p12_sort-algorithms_insertion_sort.py.png,1,1,0.18623757362365723,0.8137624263763428
validation,v3_48_content_ethanZHY_Crawler_BFS_DFS_Python3_Crawling_Doc.py.png,1,0,0.8045175820589066,0.19548241794109344
validation,v3_49_content_Darren-Drapkin_RippleSort-with-chains_RippleSort-with-chains.py.png,1,0,0.5147173702716827,0.48528262972831726
validation,v3_49_content_akshay326_k-means-clustering-api_sample_python_script.py.png,1,1,0.08829563856124878,0.9117043614387512
validation,v3_4_content_Askjensen_scikittf-idfNLTK_str_func.py.png,1,1,0.012438535690307617,0.9875614643096924
validation,v3_4_content_DebashishSarkarDurjoy_DoublyLinkedList_doublyLinkedList.py.png,1,1,0.008529961109161377,0.9914700388908386
validation,v3_4_content_alex-rantos_Project-1-Search-in-Pacman_projectParams.py.png,1,1,0.059696853160858154,0.9403031468391418
validation,v3_4_content_drinkbeer_DFS-Python_common.py.png,1,0,0.674493819475174,0.32550618052482605
validation,v3_4_content_jomse_InsertionSort_tests.py.png,1,1,0.3810175061225891,0.6189824938774109
validation,v3_50_content_mrugankray_Hierarchical_Clustering_hierarchichal_clustering.py.png,1,1,0.11572432518005371,0.8842756748199463
validation,v3_50_content_shre007_Implementation-and-comparison-of-sorting-algorithms_merge.py.png,1,0,0.7781835496425629,0.22181645035743713
validation,v3_52_content_MAXERS19_Clustering_KMeansAI.py.png,1,1,0.07181453704833984,0.9281854629516602
validation,v3_54_content_AhmedRaafat14_Binary-Tree-traversal_BST.py.png,1,1,0.24668020009994507,0.7533197999000549
validation,v3_54_content_SteevenBrunner_Bubble-sort-python_bubble_sort.py.png,1,1,0.26759767532348633,0.7324023246765137
validation,v3_58_content_Deborah-byte_data-strictures-and-algorithms_binary-search-tree-algo.py.png,1,1,0.18269383907318115,0.8173061609268188
validation,v3_58_content_tanjimingrinnell_TreeAndGraph_LinkedList.py.png,1,1,0.09648096561431885,0.9035190343856812
validation,v3_59_content_Yousab_parallel-bubble-sort-mpi_bubble_parallel.py.png,1,1,0.327115535736084,0.672884464263916
validation,v3_5_content_AdamJacoby_Hopf_Example_DihedralGroup.py.png,1,1,0.04211556911468506,0.9578844308853149
validation,v3_5_content_AdamJacoby_Hopf_Frobenius_Divisibility_Algorithm.py.png,1,0,0.7559125274419785,0.24408747255802155
validation,v3_5_content_anguillanneuf_bigO_02_linked_list.py.png,1,1,0.00798112154006958,0.9920188784599304
validation,v3_5_content_anguillanneuf_bigO_38_rabin_karp.py.png,1,1,0.013777077198028564,0.9862229228019714
validation,v3_5_content_anguillanneuf_bigO_76_longest_subsequence.py.png,1,1,0.4608761668205261,0.5391238331794739
validation,v3_5_content_brown9804_Python_DiversosAlgortimos_CreandoMatrizApartirTXT.py.png,1,1,0.05876797437667847,0.9412320256233215
validation,v3_5_content_crazamahdi_DIFFIE-HELLMAN-KEY-EXCHANGE-ALGORITHM_dhserver.py.png,1,1,0.003851771354675293,0.9961482286453247
validation,v3_5_content_gabriel-arauj_grafos_teste_desempenho.py.png,1,1,0.03737807273864746,0.9626219272613525
validation,v3_5_content_vpandeti_Routing-Protocol_RoutingProtocol.py.png,1,1,0.1473410725593567,0.8526589274406433
validation,v3_61_content_AaronRobson_sequences_decorators.py.png,1,0,0.5673545300960541,0.4326454699039459
validation,v3_61_content_AaronRobson_sequences_fibonacci_numbers.py.png,1,1,0.044251859188079834,0.9557481408119202
validation,v3_61_content_AaronRobson_sequences_prime_gui.py.png,1,1,0.19857370853424072,0.8014262914657593
validation,v3_61_content_cthorrez_deepsetLinkage_baselines.py.png,1,1,0.02003765106201172,0.9799623489379883
validation,v3_61_content_hlalit_Data-Structures-Python_BinaryTree.py.png,1,1,0.02023416757583618,0.9797658324241638
validation,v3_64_content_YifeiY_Depth-of-BTS_BTS_Depth.py.png,1,0,0.7715085595846176,0.22849144041538239
validation,v3_65_content_josephnavarro_space-strategy_conversation.py.png,1,1,0.034566402435302734,0.9654335975646973
validation,v3_6_content_HaoLyu_Association-rule-learning_Apriori.py.png,1,1,0.06491762399673462,0.9350823760032654
validation,v3_6_content_chiragragarwal_Graphs_And_Networks_numpy_help.py.png,1,1,0.1298176646232605,0.8701823353767395
validation,v3_6_content_coorty_apriori-agorithm-python_test_apriori_command_line.py.png,1,1,0.05550307035446167,0.9444969296455383
validation,v3_6_content_marcelotokarnia_dojo-divisibility-rules_is_divisible.py.png,1,1,0.013511180877685547,0.9864888191223145
validation,v3_6_content_samirgupta_PubmedClustering_dumpDiseaseDict.py.png,1,1,0.001676023006439209,0.9983239769935608
validation,v3_6_content_yashambre_Document-Matching-Algorithm_DM.py.png,1,1,0.018849849700927734,0.9811501502990723
validation,v3_6_content_yasinakinn_hierarchical-clustering_linkage_methods.py.png,1,1,0.013334095478057861,0.9866659045219421
validation,v3_6_content_zhenv5_breaking_cycles_in_noisy_hierarchies_synthetic_performance.py.png,1,1,0.0127028226852417,0.9872971773147583
validation,v3_70_content_metr0jw_video-liveness-measurement_video_cut_itzy.py.png,1,1,0.030231177806854248,0.9697688221931458
validation,v3_73_content_hoopghetto_dfs-optimizer_settings.py.png,1,1,0.007002711296081543,0.9929972887039185
validation,v3_76_content_sylvain-reynaud_projet-voltaire-solver_projetvoltairesolver.py.png,1,1,0.21142607927322388,0.7885739207267761
validation,v3_76_content_yingtaoluo_Latent-Factor-Model-with-JIT-CUDA-on-movielens_predict.py.png,1,1,0.43532973527908325,0.5646702647209167
validation,v3_77_content_mehtaravina_ScaleableComputingDFS_Client.py.png,1,0,0.6242485642433167,0.37575143575668335
validation,v3_78_content_FernandoDurier_apa-dijkstra___main__.py.png,1,1,0.017504096031188965,0.982495903968811
validation,v3_78_content_edisoncast_DES-UOC_Dictionary.py.png,1,1,0.011142492294311523,0.9888575077056885
validation,v3_79_content_lorenzo3117_python-sorting-scripts_heapSort.py.png,1,1,0.13480901718139648,0.8651909828186035
validation,v3_79_content_s1ssagar_fibonacci-finding-easy_fibonacci-finding-easy.py.png,1,1,0.042124390602111816,0.9578756093978882
validation,v3_7_content_Aly-Tomato_Prims-and-Kruskals_prims.py.png,1,1,0.016046106815338135,0.9839538931846619
validation,v3_7_content_DMDarkness_Data-mining_Example_pybpsohd.py.png,1,1,0.00624006986618042,0.9937599301338196
validation,v3_7_content_allenabraham999_Bubble-sort_bubble_sort.py.png,1,1,0.008977949619293213,0.9910220503807068
validation,v3_7_content_ardyerwanda_SDN-Bellman-Ford-Pyretic_routing2cost.py.png,1,1,0.033541977405548096,0.9664580225944519
validation,v3_7_content_denisyarats_pytorch_sac_ae_decoder.py.png,1,1,0.053054988384246826,0.9469450116157532
validation,v3_7_content_udaram_Data-Structure_Doubly_linklist.py.png,1,1,0.11130106449127197,0.888698935508728
validation,v3_7_content_usbogie_MSTcreator_Node.py.png,1,1,0.021758735179901123,0.9782412648200989
validation,v3_81_content_gautam9595_BIC-Selhoutte_Optimal_K_using_BIC-selhoutte_Iris.py.png,1,1,0.012610316276550293,0.9873896837234497
validation,v3_82_content_Xalvom_python-bfs-dfs_bfs.py.png,1,1,0.07173073291778564,0.9282692670822144
validation,v3_84_content_WizHacks_ChordDFS_topo.py.png,1,1,0.03963649272918701,0.960363507270813
validation,v3_88_content_NoFishLikeIan_Dijkstra_currency_currency_api.py.png,1,1,0.05928385257720947,0.9407161474227905
validation,v3_8_content_Omig12_dfs_delete.py.png,1,1,0.024489939212799072,0.9755100607872009
validation,v3_8_content_Shreyaskulkarni98_MarketAnalysis_Basic_Main.py.png,1,1,0.030332088470458984,0.969667911529541
validation,v3_8_content_chiragragarwal_Graphs_And_Networks_graph_plot.py.png,1,1,0.06824684143066406,0.9317531585693359
validation,v3_8_content_drake-young_Euler12_Python_main.py.png,1,1,0.038883209228515625,0.9611167907714844
validation,v3_8_content_haozou-official_DFS-BFS-in-Maze_myqueue.py.png,1,1,0.37368863821029663,0.6263113617897034
validation,v3_8_content_karangargg_trees-notes_trees1.py.png,1,0,0.6901121437549591,0.3098878562450409
validation,v3_8_content_minjiang93_ECC_ecc.py.png,1,0,0.6773014664649963,0.32269853353500366
validation,v3_8_content_shukali_tweet-similarity-ranking_tweetranking.py.png,1,1,0.08155936002731323,0.9184406399726868
validation,v3_8_content_uzzielc_Document_Similarity_using_TF-IDF_with_Cosine_Dist_article.py.png,1,1,0.01775902509689331,0.9822409749031067
validation,v3_92_content_tule2236_superheros-social-graph_degrees-of-seperation.py.png,1,1,0.04605138301849365,0.9539486169815063
validation,v3_95_content_anapandza_ComputerNetworks_Dijkstra.py.png,1,1,0.03068917989730835,0.9693108201026917
validation,v3_99_content_mincanhe_Network-routing-protocol_Dijkstra.py.png,1,1,0.09543013572692871,0.9045698642730713
validation,v3_9_content_MauTorresE_ARIMA-Forecasting-AutoSelectParams_ARIMA_model.py.png,1,1,0.12202423810958862,0.8779757618904114
validation,v3_9_content_Soumyabrata_predicting-pwv_grid_search.py.png,1,1,0.023919343948364258,0.9760806560516357
