training,attempt,epoch,accuracy,ce,loss,val_accuracy,val_ce,val_loss,learning_rate
fold1,2,1,0.5239043831825256,0.7460817098617554,0.7991453409194946,0.5415472984313965,0.6799922585487366,0.730827271938324,9.999999747378752e-06
fold1,2,2,0.5901394486427307,0.6617870330810547,0.711995005607605,0.5730658769607544,0.6746838688850403,0.7251235246658325,9.999999747378752e-06
fold1,2,3,0.6718127727508545,0.6103402376174927,0.6613882780075073,0.6045845150947571,0.6638005971908569,0.7139739394187927,9.999999747378752e-06
fold1,2,4,0.7196215391159058,0.5541222095489502,0.6047959327697754,0.593123197555542,0.6693112254142761,0.7192691564559937,9.999999747378752e-06
fold1,2,5,0.7803784608840942,0.4851364493370056,0.536494791507721,0.593123197555542,0.6763938665390015,0.7261637449264526,9.999999747378752e-06
fold1,2,6,0.8510956168174744,0.38910454511642456,0.4391727149486542,0.5902578830718994,0.6921561360359192,0.7418439984321594,4.999999873689376e-06
fold1,2,7,0.8854581713676453,0.33771297335624695,0.3883584141731262,0.5902578830718994,0.7049949765205383,0.7546049952507019,4.999999873689376e-06
fold2,2,1,0.52182537317276,0.7630904912948608,0.8129220008850098,0.5474860072135925,0.6824721097946167,0.7332698106765747,9.999999747378752e-06
fold2,2,2,0.6339285969734192,0.6503748893737793,0.7025325298309326,0.6089385747909546,0.6604433655738831,0.7108121514320374,9.999999747378752e-06
fold2,2,3,0.6840277910232544,0.596126914024353,0.6472209692001343,0.5782122611999512,0.6892698407173157,0.7393357157707214,9.999999747378752e-06
fold2,2,4,0.7361111044883728,0.532456636428833,0.5841696262359619,0.5586591958999634,0.714742124080658,0.764575719833374,9.999999747378752e-06
fold2,2,5,0.8125,0.44046443700790405,0.49133187532424927,0.5810055732727051,0.7137587070465088,0.7634894251823425,4.999999873689376e-06
fold2,2,6,0.8482142686843872,0.39496493339538574,0.4459978938102722,0.583798885345459,0.726618766784668,0.7762588262557983,4.999999873689376e-06
fold3,2,1,0.5206030011177063,0.7548770904541016,0.806705892086029,0.5856353640556335,0.6779000163078308,0.7287499308586121,9.999999747378752e-06
fold3,2,2,0.6065326929092407,0.6632344722747803,0.7146156430244446,0.610497236251831,0.6604909896850586,0.7109720706939697,9.999999747378752e-06
fold3,2,3,0.6743718385696411,0.6064911484718323,0.6585292220115662,0.591160237789154,0.6652660369873047,0.7155036926269531,9.999999747378752e-06
fold3,2,4,0.7457286715507507,0.5285723209381104,0.5801446437835693,0.6049723625183105,0.6826804280281067,0.7327215075492859,9.999999747378752e-06
fold3,2,5,0.8085427284240723,0.451359361410141,0.5022212862968445,0.580110490322113,0.6921303868293762,0.7420865297317505,4.999999873689376e-06
fold3,2,6,0.8361809253692627,0.39638787508010864,0.44744813442230225,0.5635359287261963,0.7195425033569336,0.7694165110588074,4.999999873689376e-06
fold4,2,1,0.5381565690040588,0.7691229581832886,0.8253819346427917,0.5127478837966919,0.6989700794219971,0.7496815919876099,9.999999747378752e-06
fold4,2,2,0.6065411567687988,0.6636989712715149,0.7135394811630249,0.5609065294265747,0.671453595161438,0.7217418551445007,9.999999747378752e-06
fold4,2,3,0.6674925684928894,0.6038666367530823,0.6549675464630127,0.6062322854995728,0.6633163690567017,0.7132989764213562,9.999999747378752e-06
fold4,2,4,0.7333993911743164,0.5360423922538757,0.5880351066589355,0.6147308945655823,0.6632389426231384,0.7129905223846436,9.999999747378752e-06
fold4,2,5,0.7740337252616882,0.48004910349845886,0.5300004482269287,0.6033994555473328,0.695141613483429,0.744714081287384,9.999999747378752e-06
fold4,2,6,0.8587710857391357,0.3671981990337372,0.4175454378128052,0.6090651750564575,0.6884176731109619,0.7379105687141418,4.999999873689376e-06
fold4,2,7,0.8810703754425049,0.3194575011730194,0.36985233426094055,0.620396614074707,0.7041709423065186,0.7535881996154785,4.999999873689376e-06
fold4,2,8,0.9266600608825684,0.2613973617553711,0.31134286522865295,0.623229444026947,0.7178198099136353,0.767199695110321,2.499999936844688e-06
fold5,1,1,0.5161610841751099,0.7385851144790649,0.7837213277816772,0.5521126985549927,0.6902533769607544,0.7315350770950317,9.999999747378752e-05
fold5,1,2,0.5285927653312683,0.6931419372558594,0.7296199202537537,0.5464788675308228,0.6928693652153015,0.7252829074859619,9.999999747378752e-05
fold5,1,3,0.5643958449363708,0.7358126640319824,0.7589223980903625,0.5549295544624329,0.6875302195549011,0.7136132717132568,9.999999747378752e-05
fold5,1,4,0.550969660282135,0.6983316540718079,0.7211018800735474,0.5605633854866028,0.686153769493103,0.707622766494751,9.999999747378752e-05
fold5,1,5,0.5569368600845337,0.693250298500061,0.7127097845077515,0.5605633854866028,0.682129442691803,0.700179398059845,9.999999747378752e-05
fold5,1,6,0.5574341416358948,0.6879827380180359,0.7043094635009766,0.5633803009986877,0.6815020442008972,0.6969687342643738,9.999999747378752e-05
fold5,1,7,0.5594231486320496,0.7079154849052429,0.7193790674209595,0.5605633854866028,0.6863153576850891,0.6998404264450073,9.999999747378752e-05
fold5,1,8,0.547488808631897,0.6919472217559814,0.7050431370735168,0.5549295544624329,0.6883068084716797,0.7003253102302551,9.999999747378752e-05
fold5,1,9,0.5549477934837341,0.6991155743598938,0.710376501083374,0.5577464699745178,0.6847591996192932,0.6961164474487305,4.999999873689376e-05
fold5,1,10,0.5648930668830872,0.6931808590888977,0.7030983567237854,0.5718309879302979,0.6764664053916931,0.6871979832649231,4.999999873689376e-05
fold5,1,11,0.5579313635826111,0.6889619827270508,0.6982607245445251,0.5605633854866028,0.6824519634246826,0.692605197429657,4.999999873689376e-05
fold5,1,12,0.5653903484344482,0.683559775352478,0.6931830644607544,0.5633803009986877,0.6792110800743103,0.6888168454170227,4.999999873689376e-05
fold5,1,13,0.5693684816360474,0.6785576939582825,0.6883307099342346,0.5661971569061279,0.6774821281433105,0.6868177652359009,2.499999936844688e-05
fold5,1,14,0.5728493332862854,0.6748079061508179,0.6837975382804871,0.5690140724182129,0.6773577928543091,0.6864233016967773,2.499999936844688e-05
final,2,1,0.5159835815429688,0.752998948097229,0.8010652661323547,0.5398058295249939,0.6813986301422119,0.7319608926773071,9.999999747378752e-06
final,2,2,0.6000000238418579,0.6590281128883362,0.7088580131530762,0.5786407589912415,0.6649042963981628,0.7149086594581604,9.999999747378752e-06
final,2,3,0.6696721315383911,0.5987805724143982,0.649202287197113,0.6019417643547058,0.6656373739242554,0.7152430415153503,9.999999747378752e-06
final,2,4,0.7372950911521912,0.5311425924301147,0.5816600918769836,0.6213592290878296,0.6800039410591125,0.729317307472229,9.999999747378752e-06
final,2,5,0.8143442869186401,0.43857982754707336,0.48880019783973694,0.5553398132324219,0.7466270327568054,0.7958226799964905,4.999999873689376e-06
final,2,6,0.8459016680717468,0.3908843398094177,0.4409276247024536,0.5766990184783936,0.7257845997810364,0.7748755812644958,4.999999873689376e-06
