egitim,deneme,lr,epoch,train_loss,val_ce,val_accuracy,val_f1_weighted,sure_sn
kat1,1,2e-05,1,0.6793999519173559,0.6845182437747837,0.5720430107526882,0.5051181779918467,43.7
kat1,1,2e-05,2,0.6012327155250343,0.5786413724208492,0.7010752688172043,0.6911597862530091,43.0
kat1,1,2e-05,3,0.5041086575759448,0.5948826523957023,0.7225806451612903,0.7104189041036761,42.8
kat1,1,2e-05,4,0.43619416302892655,0.748684511789448,0.7032258064516129,0.6804242016135433,43.0
kat2,1,2e-05,1,0.6782760669017784,0.6923162281909925,0.5424836601307189,0.43760143170388377,43.2
kat2,1,2e-05,2,0.5902539712945545,0.6408295804173224,0.6514161220043573,0.6195592336107015,43.3
kat2,1,2e-05,3,0.4936874769360447,0.7916495789942721,0.6666666666666666,0.6325973969818827,43.2
kat2,1,2e-05,4,0.41241304066546247,0.7793829555947205,0.6993464052287581,0.6744800647593595,43.3
kat3,1,2e-05,1,0.6775115110172306,0.5751033390246675,0.7040169133192389,0.7021743308626295,43.2
kat3,1,2e-05,2,0.5715285006893603,0.7282436181379447,0.6553911205073996,0.6190926232506003,43.1
kat3,1,2e-05,3,0.4477855290465724,0.4927219173397279,0.7801268498942917,0.7761216780960275,43.1
kat3,1,2e-05,4,0.3775415626751635,0.7195641633042209,0.7357293868921776,0.7227876862544724,43.2
kat3,1,2e-05,5,0.32438461380771877,0.7456255900845808,0.7547568710359408,0.7448452339751065,43.3
kat4,1,2e-05,1,0.6605181437681231,0.8010852634144798,0.599128540305011,0.542059493340666,43.3
kat4,1,2e-05,2,0.5648515605602135,0.5814843533135018,0.6862745098039216,0.6655587582885544,43.3
kat4,1,2e-05,3,0.4622864278535994,0.6463267844209896,0.6971677559912854,0.6719804491037118,43.3
kat4,1,2e-05,4,0.40298231438264104,0.6328221164051724,0.7145969498910676,0.6981123587397529,43.3
kat5,1,2e-05,1,0.6885298784712244,0.6515285344676043,0.5991471215351812,0.5634142894992493,43.3
kat5,1,2e-05,2,0.6154787230455542,0.6556761132867717,0.650319829424307,0.6239422408704577,43.4
kat5,1,2e-05,3,0.5217274270957388,0.5510829511051808,0.7292110874200426,0.72123603566313,43.3
kat5,1,2e-05,4,0.43761235715808694,0.5543718053652819,0.7505330490405118,0.7439263452637687,43.3
kat5,1,2e-05,5,0.3777169356465249,0.5935350301517992,0.7633262260127932,0.7563559051858851,43.3
son,1,2e-05,1,0.6843348787466037,0.6379212315217448,0.6327800829875518,0.6012555221330512,44.2
son,1,2e-05,2,0.5987460270949141,0.6613794249531777,0.6493775933609959,0.6192778714151732,44.1
son,1,2e-05,3,0.5064604560416378,0.5898803508428868,0.7344398340248963,0.7218200028616397,44.2
son,1,2e-05,4,0.4296364974604575,0.7125228671573244,0.7033195020746889,0.6831563282064965,44.2
son,1,2e-05,5,0.3782377852614874,0.6552713340410005,0.7323651452282157,0.7204096162005509,44.2
