set,file,true,pred,prob_Human-written,prob_V5
test,20_content_IbrahimAyed_Multifractal-analysis-of-natural-images_zoom.py.png,0,0,0.9998825624206802,0.00011743757931981236
test,39_content_hamidaucc_Link-state-protocol-in-python_Test.py.png,0,0,0.9732665400952101,0.026733459904789925
test,50_content_shre007_Implementation-and-comparison-of-sorting-algorithms_quick.py.png,0,0,0.9852801375091076,0.01471986249089241
test,11_content_reo11_aes-for-japanese-learner_predict_with_bert.py.png,0,0,0.9975662548094988,0.002433745190501213
test,v5_1_content_nilsonneto_floydWarshall_main.py.png,1,1,0.2840302586555481,0.7159697413444519
test,42_content_aryanshar_TextMining_magboard.py.png,0,0,0.9999612671963405,3.873280365951359e-05
test,v5_8_content_KreandOStudio_FizzBuzz_fizzbuzz.py.png,1,0,0.9218775629997253,0.07812243700027466
test,v5_17_content_pandaychen_AES_udpserver_aes_udpserver.py.png,1,1,0.008445203304290771,0.9915547966957092
test,6_content_chiragragarwal_Graphs_And_Networks_numpy_help.py.png,0,0,0.999351424688939,0.0006485753110609949
test,48_content_harishchellappa_Time-Series-Analysis-Bike-Sharing-Demand-Forecasting_forecasting_2.py.png,0,0,0.9998587320587831,0.0001412679412169382
test,6_content_gionanide_Cryptography_Decrypt_Hip_replacement.py.png,0,0,0.954499825835228,0.045500174164772034
test,v5_2_content_adwansyed_Market-Basket-Analysis-Apriori_bruteforce_marketbasketanalysis.py.png,1,1,0.00304257869720459,0.9969574213027954
test,v5_3_content_akh5113_BFS-Wrestling-Teams_Homework5.py.png,1,1,0.0039058327674865723,0.9960941672325134
test,v5_36_content_aholyoke_bfs_vs_dfs_bfs.py.png,1,1,0.11337780952453613,0.8866221904754639
test,19_content_longnguyen1997_linear-versus-binary-search_search_runtime_longnguyen.py.png,0,0,0.7169825732707977,0.28301742672920227
test,73_content_elados93_AI_Ex1_BFS.py.png,0,0,0.6842749118804932,0.31572508811950684
test,v5_5_content_brown9804_Python_DiversosAlgortimos_Maquina_Atwood.py.png,1,1,0.029813289642333984,0.970186710357666
test,v5_9_content_MauTorresE_ARIMA-Forecasting-AutoSelectParams_ARIMA_model.py.png,1,1,0.26908165216445923,0.7309183478355408
test,5_content_AdamJacoby_Hopf_Example_Matrix_Algebra.py.png,0,0,0.9776937998831272,0.022306200116872787
test,11_content_VictorDebray_Analysis-DFS-BFS-AStar_utils.py.png,0,0,0.9544739536941051,0.04552604630589485
test,6_content_seonkyuKim_DFA_DFA.py.png,0,0,0.8982392624020576,0.10176073759794235
test,v5_16_content_apriven_linked_lists_scratch.py.png,1,1,0.30489856004714966,0.6951014399528503
test,2_content_radinhamidi_BellmanFord_BellmanFord_main.py.png,0,0,0.9998580755927833,0.00014192440721672028
test,v5_58_content_tarasrumezhak_TicTacToe_board.py.png,1,0,0.5917781591415405,0.4082218408584595
test,v5_5_content_gabriel-arauj_grafos_matriz.py.png,1,1,0.13838428258895874,0.8616157174110413
test,v5_16_content_hoefler02_diffie-hellman_dh_client.py.png,1,1,0.10877710580825806,0.8912228941917419
test,3_content_6e726d_binaryninja-search___init__.py.png,0,1,0.016217589378356934,0.9837824106216431
test,5_content_anguillanneuf_bigO_76_longest_subsequence.py.png,0,0,0.9998339683370432,0.0001660316629568115
test,v5_24_content_GrayHat12_Desktop-GrayBot_lyrics.py.png,1,1,0.007805347442626953,0.992194652557373
test,v5_10_content_nishi1612_Email-Spam-Classification-using-SVM_svm_implementation.py.png,1,0,0.8241797536611557,0.1758202463388443
test,1_content_jwan659_forex-arbitrage_Vert.py.png,0,0,0.6264889240264893,0.37351107597351074
test,v5_7_content_DMHarish_Linear_search_LinearSearch.py.png,1,0,0.7225282192230225,0.27747178077697754
test,v5_1_content_akhilesh1311_MazeSolver_q3.py.png,1,1,0.01127314567565918,0.9887268543243408
test,v5_14_content_Dawlatly_Recommender-system_apriori.py.png,1,1,0.0032659173011779785,0.996734082698822
test,39_content_alejandrakudo_BinarySearch-Sorting_CISC121_Assignment_3_exampleSolution.py.png,0,1,0.2112116813659668,0.7887883186340332
test,v5_6_content_muhammadhabibi_CBS01_NaiveBayesNLTK.py.png,1,1,0.00024133920669555664,0.9997586607933044
test,6_content_sockster_metroCard_metroCard.py.png,0,0,0.9961241378914565,0.003875862108543515
test,2_content_judeisnotobscure_linked_list_linked_list.py.png,0,0,0.6446357071399689,0.35536429286003113
test,9_content_canonicalmg_FAQ-Chat-Bot_main.py.png,0,1,0.2742069363594055,0.7257930636405945
test,60_content_michaelstrefeler_pyFibonacci_fibonacci.py.png,0,0,0.9998033017036505,0.00019669829634949565
test,9_content_ezequielbrrt_insertionSortPython_barra.py.png,0,0,0.8848310708999634,0.11516892910003662
test,v5_6_content_pushpanjalis_Basic-python-code_basic_code.py.png,1,0,0.6521213948726654,0.3478786051273346
test,5_content_kheguy_bubbleSort_bubbleSort.py.png,0,0,0.9977437818888575,0.002256218111142516
test,31_content_Cadellinman_RB-EmailSorter_RedBubbleSorter.py.png,0,0,0.9998939961224096,0.00010600387759041041
test,v5_10_content_Suji04_ML-Clustering_hccluster.py.png,1,1,0.0009347796440124512,0.9990652203559875
test,v5_33_content_wpaturaj_FuzzyKNN_Sample_read.py.png,1,1,0.004596352577209473,0.9954036474227905
test,v5_7_content_jakobpederson_divisible_pair_sums_divisible_pair_sums.py.png,1,1,0.06545275449752808,0.9345472455024719
test,v5_6_content_HaoLyu_Association-rule-learning_Apriori.py.png,1,1,0.06368041038513184,0.9363195896148682
test,v5_5_content_gabriel-arauj_grafos_teste_desempenho.py.png,1,1,0.005610406398773193,0.9943895936012268
test,v5_21_content_yashag66_Python-Code-Samples_hashingString.py.png,1,1,0.37968921661376953,0.6203107833862305
test,v5_7_content_git-remove_CBC-and-CTR-Decipher_decipher.py.png,1,1,0.00019812583923339844,0.9998018741607666
test,77_content_elisawarner_Fun_determinant.py.png,0,0,0.8704999536275864,0.12950004637241364
test,3_content_dare2095_EllipticCurveProject_ec_run.sage.py.png,0,0,0.9998862245629425,0.00011377543705748394
test,v5_7_content_chmullig_culpabuddies_hello.py.png,1,1,0.0022846460342407227,0.9977153539657593
test,v5_85_content_Dimildizio_pyqt_traincars_sort_cars_coal.py.png,1,1,0.40304094552993774,0.5969590544700623
test,1_content_sadnessFree_arima-lstm_combine.py.png,0,0,0.9999976464296196,2.3535703803645447e-06
test,33_content_gquintela_bfs_graph.py.png,0,0,0.9997613122395705,0.00023868776042945683
test,15_content_ronma1_Dijkstra_graph_algo.py.png,0,0,0.8032849282026291,0.1967150717973709
test,v5_11_content_sichen-x_search-engine_index_search.py.png,1,1,0.02323812246322632,0.9767618775367737
test,7_content_shuming1211_CMU_project_BinaryClassifier_decisionTree.py.png,0,0,0.9996088958869223,0.00039110411307774484
test,36_content_aholyoke_bfs_vs_dfs_bfs.py.png,0,0,0.9326992854475975,0.0673007145524025
test,v5_22_content_cneally_BubbleSortingAlgorithm_bubble_sort.py.png,1,1,0.07999098300933838,0.9200090169906616
test,v5_48_content_ethanZHY_Crawler_BFS_DFS_Python3_Crawling_Doc.py.png,1,0,0.9999446921683557,5.530783164431341e-05
test,6_content_gionanide_Cryptography_ECC_DH_key_exchange.py.png,0,0,0.9835689328610897,0.016431067138910294
test,61_content_cthorrez_deepsetLinkage_baselines.py.png,0,0,0.5075214505195618,0.49247854948043823
test,1_content_shahzad-virani_Distance-vector_DVR.py.png,0,0,0.895778015255928,0.10422198474407196
test,v5_5_content_GregLahaye_wikipedia-game_wikipedia.py.png,1,1,0.347800076007843,0.652199923992157
test,67_content_TadayoshiCarvajal_Sorting-in-Python_sortingAlgorithms.py.png,0,0,0.5890708267688751,0.4109291732311249
test,18_content_o-az_Insertion-vs-Merge_MergeSort.py.png,0,0,0.9934323318302631,0.006567668169736862
test,46_content_arun-p12_sort-algorithms_quick_sort.py.png,0,0,0.9987910484196618,0.00120895158033818
test,89_content_agarwalr98_K-means-Clustering_plot.py.png,0,0,0.9999449580900546,5.5041909945430234e-05
test,v5_20_content_shamo0_Binary_Search_Tree_treap.py.png,1,1,0.08103203773498535,0.9189679622650146
test,12_content_aabulhaj_SpectralClustering_spectral_clustering.py.png,0,1,0.21497172117233276,0.7850282788276672
test,36_content_hasanunl_Hierarchical-Clustering-in-Python-Training_hc_training.py.png,0,0,0.9999405291164294,5.947088357061148e-05
test,v5_84_content_WizHacks_ChordDFS_topo.py.png,1,1,0.002316117286682129,0.9976838827133179
test,26_content_naviechan_sortingAlgorithmDemo_selectionSort.py.png,0,0,0.8288058936595917,0.17119410634040833
test,v5_2_content_MrPatel95_Apriori-Algorithm_generateDatabse.py.png,1,1,0.032154858112335205,0.9678451418876648
test,3_content_harisrkhan7_FloydWarshallAlgorithmParallelisation_goodgraph.py.png,0,0,0.9889382356777787,0.01106176432222128
test,v5_36_content_prakhardogra921_Clustering-using-Kmeans-Cmeans-and-GMM_gmm_sklearn.py.png,1,1,0.03040403127670288,0.9695959687232971
test,2_content_johndoe31415_toyecc_dual_ec_drbg.py.png,0,0,0.9998091278830543,0.00019087211694568396
test,v5_1_content_dedeco_dijkstra-bellman-ford_teste_lobo_djt.py.png,1,1,0.3882157802581787,0.6117842197418213
test,92_content_tule2236_superheros-social-graph_degrees-of-seperation.py.png,0,0,0.99997536950832,2.4630491679999977e-05
test,v5_4_content_mincanhe_Network-routing-protocol_kruskal.py.png,1,0,0.9699193835258484,0.03008061647415161
test,65_content_josephnavarro_space-strategy_conversation.py.png,0,0,0.8112780898809433,0.1887219101190567
test,7_content_j2kun_binary-search-graphs_dijkstra.py.png,0,0,0.9623351991176605,0.03766480088233948
test,6_content_programmer290399_Youtube-transcript-extractor_links_finder.py.png,0,0,0.9996589128277265,0.00034108717227354646
test,v5_3_content_dlohith_text-similarity_utils.py.png,1,1,0.00041669607162475586,0.9995833039283752
test,42_content_tesladodger_Fibonacci_fibonacci.py.png,0,0,0.9574051015079021,0.042594898492097855
test,26_content_bahadircolak44_EllipticCurve_EllipticCurve.py.png,0,0,0.9850385989993811,0.014961401000618935
test,v5_14_content_wiktorjl_algorithm-apriori_apriori.py.png,1,1,0.0030292272567749023,0.9969707727432251
test,v5_37_content_bouziane-meed_time-series-forcasting-using-ARIMA_app.py.png,1,1,0.003231525421142578,0.9967684745788574
test,v5_18_content_10elements_BinaryTree_binaryTree.py.png,1,1,0.2596518397331238,0.7403481602668762
test,v5_29_content_gentom_sentences-similarity-cluster_levenshtein.py.png,1,1,0.0053713321685791016,0.9946286678314209
test,21_content_danielleos_Fibonacci-Generator_main.py.png,0,0,0.9848953280597925,0.015104671940207481
test,4_content_hyper750_factorialhr_constants.py.png,0,0,0.9996820311062038,0.0003179688937962055
test,27_content_ayaar25_elgamalecceg_pointoperatorecc.py.png,0,0,0.9967722133733332,0.0032277866266667843
test,29_content_vtheno_kNN_one_line.py.png,0,0,0.9999870529818509,1.2947018149134237e-05
test,30_content_thomasjedstrom_Bubble_Sort_Selection_Sort.py.png,0,0,0.9865151531994343,0.01348484680056572
test,1_content_pinasu_Python-Kruskal_kruskal.py.png,0,0,0.9983317293226719,0.0016682706773281097
test,v5_1_content_shkolovy_path-finder-algorithms_b_star.py.png,1,1,0.043958187103271484,0.9560418128967285
test,v5_18_content_matinpf_ECDHE_RSA_Python_main.py.png,1,1,0.0016260147094726562,0.9983739852905273
test,v5_7_content_GabrielBortolote_BFS-and-DFS-Tree_BFS.py.png,1,1,0.017718970775604248,0.9822810292243958
test,41_content_akshay-gupta7_kmeans-using-mapreduce_k_means_reducer.py.png,0,0,0.9995534452609718,0.0004465547390282154
test,6_content_gabrielmbmb_aes_crypt.py.png,0,0,0.7949383407831192,0.2050616592168808
test,v5_3_content_WDI-SEA_python-linked-lists_linkedlist-test.py.png,1,1,0.23662370443344116,0.7633762955665588
test,v5_3_content_tgoodwin_bellman-ford_bfclient.py.png,1,1,0.004149913787841797,0.9958500862121582
test,v5_5_content_kushagradarkdk_AssociationRuleMining_Apriori_Comet.py.png,1,1,0.0035462379455566406,0.9964537620544434
test,3_content_victornguyen75_x-factor_source.py.png,0,0,0.9999116500839591,8.834991604089737e-05
test,15_content_VakinduPhilliam_Pattern_Matching_Python_Difflib_Pattern_Matching_Get_Close_Matches.py.png,0,0,0.9997568023827625,0.00024319761723745614
test,v5_6_content_gionanide_Cryptography_manipulate_CRC_computations.py.png,1,1,0.009677469730377197,0.9903225302696228
test,v5_54_content_SteevenBrunner_Bubble-sort-python_bubble_sort.py.png,1,1,0.011556804180145264,0.9884431958198547
test,99_content_erastus-murungi_binary_search_trees_splaytree.py.png,0,0,0.7544940561056137,0.2455059438943863
test,2_content_kaushiksk_multi-time-interval-apriori_config.py.png,0,0,0.9997075866267551,0.00029241337324492633
test,v5_61_content_hlalit_Data-Structures-Python_BinaryTree.py.png,1,1,0.3731461763381958,0.6268538236618042
test,23_content_changchanglccc_kNN_test.py.png,0,0,0.9998982883334975,0.00010171166650252417
test,v5_16_content_hungapp_big_o_06-09.py.png,1,0,0.9949022862128913,0.00509771378710866
test,v5_19_content_psvelezm_printSet_Pedro_Velez_pgm.py.png,1,1,0.005243241786956787,0.9947567582130432
test,85_content_leandrocamara_map-reduce-words-higher-occurrence_words-higher-occurrence.py.png,0,0,0.999996499909912,3.500090087982244e-06
test,11_content_mrluin_EfficientAutoDeeplab_evaluation.py.png,0,1,0.2669719457626343,0.7330280542373657
test,v5_4_content_gbrlcustodio_forecasting_genetic_alg.py.png,1,1,0.07961297035217285,0.9203870296478271
test,88_content_andreaestrada_mazecrawler_server.py.png,0,0,0.9944750908762217,0.005524909123778343
test,v5_5_content_AdamJacoby_Hopf_Frobenius_Tools.py.png,1,0,0.5186146795749664,0.48138532042503357
test,8_content_jasminegrewal_Naive-Bayes-KNN-Logistic-Regression_3b_knn.py.png,0,0,0.9008808881044388,0.09911911189556122
test,29_content_SomeshKashyap_Hierarchical-Clustering_HierarchicalClustering.py.png,0,0,0.9999605803495797,3.94196504203137e-05
test,3_content_Sapphirine_Detecting-and-Predicting-the-Impact-of-Events_calc_train_anamoly_10ile-Copy5.py.png,0,0,0.9564957953989506,0.04350420460104942
test,v5_1_content_colettebedoya_primsAndKruskal_DisjointSet.py.png,1,1,0.04147064685821533,0.9585293531417847
test,18_content_ppke-nlpg_emmorphpy_test.py.png,0,0,0.9974877876229584,0.0025122123770415783
test,44_content_emilgab_bubble-sort_bubble_sort.py.png,0,1,0.0965462327003479,0.9034537672996521
test,10_content_bradib0y_searchalgorithms_app.py.png,0,0,0.5959300398826599,0.4040699601173401
test,v5_7_content_aira26_HomeWork3_bubblesortclass.py.png,1,1,0.15717238187789917,0.8428276181221008
test,53_content_ding-si-han_Flight-Length-BFS_graph.py.png,0,0,0.9999729422070232,2.705779297684785e-05
test,v5_1_content_aviralmathur_Word2Vec_Word2Vec_AverageVectors.py.png,1,1,0.008913815021514893,0.9910861849784851
test,v5_37_content_AAdewunmi_Following-Links-in-HTML-Using-BeautifulSoup_assign_12.6.py.png,1,1,0.07553738355636597,0.924462616443634
test,46_content_vaish06_EurailShortestPath_brainstorm.py.png,0,0,0.9996134377724957,0.0003865622275043279
test,9_content_tusharnema_Implementing-Algorithms-in-python_mypythontree.py.png,0,0,0.7314705848693848,0.26852941513061523
test,10_content_mohamedScikitLearn_Information-retrieval--Text-mining-_Version_2.py.png,0,0,0.9613969884812832,0.03860301151871681
test,v5_10_content_Chinmay-395_AES-algorithm-using-GUI_CNSmini1.py.png,1,1,0.17864513397216797,0.821354866027832
test,v5_92_content_tule2236_superheros-social-graph_degrees-of-seperation.py.png,1,1,0.0005843043327331543,0.9994156956672668
test,v5_47_content_mathwoods_binseqcomp_binseqcomp.py.png,1,1,0.0020455121994018555,0.9979544878005981
test,v5_21_content_rahul494_Mental-Health-On-Twitter-Analysis_relevant_tweet_filter.py.png,1,1,0.1016840934753418,0.8983159065246582
test,21_content_yashag66_Python-Code-Samples_hashingString.py.png,0,0,0.9987845391733572,0.0012154608266428113
test,14_content_gubo2012_hybrid-ARIMA-LSTM-model_hybrid_ARIMA_LSTM_model.py.png,0,1,0.3194125294685364,0.6805874705314636
test,v5_40_content_ajh1143_BinarySearchTreePractice_BST.py.png,1,1,0.16554909944534302,0.834450900554657
test,v5_70_content_metr0jw_video-liveness-measurement_video_cut_bts.py.png,1,1,0.0002753138542175293,0.9997246861457825
test,12_content_ianscottknight_Predicting-Myers-Briggs-Type-Indicator-with-Recurrent-Neural-Networks_baseline.py.png,0,0,0.9917998909950256,0.008200109004974365
test,19_content_psvelezm_printSet_Pedro_Velez_pgm.py.png,0,0,0.7168032824993134,0.28319671750068665
test,v5_13_content_scedu25_EU-Rail_heap_priority_queue.py.png,1,0,0.5101689398288727,0.4898310601711273
test,3_content_Misael89_Programacion-Ejercicios_Promedio.py.png,0,0,0.9254434034228325,0.07455659657716751
test,26_content_faisalkhan91_Dijkstras-Algorithm_DijkstrasAlgo.py.png,0,0,0.9985533416038379,0.0014466583961620927
test,v5_14_content_harrydurbin_temperature-monitoring_temperature.py.png,1,1,0.038560450077056885,0.9614395499229431
test,7_content_GauthamBT_Bellman-Ford-Algorithm_GraphMainProgram.py.png,0,0,0.9992755058337934,0.0007244941662065685
test,2_content_carlosguadir_kruskal_Puertos.py.png,0,0,0.9999933067156235,6.693284376524389e-06
test,v5_11_content_nick-commits_LinkedList_linkedlistprac.py.png,1,1,0.08948159217834473,0.9105184078216553
test,v5_2_content_Yash0day_ElgamalEncryption-using-ECC_Hash.py.png,1,1,0.1494404673576355,0.8505595326423645
test,14_content_MGhousSarwar_Algorithm-Analysis_Script.py.png,0,0,0.9056034609675407,0.09439653903245926
test,v5_7_content_jakobpederson_divisible_pair_sums_test_divisible_pair_sums.py.png,1,1,0.007928431034088135,0.9920715689659119
test,v5_59_content_RoobiyaKhan_Clustering-Models-in-R-and-Python_r.HierarchicalClus.py.png,1,1,0.0008085370063781738,0.9991914629936218
test,5_content_anguillanneuf_bigO_106_sudoku.py.png,0,0,0.99961175682256,0.00038824317744001746
test,3_content_hamedomidvar_GPU_FloydWarshall_FW_Rev0.1.py.png,0,0,0.9963851356878877,0.0036148643121123314
test,26_content_talhakerpicci_sahibinden-house-checker_house_database.py.png,0,0,0.9140117466449738,0.08598825335502625
test,35_content_DiarmuidKelly_Key_Exchange_diffie_hellman.py.png,0,0,0.883671298623085,0.11632870137691498
test,1_content_mattjj_pyhsmm-factorial_util.py.png,0,0,0.9120272025465965,0.08797279745340347
test,v5_6_content_muhammadhabibi_CBS01_Main.py.png,1,1,0.06980359554290771,0.9301964044570923
test,13_content_AtahanCelebi_En-K-sa-Yol_warshall.py.png,0,1,0.25517964363098145,0.7448203563690186
test,13_content_Odarlie_fizz_buzz_programming_logic_andelab_fizz_buzz_bootcamp_function.py.png,0,0,0.5874715745449066,0.4125284254550934
test,4_content_jomse_InsertionSort_tests.py.png,0,1,0.20001733303070068,0.7999826669692993
test,10_content_gochieng_BinarySearch_test.py.png,0,0,0.9326202422380447,0.06737975776195526
test,v5_36_content_akaif95_U.S-Currency-Patterns_us_currency_regex.py.png,1,1,0.04875737428665161,0.9512426257133484
test,14_content_user0198_aes-256-CBC_aes256.py.png,0,0,0.8474082201719284,0.1525917798280716
test,v5_51_content_adityapatelgithub_Expressions-and-Functions_evaluate.py.png,1,1,0.0007079839706420898,0.9992920160293579
test,85_content_kenil-shah_Description-Based-Person-Identification_config.py.png,0,0,0.987236300483346,0.012763699516654015
test,24_content_pacslab_ACM-trans-papers-spider_ACMPaperSpider.py.png,0,0,0.8031754195690155,0.1968245804309845
test,24_content_MuyaoWang_OnePlusTwo-BigData_PostProcessForReport.py.png,0,0,0.9978405537549406,0.002159446245059371
test,28_content_tomsiwek_gprMax-Designer_materials.py.png,0,1,0.19401788711547852,0.8059821128845215
test,14_content_jonathanchang97_ThatsJustTheWazeItIs_car.py.png,0,1,0.4781244993209839,0.5218755006790161
test,v5_5_content_anguillanneuf_bigO_17_island_count.py.png,1,1,0.026286840438842773,0.9737131595611572
test,17_content_y00273676_O2O_ERP_Server_app.py.png,0,1,0.28745102882385254,0.7125489711761475
test,v5_1_content_mikekestemont_pandora_unseen.py.png,1,0,0.5352011620998383,0.46479883790016174
test,v5_92_content_FranzScheerer_DES_P3160.py.png,1,1,0.053685128688812256,0.9463148713111877
test,v5_21_content_AnnaPiatek_Graph_Ford-Fulkerson.py.png,1,0,0.541551947593689,0.45844805240631104
test,52_content_blaynewagner_Huffman-Encoder_huffman_tests.py.png,0,0,0.778707817196846,0.221292182803154
test,8_content_usmanali414_Destruction-Detection-in-Satellite-Imagery_segmentation.py.png,0,0,0.9995095399208367,0.0004904600791633129
test,v5_16_content_QueraltSM_HospitalShortestPath_main.py.png,1,1,0.0050313472747802734,0.9949686527252197
test,v5_2_content_carlosguadir_kruskal_Puertos.py.png,1,1,0.017504394054412842,0.9824956059455872
test,v5_86_content_sudarshan-koirala_Clustering-Algorithms-Comparision_hierarchical_clustering.py.png,1,1,0.000716090202331543,0.9992839097976685
test,v5_38_content_emilyhammer_fibonacci_app.py.png,1,1,0.15274906158447266,0.8472509384155273
test,v5_5_content_NuttySalmon_connecting_flights_start.py.png,1,1,0.24535036087036133,0.7546496391296387
test,15_content_VakinduPhilliam_Pattern_Matching_Python_Difflib_Pattern_Matching_CL_Interface.py.png,0,0,0.9772252179682255,0.02277478203177452
test,v5_2_content_yyqcs_time-series-model_utils.py.png,1,1,0.018597185611724854,0.9814028143882751
test,14_content_Qutuf_Qutuf_manage.py.png,0,0,0.9964497685432434,0.003550231456756592
test,51_content_adityapatelgithub_Expressions-and-Functions_evalpostfix.py.png,0,0,0.9954009698703885,0.004599030129611492
test,2_content_johnrobyclayton_division-project_plot.py.png,0,0,0.898545391857624,0.10145460814237595
test,v5_5_content_crazamahdi_DIFFIE-HELLMAN-KEY-EXCHANGE-ALGORITHM_dhserver.py.png,1,1,0.11297965049743652,0.8870203495025635
test,v5_9_content_Boros93_GraphProject_test_prim.py.png,1,1,0.10888463258743286,0.8911153674125671
test,8_content_harshithachidanand_Elliptic-Curve-Cryptography_Shanks_algo.py.png,0,0,0.9997823346348014,0.00021766536519862711
test,16_content_hoefler02_diffie-hellman_dh_client.py.png,0,1,0.393790066242218,0.606209933757782
test,32_content_sefirakarina_bfs-dfs_bfsDfs.py.png,0,0,0.9998076096817385,0.00019239031826145947
test,v5_1_content_colettebedoya_primsAndKruskal_mst.py.png,1,0,0.9185830503702164,0.08141694962978363
test,v5_31_content_AmitD26_The-searching-pacman_projectParams.py.png,1,1,0.0009004473686218262,0.9990995526313782
test,1_content_akhilesh1311_MazeSolver_path_planning.py.png,0,0,0.9593744538724422,0.040625546127557755
test,v5_13_content_Ade-Adeleke_KruskalAlg_Kruskal_Algorithm__1_.py.png,1,0,0.9696829970926046,0.030317002907395363
test,59_content_rohinrajan_Closest-Path-using-BFS-DFS-and-optimal-cost_Graph-Search.py.png,0,0,0.9838908463716507,0.016109153628349304
test,v5_83_content_sjatakia_Path-of-Prime-Numbers_assignment1_p4.py.png,1,1,0.028341472148895264,0.9716585278511047
test,46_content_arun-p12_sort-algorithms_radix_sort.py.png,0,0,0.99510303651914,0.004896963480859995
test,11_content_sichen-x_search-engine_index_search.py.png,0,1,0.15784823894500732,0.8421517610549927
test,v5_59_content_nicolaschen1_SortingAlgorithms_sortingAlgorithms.py.png,1,0,0.5687845647335052,0.43121543526649475
test,77_content_mehtaravina_ScaleableComputingDFS_Client.py.png,0,1,0.12645894289016724,0.8735410571098328
test,v5_14_content_lisha1992_KNN-Clasify_KNN_datingExample.py.png,1,0,0.6809746623039246,0.31902533769607544
test,2_content_johndoe31415_toyecc_StopWatch.py.png,0,0,0.8554662317037582,0.14453376829624176
test,v5_7_content_akshattrivedi_IT-Sales-With-Recommendation-System_manage.py.png,1,0,0.7501286268234253,0.2498713731765747
test,v5_14_content_lisha1992_KNN-Clasify_handWritingClassify.py.png,1,0,0.715942919254303,0.284057080745697
test,v5_23_content_clydedacruz_worddoc-indexer-py_query_index.py.png,1,1,0.0005034208297729492,0.999496579170227
test,v5_97_content_mjurk456_mini-snakes_pseudorandom_sentence_generator.py.png,1,1,0.007846653461456299,0.9921533465385437
test,v5_14_content_willow617_AE2-Nets_test_hand.py.png,1,1,0.0068209171295166016,0.9931790828704834
test,30_content_sdws1983_The-big-data-OF-The-Plant-Cell_parse-abstract.py.png,0,0,0.9652802720665932,0.03471972793340683
test,12_content_gabrielviggiano_MD_Huffman_huffman.py.png,0,0,0.850641131401062,0.149358868598938
test,v5_51_content_adityapatelgithub_Expressions-and-Functions_linkedlist.py.png,1,1,0.4336300492286682,0.5663699507713318
test,v5_29_content_za101_Stock-Market-Prediction-using-a-Hybrid-Model_source.py.png,1,1,0.0011342167854309082,0.9988657832145691
test,v5_22_content_ABHISHEKVALSAN_Malayalam-Newspaper-Article-Dataset_constants.py.png,1,1,0.39727240800857544,0.6027275919914246
test,55_content_NM20XX_Python_Fibonacci_Sequence.py.png,0,0,0.9960183561779559,0.003981643822044134
test,32_content_BhaveshMotwani_Hierarchical_Document_Clustering_hac.py.png,0,0,0.9999923474806565,7.652519343537278e-06
test,v5_1_content_josgard94_JPEG_Algoritmo_jpeg.py.png,1,1,0.020149409770965576,0.9798505902290344
test,v5_39_content_ercjns_WinOfTheDay_toolbox.py.png,1,1,0.05617743730545044,0.9438225626945496
test,3_content_KirillGordievich_Bubble_Sort_Visualization_mainloop.py.png,0,0,0.9544738493859768,0.04552615061402321
test,v5_8_content_karangargg_trees-notes_trees1.py.png,1,0,0.817901685833931,0.18209831416606903
test,v5_48_content_harishchellappa_Time-Series-Analysis-Bike-Sharing-Demand-Forecasting_forecasting_2.py.png,1,1,7.128715515136719e-05,0.9999287128448486
test,v5_54_content_gly11_Sort_sort_numbers.py.png,1,0,0.9827036336064339,0.01729636639356613
test,v5_13_content_AtahanCelebi_En-K-sa-Yol_polyline_denemesi.py.png,1,1,0.0044980645179748535,0.9955019354820251
test,37_content_AAdewunmi_Following-Links-in-HTML-Using-BeautifulSoup_assign_12.6.py.png,0,0,0.9992625883314759,0.0007374116685241461
test,34_content_jackle98_Deque-Code-_Queue.py.png,0,0,0.9965932909399271,0.003406709060072899
test,12_content_jcarstenson_parallel_final_performanceTest.py.png,0,0,0.8392440676689148,0.1607559323310852
test,v5_24_content_UZziell_bigO-estimate_gui.py.png,1,1,0.0011271834373474121,0.9988728165626526
test,2_content_swapnilg915_cosine_similarity_using_embeddings_tfidf_similarity.py.png,0,1,0.27325475215911865,0.7267452478408813
test,18_content_deeptavker_Vortex_Spin_Down_post_proc_TVF.py.png,0,0,0.9999433665652759,5.663343472406268e-05
test,v5_25_content_aajanki_finnish-pos-accuracy_datasets.py.png,1,1,0.1392492651939392,0.8607507348060608
test,v5_13_content_danielSbastos_binary-fibonacci_prototype.py.png,1,1,0.017436623573303223,0.9825633764266968
test,v5_12_content_ianscottknight_Predicting-Myers-Briggs-Type-Indicator-with-Recurrent-Neural-Networks_make_test_set.py.png,1,1,0.4768350124359131,0.5231649875640869
test,8_content_aboood40091_BFSTM-to-BFWAV_conv.py.png,0,0,0.9999616961868014,3.830381319858134e-05
test,88_content_andreaestrada_mazecrawler_powerupPiles.py.png,0,0,0.6479364633560181,0.35206353664398193
test,1_content_josgard94_JPEG_Algoritmo_jpeg.py.png,0,0,0.9946782113984227,0.005321788601577282
test,23_content_mkhambat_Bubble-and-insertion-sort_sorting.py.png,0,0,0.9981780303642154,0.001821969635784626
test,v5_10_content_gochieng_BinarySearch_test.py.png,1,1,0.31496483087539673,0.6850351691246033
test,47_content_sejall_Hierarchical-Clustering_hierrchical_clustering.py.png,0,0,0.9999099801716511,9.001982834888622e-05
test,v5_10_content_nishi1612_Email-Spam-Classification-using-SVM_extracting_unique_words_from_all_emails.py.png,1,1,0.025545597076416016,0.974454402923584
test,6_content_marcelotokarnia_dojo-divisibility-rules_is_divisible.py.png,0,0,0.9796311184763908,0.02036888152360916
test,8_content_amit0-git_simple-python-program_English-alphabets.py.png,0,0,0.9960585939697921,0.003941406030207872
test,v5_81_content_Saiteja-Reddy_Basic-SFTP_caesar_cipher.py.png,1,1,0.011461079120635986,0.988538920879364
test,1_content_nilsonneto_floydWarshall_main.py.png,0,0,0.9998638428369304,0.00013615716306958348
test,v5_3_content_hamedomidvar_GPU_FloydWarshall_FW_Rev0.1.py.png,1,1,0.0001767873764038086,0.9998232126235962
test,v5_11_content_DaiDongyang_knn_experiments.py.png,1,0,0.8488529473543167,0.1511470526456833
test,v5_7_content_jerrguo_cybitrage_app.py.png,1,1,0.0005345940589904785,0.9994654059410095
test,v5_24_content_lucaducceschi_Wordnet_Functions_wordnet_functions.py.png,1,1,0.0038721561431884766,0.9961278438568115
test,v5_27_content_gcmurillo_sortingAlgorithmsComparation_configuraciones.py.png,1,1,0.005365908145904541,0.9946340918540955
test,v5_38_content_juandes_knnbot-messenger-bot_distance.py.png,1,1,0.3795241713523865,0.6204758286476135
test,v5_81_content_AndreaG93_BST-Lazy-Deletion_binarySearchTreeLazyDeletionAVL.py.png,1,0,0.5587524771690369,0.44124752283096313
test,v5_6_content_bclark2_Ordered-Linear-Search_orderedLinearSearch.py.png,1,0,0.6103926301002502,0.38960736989974976
test,v5_1_content_TamaWilson_floyd_python_floyd.py.png,1,0,0.8134425282478333,0.18655747175216675
test,v5_42_content_aryanshar_TextMining_extract.py.png,1,1,0.03080683946609497,0.969193160533905
test,16_content_arifromadhan19_LinkedList_simple_linked_list.py.png,0,0,0.6097241044044495,0.39027589559555054
test,5_content_gabriel-arauj_grafos_matriz.py.png,0,0,0.9446584172546864,0.055341582745313644
test,2_content_Ap1402_floydWarshall_floyd.py.png,0,0,0.9891188219189644,0.010881178081035614
test,v5_46_content_arun-p12_sort-algorithms_insertion_sort.py.png,1,1,0.015410006046295166,0.9845899939537048
test,1_content_abdullahwaqar_docsearx_pdf_reader.py.png,0,0,0.996068995911628,0.003931004088371992
test,16_content_nbui151_K-Nearest-Neighbors-Implementation_nearest_neighbors.py.png,0,0,0.9989950868766755,0.0010049131233245134
test,52_content_kantonist_printBST_printBST.py.png,0,0,0.7938992083072662,0.20610079169273376
test,5_content_GregLahaye_wikipedia-game_wikipedia.py.png,0,0,0.9999915219332252,8.478066774841864e-06
test,5_content_AdamJacoby_Hopf_ExampleGroup_Functions.py.png,0,0,0.9764879141002893,0.023512085899710655
test,v5_5_content_jzell001_Bellman_Ford_Floyd_Warshall_bellman_ford.py.png,1,1,0.0038088560104370117,0.996191143989563
test,1_content_mikekestemont_pandora_unseen.py.png,0,0,0.9482455924153328,0.051754407584667206
test,14_content_Rainymood_Gradient-Descent-The-Ultimate-Optimizer_main.py.png,0,0,0.9165907651185989,0.08340923488140106
test,v5_24_content_lavi09_Linked-Lists_findingnnodelinkedlist.py.png,1,1,0.046392738819122314,0.9536072611808777
test,44_content_rjsheth_LinkedList-Problems_Reverse_linked_list.py.png,0,0,0.97539022564888,0.024609774351119995
test,v5_7_content_gchacaltana_BreadthFirstSearch_DepthFirstSearch_UninformedSearchAlgorithm.py.png,1,1,0.06240856647491455,0.9375914335250854
test,8_content_chiragragarwal_Graphs_And_Networks_ReadGraph.py.png,0,0,0.8529411256313324,0.1470588743686676
test,v5_9_content_emmanuj_mst-solver_mstsolve.py.png,1,0,0.8833270967006683,0.11667290329933167
test,61_content_hlalit_Data-Structures-Python_BinaryTree.py.png,0,0,0.7590790092945099,0.2409209907054901
test,92_content_FranzScheerer_DES_eccv.py.png,0,1,0.221757709980011,0.778242290019989
test,23_content_gquintela_dijkstra_main.py.png,0,0,0.9999963290961205,3.6709038795379456e-06
test,24_content_MariosPitsali_algorithms-practice_ducks.py.png,0,0,0.8442732840776443,0.15572671592235565
test,v5_36_content_OneWinged-Eagle_spotimy_getArtists.py.png,1,1,0.0012244582176208496,0.9987755417823792
test,50_content_krj9cr_Hybrid-Prim-Dijkstra-GUI_Helpers.py.png,0,0,0.6055690944194794,0.39443090558052063
test,v5_2_content_johndoe31415_toyecc_StopWatch.py.png,1,1,0.13169831037521362,0.8683016896247864
test,5_content_AdamJacoby_Hopf_Example_GeneralizedDihedralGroup.py.png,0,0,0.9907052265480161,0.009294773451983929
test,10_content_bradib0y_searchalgorithms_io.py.png,0,0,0.9999754087057227,2.4591294277342968e-05
test,v5_7_content_jimmygzp_bellman-ford_bfclient.py.png,1,0,0.7579299062490463,0.24207009375095367
test,25_content_surbhisinghal_Binary-Tree-leftchild-rightsib_tree.py.png,0,0,0.5580193996429443,0.44198060035705566
test,1_content_sadnessFree_arima-lstm_c-lstm.py.png,0,0,0.9902730397880077,0.009726960211992264
test,v5_20_content_UAvinash7_Cryptography_DigitalSignature.py.png,1,1,0.0016079545021057129,0.9983920454978943
test,1_content_sadnessFree_arima-lstm_combine-svm.py.png,0,0,0.9999975922150952,2.407784904789878e-06
test,v5_23_content_mkhambat_Bubble-and-insertion-sort_sorting.py.png,1,1,0.04207265377044678,0.9579273462295532
test,45_content_ilkayDevran_Analysis_of_Sorting_Algorithms_pyplot.py.png,0,0,0.9665550738573074,0.033444926142692566
test,v5_4_content_captainACE_python-ADVANCEMATH-lib_ap.py.png,1,1,0.025110960006713867,0.9748890399932861
test,v5_10_content_kllinzy_Elliptic-Curve-Cryptography_public_key.py.png,1,1,0.3731588125228882,0.6268411874771118
test,v5_1_content_shkolovy_path-finder-algorithms_grid_helper.py.png,1,1,0.00027316808700561523,0.9997268319129944
test,5_content_scalisesamuel_crypto_p1_Task_1.py.png,0,0,0.9999891833067522,1.0816693247761577e-05
test,v5_26_content_rithvikrao_MarqueeAnalysis_visualization.py.png,1,1,0.0029764771461486816,0.9970235228538513
test,v5_8_content_LockGit_Py_svm.py.png,1,0,0.5616432130336761,0.43835678696632385
test,v5_45_content_Janteby1_bubble_sort-copy_bubble_sort.py.png,1,1,0.005167961120605469,0.9948320388793945
test,v5_26_content_Emersonxuelinux_One_Big_Archive_TempGui.rsrc.py.png,1,0,0.9971203543245792,0.002879645675420761
test,v5_10_content_nishi1612_Email-Spam-Classification-using-SVM_processing_emails_to_find_occurance_of_words.py.png,1,1,0.34967148303985596,0.650328516960144
test,v5_22_content_Raxev_datastructures3_huffElement.py.png,1,1,0.23443204164505005,0.76556795835495
test,22_content_EmperorCodeman_SortingAlgorithms_EntryPoint.py.png,0,0,0.956846434623003,0.043153565376996994
test,1_content_ryanRahul5_Time-Series-on-python_time_series_anlys.py.png,0,0,0.9999609038131894,3.9096186810638756e-05
test,17_content_qwarlock_python-bubble-sort_bubble_sort.py.png,0,0,0.9975723619572818,0.002427638042718172
test,v5_2_content_evinw_bubble_sort_bub.py.png,1,1,0.04597252607345581,0.9540274739265442
test,v5_5_content_ligertsicat_Rental-Scraper_scraper.py.png,1,1,0.0014391541481018066,0.9985608458518982
test,5_content_AdamJacoby_Hopf_Example_Bpq.py.png,0,0,0.9948887689970434,0.005111231002956629
test,v5_55_content_danmenjivar_huffman_huffman.py.png,1,1,0.0008189082145690918,0.9991810917854309
test,v5_83_content_SonNinh_sorting-algorithm_sorting_deck.py.png,1,0,0.9368227422237396,0.06317725777626038
test,v5_46_content_whoif_Cost-Sensitive-KNN_plotHelper.py.png,1,0,0.9821280185133219,0.017871981486678123
test,v5_54_content_sumanth-bmsce_Unsupervised_Extreme_Learning_Machine_EM_Algo.py.png,1,1,0.04475069046020508,0.9552493095397949
test,2_content_johndoe31415_toyecc_elgamaltest.py.png,0,0,0.9954791711643338,0.00452082883566618
test,13_content_limqiying_crypto_final_project_DH-test.py.png,0,0,0.9999928115662442,7.188433755800361e-06
test,v5_94_content_skatsd_Sorting-Algorithm-Visualiser_SORT_VISUALISER.py.png,1,1,0.09278804063796997,0.90721195936203
test,32_content_Spanfile_Dijkstra_test.py.png,0,0,0.8713597506284714,0.12864024937152863
test,v5_50_content_krj9cr_Hybrid-Prim-Dijkstra-GUI_Helpers.py.png,1,1,0.0009306669235229492,0.999069333076477
test,v5_15_content_udwivedi394_LinkedList_convertBT2LL.py.png,1,1,0.029650330543518066,0.9703496694564819
test,7_content_AlmazMirlan_Kruskal-Algorithm-Python-Turtle_AlmazbekMCom-17Kruskals.py.png,0,0,0.9999862811600906,1.3718839909415692e-05
test,v5_10_content_bradib0y_searchalgorithms_w.py.png,1,1,0.003093421459197998,0.996906578540802
test,v5_5_content_gupta-shantanu_huffman_compress.py.png,1,1,0.47779595851898193,0.5222040414810181
test,76_content_yingtaoluo_Latent-Factor-Model-with-JIT-CUDA-on-movielens_predict.py.png,0,0,0.9976980723440647,0.0023019276559352875
test,10_content_Ethan2018_Apriori_APRI.py.png,0,0,0.9995893453015015,0.0004106546984985471
test,14_content_lisha1992_KNN-Clasify_KNN_datingExample.py.png,0,0,0.9988979265326634,0.001102073467336595
test,10_content_iJohnMaged_Huffman-Coding_fileIO.py.png,0,0,0.9974729351233691,0.0025270648766309023
test,5_content_AdamJacoby_Hopf_HopfConstructions.py.png,0,0,0.8378434181213379,0.1621565818786621
test,84_content_mhb8898_bst_bst.py.png,0,0,0.9954614518210292,0.004538548178970814
test,v5_47_content_saladcat_Huffman_Form1.py.png,1,1,0.41208142042160034,0.5879185795783997
test,v5_5_content_teawifi_k-means_clustering_loader.py.png,1,1,0.029356956481933594,0.9706430435180664
test,10_content_poku18_CE_III_06_Lab2_lab2.py.png,0,0,0.9737690817564726,0.026230918243527412
test,68_content_elados93_AI_Ex1_PuzzleState.py.png,0,0,0.9960033907555044,0.00399660924449563
test,6_content_sanjay-bhat_find_route_bfs_find_route.py.png,0,0,0.9564816653728485,0.04351833462715149
test,v5_10_content_bradib0y_searchalgorithms_io.py.png,1,1,0.00262606143951416,0.9973739385604858
test,v5_7_content_Aly-Tomato_Prims-and-Kruskals_kruskals.py.png,1,1,0.025430619716644287,0.9745693802833557
test,v5_5_content_AdamJacoby_Hopf_Example_GeneralizedDihedralGroup.py.png,1,1,0.07311844825744629,0.9268815517425537
test,v5_3_content_riteshkasat_Community-Detection-Algorithm_detect_community.py.png,1,1,0.09738099575042725,0.9026190042495728
test,v5_2_content_cvwilliams_BellmanFord-Python_client.py.png,1,1,0.08428311347961426,0.9157168865203857
test,1_content_HarryBaker_LDAtopicSimilarity_topic2vec.py.png,0,0,0.8294999897480011,0.1705000102519989
test,v5_93_content_KordingLab_hilbert-constrained-gradient-descent_utils.py.png,1,1,0.030889391899108887,0.9691106081008911
test,3_content_rentseen_ARIMA-forecast_test.py.png,0,0,0.9999766877153888,2.3312284611165524e-05
test,12_content_rileyqi_Apriori-Algorithm-Python_apriori.py.png,0,0,0.9999421484862978,5.785151370218955e-05
test,8_content_Omig12_dfs_delete.py.png,0,0,0.9764878265559673,0.02351217344403267
test,v5_11_content_VictorDebray_Analysis-DFS-BFS-AStar_utils.py.png,1,0,0.5145815312862396,0.4854184687137604
test,v5_1_content_MarcoForte_knn-matting_knn_matting.py.png,1,1,0.017377257347106934,0.9826227426528931
test,v5_1_content_rosshochwert_arbitrage_arbitrage.py.png,1,1,0.03397536277770996,0.96602463722229
test,v5_85_content_leandrocamara_map-reduce-words-higher-occurrence_words-higher-occurrence.py.png,1,1,0.008098959922790527,0.9919010400772095
test,v5_3_content_Sapphirine_Detecting-and-Predicting-the-Impact-of-Events_calc_train_anamoly_10ile-Copy5.py.png,1,1,0.009791672229766846,0.9902083277702332
test,5_content_brown9804_Python_DiversosAlgortimos_VerificaFechaValidaCalendario.py.png,0,0,0.8112261146306992,0.18877388536930084
test,14_content_kaizinho_lemmatizer_lemmatizer.py.png,0,1,0.11768019199371338,0.8823198080062866
test,v5_81_content_gautam9595_BIC-Selhoutte_Optimal_K_using_BIC-selhoutte_Iris.py.png,1,1,3.123283386230469e-05,0.9999687671661377
test,4_content_vieirinhaabr_balanced_binary_search_tree_tree_tester.py.png,0,0,0.9955618125386536,0.004438187461346388
test,v5_5_content_scalisesamuel_crypto_p1_Task_1.py.png,1,1,0.0016298890113830566,0.9983701109886169
test,1_content_jiteshjha_Frequent-item-set-mining_dat2csv.py.png,0,0,0.9997780549892923,0.00022194501070771366
test,v5_6_content_raghavgr_Go-Game_gridGo.py.png,1,1,0.05161064863204956,0.9483893513679504
test,v5_2_content_Madeeha-Anjum_Box_Head_testing_BFS.py.png,1,1,0.07174795866012573,0.9282520413398743
test,7_content_allenabraham999_Bubble-sort_bubble_sort.py.png,0,0,0.9982937132008374,0.0017062867991626263
test,49_content_lllunaticer_pathFindGUI_Draw.py.png,0,0,0.8783581629395485,0.12164183706045151
test,11_content_sergiy-chumachenko_Lists_sorting_and_binary_search_sort_BSCL.py.png,0,0,0.972825413569808,0.027174586430191994
test,v5_34_content_jhomswk_Binary_Search_Tree_avl_tree.py.png,1,1,0.01808643341064453,0.9819135665893555
test,13_content_frederikpietzko_fun_with_python_prime_factorization.py.png,0,0,0.9663472659885883,0.03365273401141167
test,v5_1_content_dedeco_dijkstra-bellman-ford_teste_proprio_djt.py.png,1,0,0.8430854678153992,0.15691453218460083
test,v5_53_content_ohrockness_k-means-clustering-in-python_k-means.py.png,1,1,0.41815656423568726,0.5818434357643127
test,v5_1_content_randombit_pairings.py_tripartite.py.png,1,1,0.0015894174575805664,0.9984105825424194
test,45_content_Janteby1_bubble_sort-copy_bubble_sort.py.png,0,0,0.999814308990608,0.00018569100939203054
test,5_content_domodomodomo_binary_search_tree_test.py.png,0,1,0.3070983290672302,0.6929016709327698
test,v5_50_content_eyablokov_fibonacci-api_test_resources.py.png,1,1,0.24937349557876587,0.7506265044212341
test,v5_19_content_AlbCalv_kruskal-algorithm_Kruskal.py.png,1,0,0.9138977080583572,0.08610229194164276
test,84_content_WizHacks_ChordDFS_topo.py.png,0,0,0.9988520540064201,0.001147945993579924
test,9_content_ghemsley_fibonacci_fib.py.png,0,0,0.7097150385379791,0.2902849614620209
test,v5_17_content_kanavkhanna_Application-Software_Software_Application.py.png,1,1,0.0007102489471435547,0.9992897510528564
test,36_content_happycupofjava_Machine-Learning--Stock-Market-Prediction-using-ARIMA-Model_final_under_work.py.png,0,0,0.9290473908185959,0.07095260918140411
test,17_content_kimjaeh10_Hybrid-Sort_LinkedList.py.png,0,1,0.4432118535041809,0.5567881464958191
test,v5_43_content_hraizes_Sorting_SortingPractice.py.png,1,1,0.0036254525184631348,0.9963745474815369
test,v5_11_content_XlogicX_Fibonacci_fib.py.png,1,0,0.8784733563661575,0.12152664363384247
test,v5_28_content_pranav94_Self-balancing-BST_AVL.py.png,1,0,0.847489982843399,0.15251001715660095
test,2_content_anrputina_OutlierDenStream-BigDama18_readGroundTruth.py.png,0,0,0.9996140300645493,0.0003859699354507029
test,v5_18_content_ronak-07_Agglomerative-Hierarchical-Clustering_Agglomerative.py.png,1,1,0.01333850622177124,0.9866614937782288
test,22_content_Swapnillokhande_Sales-Prediction-of-a-Supermarket-chain_Exploratory_Data_Analysis.py.png,0,0,0.9999981985988597,1.8014011402556207e-06
test,22_content_sagarwani_Breaking-Diffie-Hellman_dl-brute.py.png,0,0,0.9897753167897463,0.010224683210253716
test,7_content_mhkhojaste_sliding-puzzle-with-search-algorithms_Problem.py.png,0,0,0.999999361384539,6.386154609572259e-07
test,32_content_arian100y_Travelling-Salesman-Problem_createDBOrdered.py.png,0,0,0.9999344116949942,6.55883050058037e-05
test,24_content_lesdev_SortingMethods_selection.py.png,0,0,0.9897830309346318,0.010216969065368176
test,v5_10_content_analyticsbot_document-similarity_word_mover_distance.py.png,1,1,7.724761962890625e-05,0.9999227523803711
test,99_content_mincanhe_Network-routing-protocol_Dijkstra.py.png,0,0,0.9421387389302254,0.05786126106977463
test,70_content_Arcnor_binja_search___init__.py.png,0,1,0.107635498046875,0.892364501953125
test,14_content_udwivedi394_binaryTree_ksumPath.py.png,0,0,0.7655458599328995,0.23445414006710052
test,v5_25_content_jimmy-ly00_DHE-prime-grabber_find_primes.py.png,1,0,0.858436644077301,0.14156335592269897
test,26_content_naviechan_sortingAlgorithmDemo_main.py.png,0,0,0.9994798695552163,0.0005201304447837174
test,v5_1_content_jwan659_forex-arbitrage_Vert.py.png,1,1,0.3567578196525574,0.6432421803474426
test,v5_46_content_arun-p12_sort-algorithms_radix_sort.py.png,1,1,0.1442636251449585,0.8557363748550415
test,3_content_rentseen_ARIMA-forecast_CAVMP.py.png,0,0,0.9998443630611291,0.00015563693887088448
test,v5_1_content_rosshochwert_arbitrage_arbitrage_py3.py.png,1,1,0.008461952209472656,0.9915380477905273
test,v5_27_content_KyleSeaman201_Ordered-Linked-List_Ordered_Linked_List.py.png,1,1,0.06731456518173218,0.9326854348182678
test,24_content_Brew8it_Python_DHAES_AES.py.png,0,0,0.9965997636318207,0.0034002363681793213
test,22_content_Raxev_datastructures3_huffElement.py.png,0,1,0.3988645672798157,0.6011354327201843
test,v5_1_content_dimizisis_blocksworld_node.py.png,1,1,0.006913900375366211,0.9930860996246338
test,v5_10_content_nazaninsbr_Intelligent-Systems-CA3_Q3_Clustering.py.png,1,0,0.9295892342925072,0.07041076570749283
test,v5_19_content_bauassr_Session32_Session32Assignment1_.py.png,1,1,0.000949561595916748,0.9990504384040833
test,v5_19_content_vickyabi_singly-linked-list_singly_linked_list.py.png,1,1,0.011906683444976807,0.9880933165550232
test,8_content_karangargg_trees-notes_trees1.py.png,0,0,0.9678633995354176,0.03213660046458244
test,v5_40_content_HimalayPatel_loan-likelihood-prediction_predicting_loan_eda.py.png,1,1,0.00023490190505981445,0.9997650980949402
test,v5_8_content_Shreyaskulkarni98_MarketAnalysis_Basic_Main.py.png,1,1,0.02047443389892578,0.9795255661010742
test,50_content_mrugankray_Hierarchical_Clustering_hierarchichal_clustering.py.png,0,0,0.9999236104704323,7.638952956767753e-05
test,26_content_rithvikrao_MarqueeAnalysis_visualization.py.png,0,0,0.8675452321767807,0.1324547678232193
validation,v5_67_content_damianrr_bisect-ordered-file_bisect_file_with_numbers.py.png,1,1,0.012153804302215576,0.9878461956977844
validation,49_content_andreanndrade10_Huffman-Compressor_huffman.py.png,0,0,0.9984163691988215,0.001583630801178515
validation,65_content_ankushjain2001_k-means-clustering-algorithm_driver.py.png,0,0,0.9998592668853234,0.00014073311467655003
validation,17_content_skvorekn_arima_model.py.png,0,0,0.999428910727147,0.000571089272852987
validation,7_content_akshattrivedi_IT-Sales-With-Recommendation-System_manage.py.png,0,0,0.999999533306152,4.6669384801134584e-07
validation,2_content_nuchi_bst-matrix-vector_bst_vector.py.png,0,0,0.9851436233147979,0.014856376685202122
validation,v5_8_content_abpaudel_8-puzzle_iddfs.py.png,1,1,0.30513453483581543,0.6948654651641846
validation,19_content_bowiechen_FactorialDigitsSum_Counter.py.png,0,0,0.9747102539986372,0.0252897460013628
validation,v5_12_content_aabulhaj_SpectralClustering_spectral_clustering.py.png,1,1,0.00227278470993042,0.9977272152900696
validation,21_content_jakubsilhavy_mhhc_data_prep_LLS.py.png,0,0,0.9964291057549417,0.003570894245058298
validation,v5_25_content_SaadatRizvi_Movie-Recommendation-System_collaborative-filtering.py.png,1,1,0.00048673152923583984,0.9995132684707642
validation,v5_3_content_abdulqadirs_distance-vector-routing-protocol_DVR.py.png,1,1,0.0018886327743530273,0.998111367225647
validation,11_content_liam-han_all-pairs-shortest-path_test.py.png,0,0,0.9289217591285706,0.07107824087142944
validation,v5_31_content_atorulia_Some-kind-of-sort-algorithm_InsertionSort.py.png,1,1,0.0003139376640319824,0.999686062335968
validation,28_content_alexanderogle_Enigma_Machine_em_functions.py.png,0,0,0.8474941253662109,0.15250587463378906
validation,v5_1_content_gsharu_QA_FACT_test_QAInterviewAppl.py.png,1,1,0.00602412223815918,0.9939758777618408
validation,v5_45_content_craig-m-k_huffman-coding_heapify.py.png,1,1,0.13697242736816406,0.8630275726318359
validation,22_content_N8Brooks_lcs_hash_search_parallel_hash_search.py.png,0,0,0.9973301512654871,0.002669848734512925
validation,v5_71_content_logyball_public_private_encryption_driver.py.png,1,0,0.9524205736815929,0.04757942631840706
validation,1_content_dedeco_dijkstra-bellman-ford_teste_proprio_bford.py.png,0,0,0.8945644423365593,0.1054355576634407
validation,30_content_rogerdenisvieira_bidirectional-conditional-insertion-sort_main.py.png,0,0,0.9546238481998444,0.04537615180015564
validation,20_content_maganoegi_huffman_decompressor_decomp_PLATONOV_MPACKO.py.png,0,0,0.9897940903902054,0.010205909609794617
validation,93_content_malaybhattacharyya_DFSLab_quicksort.py.png,0,0,0.989707381464541,0.010292618535459042
validation,15_content_Skyblueballykid_SPX-Arima-model_SPX.py.png,0,0,0.9997799075354123,0.0002200924645876512
validation,v5_2_content_johndoe31415_toyecc_dual_ec_drbg.py.png,1,1,0.004390120506286621,0.9956098794937134
validation,v5_2_content_ablumenf_ECCpy_ECC.py.png,1,0,0.6023073494434357,0.39769265055656433
validation,46_content_gabysoares_PythonBubbleSort_ResultTable.py.png,0,0,0.9993071813951246,0.000692818604875356
validation,v5_4_content_JunaidAShaikh_Apriori_and_Association_Rule_Generation_Algorithm_Project1_Apriori_PartA.py.png,1,1,0.0006158351898193359,0.9993841648101807
validation,v5_11_content_harishchellappa_Time-Series-Analysis-Bike-Sharing-Demand-Forecasting_forecasting_2.py.png,1,1,0.00011873245239257812,0.9998812675476074
validation,83_content_habibz2196_bfs-dan-dfs-_bfs_dan_dfs_kuda_skak.py.png,0,0,0.9958135555498302,0.004186444450169802
validation,v5_44_content_eastxe_cosine-knn_knn.py.png,1,0,0.5483765304088593,0.45162346959114075
validation,v5_10_content_mohamedScikitLearn_Information-retrieval--Text-mining-_Version_2.py.png,1,1,0.0012595057487487793,0.9987404942512512
validation,v5_18_content_FN-HD_Elliptic_Curve_Cryptography_Fp_main.py.png,1,1,0.0027753710746765137,0.9972246289253235
validation,23_content_cheewoei1997_dijkstras-algorithm_graphFunctions.py.png,0,0,0.9989073530305177,0.0010926469694823027
validation,v5_66_content_KarlaFlorentino_Dijkstra_dijkstra.py.png,1,1,0.010076820850372314,0.9899231791496277
validation,v5_4_content_drinkbeer_DFS-Python_common.py.png,1,1,0.001131594181060791,0.9988684058189392
validation,56_content_newsteps8_Efficiency_of_SortingAlgorithms_merge_sort.py.png,0,0,0.9995035087340511,0.0004964912659488618
validation,62_content_wang2226_Clustering_k-means_plot.py.png,0,0,0.999940444722597,5.955527740297839e-05
validation,v5_11_content_sachinrajgowda_NetworkDesign_Kruskal_DisjointSet.py.png,1,0,0.9067579284310341,0.09324207156896591
validation,v5_18_content_deeptavker_Vortex_Spin_Down_post_proc_TVF.py.png,1,1,0.004700422286987305,0.9952995777130127
validation,26_content_bahadircolak44_EllipticCurve_PointAddition.py.png,0,0,0.9583136849105358,0.04168631508946419
validation,67_content_DrIanGregory_MachineLearning-LogisticRegressionWithGradientDescentOrNewton_mulitpleLinearRegression.py.png,0,0,0.9850486107170582,0.014951389282941818
validation,20_content_Govind9_BubbleSortAnalysis_Sorting.py.png,0,0,0.9950710064731538,0.00492899352684617
validation,v5_52_content_PhaniBalagam27_Big-data-Analytics-on-dallas-police-incidents-dataset_Q5_code.py.png,1,1,0.02621370553970337,0.9737862944602966
validation,v5_8_content_suman-kr_diffie-hellman_server.py.png,1,0,0.9795570187270641,0.020442981272935867
validation,12_content_romanorac_elastic_localized_search_controller_elastic.py.png,0,1,0.24921756982803345,0.7507824301719666
validation,88_content_ilkayDevran_HEAP_and_BTS_Implementation_binarySearchTree.py.png,0,0,0.7306943833827972,0.26930561661720276
validation,v5_4_content_gionanide_Cryptography_manipulate_CRC_computations.py.png,1,1,0.007378339767456055,0.992621660232544
validation,5_content_wiflore_Data-Lakes-on-AWS_etl.py.png,0,0,0.9978679940104485,0.002132005989551544
validation,v5_41_content_Titash21_Python-Representation-of-LinkedList_linkledistDelete.py.png,1,1,0.04422193765640259,0.9557780623435974
validation,15_content_prashant-kikani_image-optimizer_utils.py.png,0,0,0.6363882124423981,0.36361178755760193
validation,11_content_sidmishraw_cs-267-project_pdf_processing_demo.py.png,0,0,0.9990876952651888,0.0009123047348111868
validation,v5_88_content_andreaestrada_mazecrawler_powerupPiles.py.png,1,0,0.6000282764434814,0.39997172355651855
validation,27_content_AlpCentaur_Diffie-Hellman-Implementation_Attack.py.png,0,0,0.9995563871925697,0.00044361280743032694
validation,6_content_yasinakinn_hierarchical-clustering_linkage_methods.py.png,0,0,0.9995126536814496,0.0004873463185504079
validation,4_content_mmcniece_tiled_floyd_warshall_tiled_FW.py.png,0,0,0.9934906074777246,0.006509392522275448
validation,v5_68_content_mehmetozanguven_MazeSolver-AI-Programming_PriorityQueueImpl.py.png,1,1,0.2304515838623047,0.7695484161376953
validation,v5_12_content_AtahanCelebi_Shortest-Route-with-Floyd-Warshall-Algorithm_map_distance.py.png,1,1,0.005787789821624756,0.9942122101783752
validation,38_content_citigoad_Appengine_factorial_factorial.py.png,0,0,0.9735637195408344,0.026436280459165573
validation,20_content_a-hamza-r_Hierarchical-Clustering_hpc_classify.py.png,0,0,0.9991277371882461,0.0008722628117538989
validation,48_content_prateek22sri_Image-orientation-detector_AdaBoost.py.png,0,0,0.9251365214586258,0.0748634785413742
validation,46_content_arun-p12_sort-algorithms_shell_sort.py.png,0,0,0.9996288476395421,0.000371152360457927
validation,v5_26_content_cteters_Minimum-spanning-tree_kruskal.py.png,1,0,0.754155308008194,0.24584469199180603
validation,v5_1_content_dhvanilp_Persistent-Binary-Search-Trees_index.py.png,1,1,0.002260923385620117,0.9977390766143799
validation,v5_1_content_akoksal_Turkish-Lemmatizer_trainLexicon.py.png,1,1,0.15773838758468628,0.8422616124153137
validation,11_content_sichen-x_search-engine_myhtable_search.py.png,0,1,0.2991953492164612,0.7008046507835388
validation,46_content_hackabit19__destroyingRecursively__vibration.py.png,0,0,0.7795695811510086,0.2204304188489914
validation,4_content_fcunhaneto_py-binary-trees-draw_node.py.png,0,0,0.590414434671402,0.409585565328598
validation,v5_95_content_anapandza_ComputerNetworks_Dijkstra.py.png,1,1,0.0009551644325256348,0.9990448355674744
validation,11_content_sichen-x_search-engine_htable_oo.py.png,0,0,0.9941550954245031,0.005844904575496912
validation,v5_18_content_ppke-nlpg_emmorphpy_emmorphrest.py.png,1,1,0.034303247928619385,0.9656967520713806
validation,v5_11_content_sichen-x_search-engine_test_htable.py.png,1,1,0.4287037253379822,0.5712962746620178
validation,7_content_git-remove_CBC-and-CTR-Decipher_decipher.py.png,0,0,0.975065091624856,0.024934908375144005
validation,v5_46_content_arun-p12_sort-algorithms_quick_sort.py.png,1,1,0.008369982242584229,0.9916300177574158
validation,2_content_Shanmukha-Y_SIngle-Exponential-Smoothing-_predict.py.png,0,0,0.9987332086311653,0.0012667913688346744
validation,9_content_Sknapper4_CS3310A2_main.py.png,0,0,0.994485417380929,0.005514582619071007
validation,v5_24_content_lesdev_SortingMethods_radix.py.png,1,1,0.008032500743865967,0.991967499256134
validation,v5_2_content_Ap1402_floydWarshall_floyd.py.png,1,1,0.008970439434051514,0.9910295605659485
validation,v5_8_content_alexvking_comp150_bsts_optimal_bst_knuth_n3.py.png,1,0,0.9528841823339462,0.04711581766605377
validation,25_content_OlaRonning_ah16_corenlp_gen_dep_lemma.py.png,0,0,0.9864533562213182,0.013546643778681755
validation,97_content_mjurk456_mini-snakes_flowers.py.png,0,0,0.9596018828451633,0.040398117154836655
validation,v5_11_content_sichen-x_search-engine_htable.py.png,1,1,0.0028789639472961426,0.9971210360527039
validation,v5_2_content_johnrobyclayton_division-project_plot.py.png,1,1,0.008262693881988525,0.9917373061180115
validation,v5_42_content_aryanshar_TextMining_magboard.py.png,1,1,0.0049661993980407715,0.9950338006019592
validation,17_content_gorarakelyan_JointUD_train.py.png,0,0,0.6108108162879944,0.3891891837120056
validation,v5_46_content_skropf_fib-drawer_test-animation.py.png,1,0,0.5250961780548096,0.47490382194519043
validation,9_content_Soumyabrata_predicting-pwv_read_matfile.py.png,0,0,0.9416040629148483,0.05839593708515167
validation,v5_5_content_brown9804_Python_DiversosAlgortimos_CreandoMatrizApartirTXT.py.png,1,1,0.01505666971206665,0.9849433302879333
validation,v5_2_content_ernestosanchezmatos_-BellmanFord_algoritmo_bellmanford.py.png,1,0,0.9896908523514867,0.010309147648513317
validation,v5_7_content_jimmygzp_bellman-ford_testclient.py.png,1,1,0.01532834768295288,0.9846716523170471
validation,v5_2_content_neonb88_knn_knn_machine_learning_hw1.py.png,1,1,0.005677461624145508,0.9943225383758545
validation,97_content_mjurk456_mini-snakes_aligning_text_file.py.png,0,1,0.2410563826560974,0.7589436173439026
validation,52_content_seanluo1_Arm-Link-AI_const.py.png,0,0,0.9999961667440402,3.8332559597620275e-06
validation,v5_55_content_NM20XX_Python_Fibonacci_Sequence.py.png,1,1,0.19496655464172363,0.8050334453582764
validation,28_content_pranav94_Self-balancing-BST_AVL.py.png,0,0,0.7434650957584381,0.2565349042415619
validation,v5_10_content_kllinzy_Elliptic-Curve-Cryptography_point.py.png,1,1,0.013280272483825684,0.9867197275161743
validation,v5_28_content_yifan0330_stock-trader_stocktrader.py.png,1,1,0.0036457180976867676,0.9963542819023132
validation,20_content_kavyasree-bvs_Network-Optimization_heap.py.png,0,0,0.9245869144797325,0.07541308552026749
validation,v5_34_content_polegarh_Eight-Puzzle_DFS.py.png,1,1,0.24205446243286133,0.7579455375671387
validation,25_content_aajanki_finnish-pos-accuracy_download_models.py.png,0,0,0.9897491056472063,0.010250894352793694
validation,29_content_sanchikagn_geyser-eruptions-k-means_clusters_plotted.py.png,0,0,0.9999985914065519,1.4085934481045115e-06
validation,v5_22_content_chenjie_BFS-DFS-puzzle-solving_puzzle.py.png,1,1,0.07694089412689209,0.9230591058731079
validation,v5_59_content_orzinger_8-Puzzle-game_World_State.py.png,1,1,0.07379204034805298,0.926207959651947
validation,55_content_danmenjivar_huffman_huffman.py.png,0,0,0.9999346027470892,6.539725291077048e-05
validation,7_content_Broski-AC_FizzBuzz1_Fizzbuzz.py.png,0,0,0.9983256550040096,0.0016743449959903955
validation,v5_27_content_ayaar25_elgamalecceg_pointoperatorecc.py.png,1,0,0.8240765184164047,0.17592348158359528
validation,75_content_maxilevi_airport-system_graph.py.png,0,0,0.9998132439941401,0.0001867560058599338
validation,v5_7_content_PotatoSpudowski_The-centralized-guide-to-distributed-storage-and-processing-of-big-data_13_makerspace_analysis.py.png,1,1,0.029810011386871338,0.9701899886131287
validation,v5_3_content_ravinderiiit_Market-Basket-Optimisation-by-apriori-Algorithm_apriori.py.png,1,1,0.00035953521728515625,0.9996404647827148
validation,v5_20_content_kavyasree-bvs_Network-Optimization_vertex.py.png,1,1,0.05359089374542236,0.9464091062545776
validation,v5_5_content_anguillanneuf_bigO_89_license_plate.py.png,1,1,0.4605832099914551,0.5394167900085449
validation,36_content_prakhardogra921_Clustering-using-Kmeans-Cmeans-and-GMM_gmm_sklearn.py.png,0,0,0.999993963534962,6.036465038050665e-06
validation,1_content_dedeco_dijkstra-bellman-ford_grafo.py.png,0,0,0.6783758401870728,0.32162415981292725
validation,v5_27_content_ashwinvis98_Particle-Swarm-Optimization-for-Robotic-Search-Applications_ultrasonic_test.py.png,1,1,0.0016761422157287598,0.9983238577842712
validation,v5_12_content_ianscottknight_Predicting-Myers-Briggs-Type-Indicator-with-Recurrent-Neural-Networks_make_training_set.py.png,1,1,9.834766387939453e-05,0.9999016523361206
validation,1_content_dedeco_dijkstra-bellman-ford_teste_lobo_bford.py.png,0,0,0.9435194991528988,0.05648050084710121
validation,v5_43_content_odubno_ford-fulkerson-max-flow_test_max_flow.py.png,1,1,0.004106640815734863,0.9958933591842651
validation,v5_8_content_Omig12_dfs_delete.py.png,1,1,0.03025972843170166,0.9697402715682983
validation,v5_32_content_rihartma_huffmanCoding_files.py.png,1,1,0.11118817329406738,0.8888118267059326
validation,v5_14_content_jonathanchang97_ThatsJustTheWazeItIs_car.py.png,1,1,0.12437593936920166,0.8756240606307983
validation,38_content_emilyhammer_fibonacci_app.py.png,0,0,0.9954083510674536,0.004591648932546377
validation,13_content_Pedinpsy_-inverted-index-search_main.py.png,0,0,0.9708332810550928,0.02916671894490719
validation,3_content_abdulqadirs_distance-vector-routing-protocol_update.py.png,0,0,0.9995337378641125,0.0004662621358875185
validation,52_content_Tchaikovic_dijkstra_mapcreator.py.png,0,0,0.9288588538765907,0.07114114612340927
validation,v5_5_content_kheguy_bubbleSort_bubbleSort.py.png,1,0,0.8705058395862579,0.12949416041374207
validation,1_content_smbanaie_floyd-warshall-python_Main.py.png,0,0,0.9986921543022618,0.0013078456977382302
validation,v5_13_content_Pedinpsy_-inverted-index-search_hash.py.png,1,0,0.83592090010643,0.16407909989356995
validation,64_content_YifeiY_Depth-of-BTS_BTS_Depth.py.png,0,0,0.7564214318990707,0.24357856810092926
validation,v5_20_content_Govind9_BubbleSortAnalysis_Sorting.py.png,1,0,0.77536840736866,0.22463159263134003
validation,21_content_PyEldar_PyMazeSolver_maze_solve.py.png,0,0,0.9982679082313552,0.0017320917686447501
validation,v5_2_content_laendle1999_NasceUmAEstrela_reberto.py.png,1,0,0.5390418767929077,0.4609581232070923
validation,v5_8_content_usmanali414_Destruction-Detection-in-Satellite-Imagery_segmentation.py.png,1,1,0.001929640769958496,0.9980703592300415
validation,3_content_danedabomb_InformationRetrieval_IRSystem.py.png,0,0,0.8513980656862259,0.1486019343137741
validation,21_content_CanKorkut_Python-Sort-Algorithm_quick.py.png,0,0,0.9979551441501826,0.002044855849817395
validation,v5_8_content_drake-young_Euler12_Python_main.py.png,1,1,0.005513191223144531,0.9944868087768555
validation,18_content_FN-HD_Elliptic_Curve_Cryptography_Fp_main.py.png,0,0,0.9999770426074974,2.2957392502576113e-05
validation,v5_46_content_ADsecu_diffie-hellman-KE_dh.py.png,1,1,0.08850955963134766,0.9114904403686523
validation,v5_4_content_BenCashman_Linear-Search_linear_search.py.png,1,1,0.04671192169189453,0.9532880783081055
validation,v5_20_content_IbrahimAyed_Multifractal-analysis-of-natural-images_zoom.py.png,1,1,0.039783775806427,0.960216224193573
validation,v5_24_content_GrayHat12_Desktop-GrayBot_playlist.py.png,1,0,0.7819408178329468,0.21805918216705322
validation,28_content_tomsiwek_gprMax-Designer_operation.py.png,0,1,0.2595239281654358,0.7404760718345642
validation,v5_19_content_Gorresio_easyAES256_easyAES256.py.png,1,1,0.0056819915771484375,0.9943180084228516
validation,v5_35_content_fireclawthefox_DirectGuiDesigner_setup_p3d.py.png,1,0,0.889936663210392,0.110063336789608
validation,44_content_sharyudeshmukh_Pacman_temp.py.png,0,0,0.9875213410705328,0.012478658929467201
validation,v5_61_content_EricHasegawa_binary-search_binary_search.py.png,1,0,0.8302794396877289,0.16972056031227112
validation,v5_26_content_Emersonxuelinux_One_Big_Archive_VirtualPet.py.png,1,0,0.7122400104999542,0.2877599895000458
validation,13_content_FN-HD_Elliptic_Curve_Cryptography_Main.py.png,0,0,0.9999608538564644,3.914614353561774e-05
validation,v5_7_content_rmssoares_8Puzzle-StateSpaceSearches_node.py.png,1,1,0.009791195392608643,0.9902088046073914
validation,v5_51_content_adityapatelgithub_Expressions-and-Functions_evalpostfix.py.png,1,1,0.003414154052734375,0.9965858459472656
validation,23_content_TuckerStewart98_LinkedList_MyLinkedList.py.png,0,0,0.9396639838814735,0.06033601611852646
validation,1_content_rosshochwert_arbitrage_arbitrage.py.png,0,0,0.9664768502116203,0.03352314978837967
validation,v5_30_content_manojrameshrao_machine-learning-iris_iris_web3.py.png,1,0,0.9812321737408638,0.0187678262591362
validation,17_content_yujiex9_LinkedList_LinkedList.py.png,0,0,0.9173072874546051,0.0826927125453949
validation,v5_12_content_aabulhaj_SpectralClustering_synthetic_data.py.png,1,1,0.029064714908599854,0.9709352850914001
validation,77_content_Zerox-1337_Simplified-OTR-Protocol_otr.py.png,0,0,0.6803729832172394,0.3196270167827606
validation,4_content_agvaibhav_linked-list_insertion-doubly.py.png,0,1,0.13836133480072021,0.8616386651992798
validation,2_content_Lok-lok_TestLinkedList_LinkedList.py.png,0,0,0.9998706213373225,0.00012937866267748177
validation,33_content_apoorvpatne10_Hierarchical-clustering_hc.py.png,0,0,0.9999434609417222,5.653905827784911e-05
validation,v5_53_content_ding-si-han_Flight-Length-BFS_graph.py.png,1,0,0.9380546174943447,0.06194538250565529
validation,4_content_rcornacchia_bellman-ford_testclient.py.png,0,0,0.9997495452116709,0.00025045478832907975
validation,8_content_gordon636798_DiffieHellman-AES_DiffieHellman_AES.py.png,0,0,0.999847634928301,0.00015236507169902325
validation,5_content_anguillanneuf_bigO_38_rabin_karp.py.png,0,0,0.9997226031555329,0.0002773968444671482
validation,97_content_mjurk456_mini-snakes_pseudorandom_sentence_generator.py.png,0,0,0.9937672228552401,0.006232777144759893
validation,v5_65_content_pratikbitmesra_BID_bin_cluster.py.png,1,1,0.27834826707839966,0.7216517329216003
validation,v5_5_content_LuttaKing_AES-style-Encryptor-Decryptor_encryptorGUI.py.png,1,1,0.00045984983444213867,0.9995401501655579
validation,v5_17_content_loranloranvl_ecc-point_ECC_Point.py.png,1,1,0.477431058883667,0.522568941116333
validation,5_content_brown9804_Python_DiversosAlgortimos_CalculoParametrosBalonClimatico.py.png,0,0,0.9829482827335596,0.01705171726644039
validation,74_content_MarynaTatsevich_Machine-Learning-Unsupervised-Learning-Techniques_hierarchical_clustering_algorithm.py.png,0,0,0.9999302778523997,6.972214760025963e-05
validation,v5_73_content_kamil-owczarek_sorter_sorter.py.png,1,1,0.18400168418884277,0.8159983158111572
validation,v5_16_content_frknozr_knn_knn.py.png,1,1,0.31231141090393066,0.6876885890960693
validation,5_content_Schemberizer_Binary-Tree-Compression_tree.py.png,0,0,0.9253316596150398,0.07466834038496017
validation,v5_11_content_kousu_primes_cubesieve_explore.py.png,1,0,0.8316353559494019,0.16836464405059814
validation,5_content_dedeco_dijkstra-bellman-ford_grafo.py.png,0,0,0.6783758401870728,0.32162415981292725
validation,30_content_sanjanprakash_Cluster-Analysis-over-Financial-Characteristics_topickle.py.png,0,0,0.980706786736846,0.01929321326315403
validation,8_content_KreandOStudio_FizzBuzz_fizzbuzz.py.png,0,0,0.997555716894567,0.002444283105432987
validation,v5_13_content_Odarlie_fizz_buzz_programming_logic_andelab_fizz_buzz_bootcamp_function.py.png,1,1,0.030705749988555908,0.9692942500114441
validation,v5_4_content_rohinigopalqxf2_Factorial-Calculator-Practice_04_Calculation.py.png,1,1,0.004084408283233643,0.9959155917167664
validation,41_content_NivedChowdary_Rain-Fall-Prediction-Using-ARIMA_wp3.py.png,0,0,0.9996330142603256,0.00036698573967441916
validation,34_content_polegarh_Eight-Puzzle_DFS.py.png,0,0,0.551483690738678,0.448516309261322
validation,2_content_kristpapadopoulos_keras-exponential-smoothing_ses.py.png,0,1,0.19643104076385498,0.803568959236145
validation,v5_11_content_jvpessoa10_Diffie-Hellman_App.py.png,1,1,0.14633935689926147,0.8536606431007385
validation,v5_7_content_DMDarkness_Data-mining_Example_pybpsohd.py.png,1,0,0.948259886354208,0.05174011364579201
validation,v5_73_content_hoopghetto_dfs-optimizer_settings.py.png,1,1,0.0011078715324401855,0.9988921284675598
validation,10_content_stensonowen_factorial_bot_text2num.py.png,0,0,0.9909082418307662,0.009091758169233799
validation,v5_16_content_hungapp_big_o_01-29-HW.py.png,1,0,0.6674545407295227,0.3325454592704773
validation,v5_86_content_ThiagoGrabe_Min_Cut-Graphs_BFS.py.png,1,1,0.26537615060806274,0.7346238493919373
validation,2_content_spygaurad_AI_LAB_6_537_Suraj_doc_similarity.py.png,0,0,0.9999921426115179,7.857388482079841e-06
validation,v5_9_content_jeffwang0516_Frequent-Itemset-Mining_apriori.py.png,1,1,0.17169296741485596,0.828307032585144
validation,v5_3_content_renyuntao_Floyd_Warshall_floyd.py.png,1,1,0.006159305572509766,0.9938406944274902
validation,v5_13_content_limqiying_crypto_final_project_EG-test.py.png,1,1,0.00026148557662963867,0.9997385144233704
validation,8_content_abpaudel_8-puzzle_board.py.png,0,0,0.9998868289840175,0.00011317101598251611
validation,v5_4_content_shubhamjha97_association-rule-mining-apriori_timing_wrapper.py.png,1,1,0.004997670650482178,0.9950023293495178
validation,v5_1_content_Chunning-Zhou_MILPBasedSearchAlgorithmDiff_function.py.png,1,1,0.22180622816085815,0.7781937718391418
validation,3_content_sarmedalwan_AES-Decryption_AES-Decryption.py.png,0,0,0.9886156925931573,0.011384307406842709
validation,v5_13_content_fangzhengzhu_minst-knn_imgReader.py.png,1,1,0.0877983570098877,0.9122016429901123
validation,97_content_mjurk456_mini-snakes_web_scrapper.py.png,0,0,0.9951531668193638,0.0048468331806361675
validation,v5_11_content_liubing220524_DFSL-for-hyperspectral-image-classification_KNN.py.png,1,1,0.0005109310150146484,0.9994890689849854
validation,v5_66_content_abouchan01_Merge-Bubble-Sort-con-_interfazGrafica.py.png,1,0,0.9737061932682991,0.026293806731700897
validation,54_content_gly11_Sort_sort_numbers.py.png,0,0,0.9759684503078461,0.02403154969215393
validation,v5_4_content_moduloone_QualtricsFactorialVignettes_questiongen.py.png,1,1,0.013155937194824219,0.9868440628051758
validation,v5_24_content_lesdev_SortingMethods_BubbleSort.py.png,1,0,0.9283601343631744,0.07163986563682556
validation,26_content_manzala_Analysis-of-Algorithms_merge_sort.py.png,0,0,0.9890897711738944,0.010910228826105595
validation,v5_24_content_Brew8it_Python_DHAES_server.py.png,1,1,0.08861202001571655,0.9113879799842834
validation,v5_24_content_Jagdishkharatmol_Sorting-techniques-_pythonin.py.png,1,1,0.0035490989685058594,0.9964509010314941
validation,8_content_abhishekmsharma_knn-python-artificial-intelligence_abhishek_sharma_knn_environment.py.png,0,0,0.9998187114251778,0.00018128857482224703
validation,70_content_metr0jw_video-liveness-measurement_video_cut_itzy.py.png,0,0,0.9997287859150674,0.0002712140849325806
validation,47_content_saladcat_Huffman_Form1.py.png,0,0,0.6301086246967316,0.36989137530326843
validation,8_content_fepz_AyCC_disjoint_set.py.png,0,0,0.8135626912117004,0.18643730878829956
validation,25_content_aajanki_finnish-pos-accuracy_print_errors.py.png,0,0,0.50202476978302,0.49797523021698
validation,6_content_HaoLyu_Association-rule-learning_FP_Tree.py.png,0,0,0.9998772980470676,0.0001227019529324025
validation,34_content_jhomswk_Binary_Search_Tree_avl_tree.py.png,0,1,0.026559829711914062,0.9734401702880859
validation,9_content_Boros93_GraphProject_test_prim.py.png,0,0,0.9988923481432721,0.0011076518567278981
validation,12_content_ianscottknight_Predicting-Myers-Briggs-Type-Indicator-with-Recurrent-Neural-Networks_differentiate_words.py.png,0,0,0.9615503139793873,0.03844968602061272
validation,15_content_Nan-L_Huffman_Coding_HuffmanHeap.py.png,0,0,0.826238602399826,0.17376139760017395
validation,5_content_aaronzira_apriori_miner.py.png,0,0,0.9995127725997008,0.00048722740029916167
validation,61_content_AaronRobson_sequences_prime_gui.py.png,0,1,0.046248793601989746,0.9537512063980103
validation,v5_44_content_Mazuh_Fibonacci_fib_benchmark.py.png,1,1,0.0009339451789855957,0.9990660548210144
validation,v5_5_content_anguillanneuf_bigO_38_rabin_karp.py.png,1,1,0.004986107349395752,0.9950138926506042
validation,10_content_ajcse1_Predicting_Picture_Orientation_NeuralNetwork_predict.py.png,0,0,0.9774203468114138,0.022579653188586235
validation,v5_13_content_FN-HD_Elliptic_Curve_Cryptography_Main.py.png,1,1,0.011928677558898926,0.9880713224411011
validation,32_content_rihartma_huffmanCoding_files.py.png,0,0,0.8827034905552864,0.11729650944471359
validation,v5_57_content_Nirusha1_Binary-Search-Tree-_binaryTree.py.png,1,0,0.7020864188671112,0.2979135811328888
validation,v5_23_content_thugsatbay_CS-Algorithms_Sorting_Comparison_Ass2-2Soln.py.png,1,1,0.20249372720718384,0.7975062727928162
validation,1_content_minar09_bfscore_python_evaluate_single_image.py.png,0,0,0.9980093687772751,0.0019906312227249146
validation,3_content_coreymyster_linked-lists_stack.py.png,0,1,0.42143887281417847,0.5785611271858215
validation,36_content_akaif95_U.S-Currency-Patterns_us_currency_regex.py.png,0,1,0.18790888786315918,0.8120911121368408
validation,v5_35_content_phaniavi_project_5th_sem_KNN_reducer.py.png,1,1,0.35022157430648804,0.649778425693512
validation,v5_12_content_jcarstenson_parallel_final_performanceTest.py.png,1,1,0.08537554740905762,0.9146244525909424
validation,7_content_syedshameersarwar_DocumentSimilarityChecker_pdfReader.py.png,0,0,0.9075546413660049,0.09244535863399506
validation,6_content_petronius_minotaur_dimensions.py.png,0,0,0.9806651510298252,0.01933484897017479
validation,v5_61_content_cthorrez_deepsetLinkage_baselines.py.png,1,1,0.0021459460258483887,0.9978540539741516
validation,20_content_shamo0_Binary_Search_Tree_treap.py.png,0,1,0.227880597114563,0.772119402885437
validation,1_content_amazingspain_ExponentialSmoothing_finalWorldQuant.py.png,0,0,0.9997559517796617,0.00024404822033829987
validation,v5_12_content_ianscottknight_Predicting-Myers-Briggs-Type-Indicator-with-Recurrent-Neural-Networks_rnn.py.png,1,1,0.006788372993469238,0.9932116270065308
validation,v5_5_content_domodomodomo_binary_search_tree_binary_search_tree.py.png,1,0,0.6613988280296326,0.33860117197036743
validation,42_content_nidhigup01_Least-Common-Ancestor-in-Binary-tree_self_least_common_ancestor.py.png,0,0,0.9997883050818928,0.0002116949181072414
validation,4_content_HamzaMhirsi_Chat-Server-Client-Python-AES-SHA_server.py.png,0,0,0.9546267911791801,0.045373208820819855
validation,v5_82_content_Xalvom_python-bfs-dfs_bfs.py.png,1,0,0.986351159401238,0.013648840598762035
validation,v5_2_content_yyqcs_time-series-model_encoder_decoder_fullv-1.py.png,1,1,0.0003133416175842285,0.9996866583824158
validation,47_content_Eric-Muthemba_investing_scrapper.py.png,0,0,0.6005037724971771,0.3994962275028229
validation,v5_15_content_jknight1725_linear_search_vs_random_search_random_case.py.png,1,1,0.0003387928009033203,0.9996612071990967
validation,11_content_kirokuan_Idf-tf-DocCompare_PorterStemmer.py.png,0,0,0.8021685034036636,0.19783149659633636
validation,57_content_Wwicked_Bubble-sort-visualization_main.py.png,0,0,0.9715465717017651,0.02845342829823494
validation,v5_1_content_minar09_bfscore_python_evaluate_single_image.py.png,1,1,0.0004800558090209961,0.999519944190979
validation,v5_7_content_TongTongX_HuffmanCompressor_huffman.py.png,1,0,0.9708074815571308,0.029192518442869186
validation,v5_30_content_rogerdenisvieira_bidirectional-conditional-insertion-sort_data_generator.py.png,1,1,0.0037181973457336426,0.9962818026542664
validation,35_content_NavneetSomwal_Weather-Data-Clustering-using-k-Means_waether_data_Clustering_k-means_scikit-learn.py.png,0,0,0.9999996694234312,3.3057656878554553e-07
validation,38_content_valuntiny_leetcode_linked_list_ii_addTwoNumbers_re.py.png,0,0,0.9957195017486811,0.004280498251318932
validation,v5_14_content_Dawlatly_Recommender-system_kmeans.py.png,1,1,4.2438507080078125e-05,0.9999575614929199
validation,v5_38_content_taesungp_pytorch-kmeans-init_demo.py.png,1,1,0.06091254949569702,0.939087450504303
validation,55_content_siddbhatia07_MACHINE-LEARNING_Simple_linear_regression.py.png,0,0,0.9997033312683925,0.00029666873160749674
validation,v5_17_content_skvorekn_arima_model.py.png,1,1,0.001525580883026123,0.9984744191169739
validation,v5_25_content_MarcLindenbach_2d-grouping_k_cluster.py.png,1,1,0.1800076961517334,0.8199923038482666
validation,v5_10_content_shehand_Game_Graphics_using_Binary_Search_Tree_calc.py.png,1,1,0.3991401195526123,0.6008598804473877
validation,31_content_shreyas3336_Diffie-Hellman-KeyExchange_Seed_Generator.py.png,0,0,0.9900400657206774,0.009959934279322624
validation,v5_36_content_mskroar18_GraphWizard_edge.py.png,1,0,0.6600820124149323,0.33991798758506775
validation,v5_3_content_mightydeveloper_Deep-Compression-PyTorch_pruning.py.png,1,1,0.39767545461654663,0.6023245453834534
validation,v5_10_content_aptr288_Information_Retrieval_system_Indexer_main.py.png,1,1,0.0009636282920837402,0.9990363717079163
validation,v5_24_content_Brew8it_Python_DHAES_DiffieHellman.py.png,1,1,0.03798180818557739,0.9620181918144226
validation,v5_20_content_kristianespina_python-binary-search-tree_binary_search_tree.py.png,1,1,0.44527435302734375,0.5547256469726562
validation,v5_27_content_SethEggerRocks_WakingMoments_wakingWidgets.py.png,1,0,0.6206414103507996,0.37935858964920044
validation,v5_99_content_MatheusMuriel_ProgramacaoDinamica_fib_rec_memorization.py.png,1,1,0.044427692890167236,0.9555723071098328
validation,v5_12_content_gabrielviggiano_MD_Huffman_huffman.py.png,1,1,0.19206523895263672,0.8079347610473633
validation,11_content_Koushikmc_Knn-Classifier_Knn.py.png,0,0,0.8393015414476395,0.16069845855236053
validation,v5_29_content_sarapple_AI-Search-Algorithms-Pure_driver.py.png,1,1,0.14761710166931152,0.8523828983306885
validation,12_content_AtahanCelebi_Shortest-Route-with-Floyd-Warshall-Algorithm_map_distance.py.png,0,0,0.8121667802333832,0.18783321976661682
validation,8_content_chiragragarwal_Graphs_And_Networks_numpy_help.py.png,0,0,0.999351424688939,0.0006485753110609949
validation,v5_33_content_nikhil-paramane_-Diffie-Hellman-key-Exchange-Algorithm_dh.py.png,1,1,0.0027773380279541016,0.9972226619720459
validation,7_content_Manerone_Evolutive-KNN_evolutive_knn.py.png,0,1,0.34360647201538086,0.6563935279846191
validation,v5_5_content_Schemberizer_Binary-Tree-Compression_tree.py.png,1,0,0.8542976379394531,0.14570236206054688
validation,8_content_rprahlad1_guavabot_solver.py.png,0,0,0.8456276059150696,0.15437239408493042
validation,5_content_gupta-shantanu_huffman_compress.py.png,0,0,0.9998723306925967,0.00012766930740326643
validation,v5_ 1_content_sadnessFree_arima-lstm_c-lstm.py.png,1,1,0.00017952919006347656,0.9998204708099365
validation,v5_3_content_abantikabasak_ImprovisedDijkstraFlood_GraphInput.py.png,1,1,0.05920100212097168,0.9407989978790283
validation,v5_1_content_jwan659_forex-arbitrage_BellmanFord.py.png,1,1,0.047955453395843506,0.9520445466041565
validation,18_content_10elements_BinaryTree_binaryTree.py.png,0,1,0.24334454536437988,0.7566554546356201
validation,v5_32_content_arian100y_Travelling-Salesman-Problem_createDBOrdered.py.png,1,1,0.16432100534439087,0.8356789946556091
validation,24_content_UZziell_bigO-estimate_gui.py.png,0,0,0.999877101436141,0.00012289856385905296
validation,12_content_timhebert1963_InsertionSortAdvancedAnalysis_Hackerrank_TC2_1_length_441_answer_46768.py.png,0,0,0.9978389125317335,0.002161087468266487
validation,v5_33_content_chafiknaceri_Credit-Card-Debt_DebtLeft.py.png,1,1,0.041086792945861816,0.9589132070541382
validation,v5_24_content_maganoegi_huffman_compressor_comp_PLATONOV_MPACKO.py.png,1,1,0.00043326616287231445,0.9995667338371277
validation,31_content_alonek1_huffman_compression_algorithm_haffmen.py.png,0,0,0.9995983359694947,0.00040166403050534427
validation,5_content_MadalinaMircea_GraphAlgorithms_StartApp.py.png,0,0,0.9999641057147528,3.589428524719551e-05
validation,v5_16_content_mariosasodotcom_mirror-enc_mirror-enc.py.png,1,0,0.8932886868715286,0.10671131312847137
validation,1_content_speix_8-puzzle-solver_state.py.png,0,0,0.9999978289667979,2.17103320210299e-06
validation,v5_51_content_adityapatelgithub_Expressions-and-Functions_peekable.py.png,1,1,0.13740092515945435,0.8625990748405457
validation,54_content_ceydapolat_Sorting-Algorithms-Analysis_InsertionSort.py.png,0,0,0.9792708829045296,0.02072911709547043
validation,v5_61_content_gpwood_fibonacciOfOrderN_fib.py.png,1,0,0.5086878836154938,0.4913121163845062
validation,5_content_ligertsicat_Rental-Scraper_scraper.py.png,0,0,0.9932102607563138,0.006789739243686199
validation,v5_85_content_TheSuri_Dijsktras_shortest_path.py.png,1,1,0.008135795593261719,0.9918642044067383
validation,6_content_oml90_Combining-Structural-and-Bioactivity-descriptors_STEP_4.make_htsfp-from_flag_sparse.py.png,0,0,0.9998845947266091,0.00011540527339093387
validation,12_content_eyalr0_AES-Cryptoanalysis_softAESr.py.png,0,0,0.8629868924617767,0.13701310753822327
validation,5_content_egeismail_SteamWorkshopCollectionInstaller_workshopinstaller.py.png,0,0,0.9923389698378742,0.007661030162125826
validation,v5_4_content_fcunhaneto_py-binary-trees-draw_node.py.png,1,1,0.4661387801170349,0.5338612198829651
validation,43_content_hraizes_Sorting_SortingPractice.py.png,0,0,0.9992926469421946,0.0007073530578054488
validation,6_content_gionanide_Cryptography_manipulate_CRC_computations.py.png,0,0,0.9997540831682272,0.00024591683177277446
validation,v5_3_content_rizkyary_BFS_BASE_BFS_BASE.py.png,1,1,0.008084774017333984,0.991915225982666
validation,v5_1_content_abhilampard_Simple-Plagiarism-Checker_plag.py.png,1,0,0.8449830859899521,0.1550169140100479
validation,10_content_marcindahlen_ARIMAplus_arimaplus_neurony.py.png,0,0,0.9977652931120247,0.002234706887975335
validation,v5_1_content_RyanMarcus_TreeConvolution_util.py.png,1,0,0.8628567606210709,0.13714323937892914
validation,11_content_harishchellappa_Time-Series-Analysis-Bike-Sharing-Demand-Forecasting_forecasting_passes.py.png,0,0,0.9999970690973896,2.9309026103874203e-06
validation,v5_14_content_Qutuf_Qutuf_manage.py.png,1,1,0.014173746109008789,0.9858262538909912
validation,v5_97_content_mjurk456_mini-snakes_fizz_buzz.py.png,1,1,0.09979993104934692,0.9002000689506531
validation,v5_49_content_ajh1143_FibonacciScatterPlot_FibonacciScatter.py.png,1,1,0.2860492467880249,0.7139507532119751
validation,11_content_AlexCardaillac_K-Means-Clustering_k-means.py.png,0,1,0.11697375774383545,0.8830262422561646
validation,v5_8_content_lucasmullerm_turing-machine-fibonacci_main.py.png,1,1,0.01136690378189087,0.9886330962181091
validation,20_content_kristianespina_python-binary-search-tree_binary_search_tree.py.png,0,0,0.7407674789428711,0.2592325210571289
validation,93_content_KordingLab_hilbert-constrained-gradient-descent_utils.py.png,0,0,0.5040298402309418,0.4959701597690582
validation,3_content_akh5113_BFS-Wrestling-Teams_Homework5.py.png,0,0,0.9997953233832959,0.00020467661670409143
validation,v5_39_content_PankajJ08_DataStructure_n_queen_problem.py.png,1,1,0.004546165466308594,0.9954538345336914
validation,v5_1_content_HarryBaker_LDAtopicSimilarity_similaritySuite.py.png,1,1,0.28392499685287476,0.7160750031471252
validation,v5_18_content_vikasgola_graph-search-algorithms_graph.py.png,1,1,0.4453873038291931,0.5546126961708069
validation,2_content_zalayo_Hierarchical-Linkage-Regression_HLRlinkages.py.png,0,0,0.9999608769976476,3.912300235242583e-05
validation,47_content_mathwoods_binseqcomp_binseqcomp.py.png,0,0,0.9721435010433197,0.027856498956680298
validation,v5_28_content_surgoku_sentiment_analysis_knn_submission.py.png,1,1,0.0002536177635192871,0.9997463822364807
validation,7_content_ardyerwanda_SDN-Bellman-Ford-Pyretic_routebellman.py.png,0,0,0.9888939391821623,0.011106060817837715
validation,13_content_hypervinay_Insertion-sort_Insertionsort.py.png,0,0,0.6984221637248993,0.3015778362751007
validation,v5_8_content_chiragragarwal_Graphs_And_Networks_ReadGraph.py.png,1,1,0.15639764070510864,0.8436023592948914
validation,2_content_polyphilz_pricing-weather-derivatives_scrape_data.py.png,0,1,0.0028405189514160156,0.997159481048584
validation,68_content_Nircek_DiffHell2_main.py.png,0,0,0.970757257193327,0.02924274280667305
validation,29_content_rahuljohnny_Bangla_OCR_Using_KNN_class_contour.py.png,0,0,0.965812511742115,0.03418748825788498
validation,6_content_muhammadhabibi_CBS01_Main.py.png,0,0,0.9998593975324184,0.00014060246758162975
validation,37_content_bouziane-meed_time-series-forcasting-using-ARIMA_app.py.png,0,0,0.9997275169589557,0.00027248304104432464
validation,16_content_apriven_linked_lists_scratch.py.png,0,0,0.8451763093471527,0.1548236906528473
validation,5_content_vpandeti_Routing-Protocol_RoutingProtocol.py.png,0,0,0.9878371590748429,0.01216284092515707
validation,69_content_soldat76_FibonacciGenerator_FibonacciGenerator.py.png,0,0,0.9999975169021127,2.48309788730694e-06
validation,v5_3_content_xiekch_Adaptive-Huffman-Coding_bitStream.py.png,1,0,0.8991758078336716,0.10082419216632843
validation,11_content_SharifAmit_HuffmanCoding_encoder.py.png,0,0,0.9980761433253065,0.0019238566746935248
validation,v5_33_content_Howellp80_Algorithms---Merge-Sort-vs-Insertion-Sort_hw1.py.png,1,1,0.025907158851623535,0.9740928411483765
validation,11_content_reo11_aes-for-japanese-learner_predict_with_svr.py.png,0,0,0.9991147819091566,0.0008852180908434093
validation,15_content_meghanagabhushan_DijkstraAlgorithm_dijkstra.py.png,0,0,0.9687116481363773,0.031288351863622665
validation,40_content_HimalayPatel_loan-likelihood-prediction_predicting_loan_eda.py.png,0,0,0.9999985957643958,1.4042356042409665e-06
validation,v5_4_content_HamzaMhirsi_Chat-Server-Client-Python-AES-SHA_server.py.png,1,0,0.9186548590660095,0.08134514093399048
validation,v5_1_content_sadnessFree_arima-lstm_lstm.py.png,1,1,0.00021064281463623047,0.9997893571853638
validation,13_content_vatsal-rooprai_Image-Aesthetic-Evaluation_train_network.py.png,0,0,0.9997137857135385,0.0002862142864614725
validation,50_content_eyablokov_fibonacci-api_test_resources.py.png,0,1,0.272940456867218,0.727059543132782
validation,v5_3_content_danedabomb_InformationRetrieval_IRSystem.py.png,1,0,0.7600327730178833,0.2399672269821167
validation,16_content_hungapp_big_o_09-04.py.png,0,0,0.8864427283406258,0.11355727165937424
validation,2_content_MrPatel95_Apriori-Algorithm_generateDatabse.py.png,0,0,0.9999736468344054,2.635316559462808e-05
validation,11_content_sichen-x_search-engine_test_htableoo.py.png,0,0,0.9977407816331834,0.00225921836681664
validation,v5_2_content_vineetkia_Fundamentals-Of-Cryptography__6_-Columnar_Transposition.py.png,1,1,0.018620193004608154,0.9813798069953918
validation,v5_10_content_mateus-n00b_Diffie-Hellman_alice.py.png,1,1,0.0227280855178833,0.9772719144821167
validation,21_content_leonshen95_EC500-Modular-design-2.4_OutputAlert_module.py.png,0,1,0.23381537199020386,0.7661846280097961
validation,17_content_fekadeabdejene_HuffmanEncoding_Huffman.py.png,0,1,0.26433247327804565,0.7356675267219543
validation,13_content_Ade-Adeleke_KruskalAlg_Kruskal_Algorithm__1_.py.png,0,0,0.8277240097522736,0.17227599024772644
validation,16_content_MiKoronjoo_Python-Huffman-coding_decoding.py.png,0,0,0.9580263942480087,0.04197360575199127
validation,6_content_1siddhi7_Floyd-Warshall_tk.py.png,0,0,0.9990971221122891,0.0009028778877109289
validation,18_content_swaroop396_linkedLists_LinkedList.py.png,0,0,0.9343083128333092,0.06569168716669083
validation,v5_7_content_AlmazMirlan_Kruskal-Algorithm-Python-Turtle_AlmazbekMCom-17Kruskals.py.png,1,1,0.15432703495025635,0.8456729650497437
validation,6_content_muhammadhabibi_CBS01_NaiveBayesNLTK.py.png,0,0,0.9767629466950893,0.02323705330491066
validation,33_content_Ryan-Fortner_bubble_sort_bubble_sort.py.png,0,0,0.9939293982461095,0.006070601753890514
validation,11_content_hakimnasaoui_Analyse-sentiments-commentaires-fb_T_l_chargement_les_commentaires_de_Facebook.py.png,0,0,0.9877004129812121,0.012299587018787861
validation,v5_34_content_robinkthomas_DFS1_authentication.py.png,1,1,0.25133389234542847,0.7486661076545715
validation,v5_4_content_bward_ecc_signatures.py.png,1,1,0.04195624589920044,0.9580437541007996
validation,58_content_Deborah-byte_data-strictures-and-algorithms_binary-search-tree-algo.py.png,0,0,0.703328937292099,0.296671062707901
validation,v5_17_content_yujiex9_LinkedList_reorder_linkedlist.py.png,1,1,0.0018367171287536621,0.9981632828712463
validation,v5_10_content_ivanbgd_Self-Balancing-Binary-Search-Trees_Test_BST_Iterative.py.png,1,1,0.47518521547317505,0.524814784526825
validation,2_content_nrohani_AssosiationRules_TransactionEncoder.py.png,0,0,0.9997669930307893,0.00023300696921069175
validation,v5_44_content_suzheng123_BFS_N-aryTreeLevel.py.png,1,1,0.10747319459915161,0.8925268054008484
validation,4_content_rohinigopalqxf2_Factorial-Calculator-Practice_04_Calculation.py.png,0,0,0.9996515228122007,0.0003484771877992898
validation,v5_30_content_thomasjedstrom_Bubble_Sort_Selection_Sort.py.png,1,0,0.8332207351922989,0.1667792648077011
validation,v5_6_content_mmcetindag_ShortestPathAlgorithms_bellman-ford.py.png,1,1,0.0912775993347168,0.9087224006652832
validation,v5_48_content_TeddyBoomer_grapheMPM_test_subgraphs.py.png,1,1,0.004230797290802002,0.995769202709198
validation,v5_54_content_wenlin-koh_K-Means-Clustering---python_kmeans.py.png,1,1,0.015927493572235107,0.9840725064277649
validation,18_content_ronak-07_Agglomerative-Hierarchical-Clustering_Preprocess.py.png,0,0,0.9999840307773411,1.5969222658895887e-05
validation,85_content_adamkanouse_better-lineups-dfs_lineup_nba_fanduel.py.png,0,0,0.9998781336398679,0.00012186636013211682
validation,v5_4_content_noteven2degrees_timeseries_statsmodels_arima_evaluation.py.png,1,1,0.00021946430206298828,0.999780535697937
validation,v5_24_content_MuyaoWang_OnePlusTwo-BigData_PostProcessForReport.py.png,1,1,0.013664603233337402,0.9863353967666626
validation,v5_9_content_Soumyabrata_predicting-pwv_benchmarking.py.png,1,1,4.482269287109375e-05,0.9999551773071289
validation,2_content_johndoe31415_toyecc_PrefixMatcher.py.png,0,0,0.8167700916528702,0.18322990834712982
validation,6_content_yashambre_Document-Matching-Algorithm_DM.py.png,0,0,0.7676330208778381,0.23236697912216187
validation,v5_30_content_rogerdenisvieira_bidirectional-conditional-insertion-sort_unit_tests.py.png,1,1,0.1917319893836975,0.8082680106163025
validation,v5_11_content_sichen-x_search-engine_search.py.png,1,1,0.22502917051315308,0.7749708294868469
validation,23_content_AndreasChatz_factorial_constants.py.png,0,0,0.8361397832632065,0.16386021673679352
validation,v5_30_content_pwneip_fibonacci_fibonacci.py.png,1,0,0.5329594910144806,0.4670405089855194
validation,8_content_andersonlthome_floyd-warshall-algorithm_floyd_warshall.py.png,0,0,0.9999553769630438,4.462303695618175e-05
validation,7_content_tsingh94_Bellman-Ford-and-Floyd-Warshall-Algorithms_Shortestdistance_graph_algos.py.png,0,0,0.9832073468714952,0.016792653128504753
validation,v5_29_content_fwoodruff_ECDH_TypeConversion.py.png,1,1,0.008158564567565918,0.9918414354324341
validation,v5_44_content_emilgab_bubble-sort_bubble_sort.py.png,1,1,0.04445374011993408,0.9555462598800659
validation,8_content_chiragragarwal_Graphs_And_Networks_PlotGraph.py.png,0,0,0.6303692758083344,0.36963072419166565
validation,4_content_offsecginger_PythonAESObfuscate_python_x86_template.py.png,0,0,0.9907402629032731,0.009259737096726894
validation,68_content_ajitashree_Data_Mining_Algorithms_eclat.py.png,0,0,0.9979933958966285,0.002006604103371501
validation,46_content_skropf_fib-drawer_test-animation.py.png,0,0,0.5047412216663361,0.49525877833366394
validation,1_content_Chunning-Zhou_MILPBasedSearchAlgorithmDiff_main_feistel.py.png,0,0,0.9957212368026376,0.004278763197362423
validation,v5_4_content_vieirinhaabr_balanced_binary_search_tree_tree_tester.py.png,1,1,0.30000364780426025,0.6999963521957397
validation,20_content_IbrahimAyed_Multifractal-analysis-of-natural-images_texture_synthesis.py.png,0,0,0.9997735224460484,0.000226477553951554
validation,5_content_adamweissert_PythonLinearSearch_LinearSearch.py.png,0,0,0.5996750891208649,0.40032491087913513
validation,17_content_kwikadi_BFS-v-DFS_bfs.py.png,0,0,0.9544401168823242,0.04555988311767578
validation,v5_10_content_gitganeshnethi_Market-Basket-Analysis_Online_Retail.py.png,1,1,9.083747863769531e-05,0.9999091625213623
validation,11_content_harshraj11584_Paper-Implementation-Overview-Gradient-Descent-Optimization-Sebastian-Ruder_amsgrad.py.png,0,0,0.9953809711150825,0.004619028884917498
validation,v5_5_content_AdamJacoby_Hopf_Example_DihedralGroup.py.png,1,1,0.0006480813026428223,0.9993519186973572
validation,v5_1_content_sadnessFree_arima-lstm_combine-linear.py.png,1,1,0.0019107460975646973,0.9980892539024353
validation,v5_1_content_shahzad-virani_Distance-vector_DVR.py.png,1,0,0.9780735336244106,0.02192646637558937
validation,v5_96_content_catirado_MachineLearning_kmeans.py.png,1,1,0.11484169960021973,0.8851583003997803
validation,52_content_worldofnick_Wikipedia-Mining_wiki_prepare.py.png,0,0,0.9803006965667009,0.019699303433299065
validation,8_content_uzzielc_Document_Similarity_using_TF-IDF_with_Cosine_Dist_article.py.png,0,0,0.9784070625901222,0.021592937409877777
validation,92_content_FranzScheerer_DES_perihel.py.png,0,0,0.9999999741905885,2.5809411496879875e-08
validation,10_content_nishi1612_Email-Spam-Classification-using-SVM_extracting_unique_words_from_all_emails.py.png,0,0,0.9986720808083192,0.0013279191916808486
validation,v5_6_content_1siddhi7_Floyd-Warshall_fw.py.png,1,1,0.0007065534591674805,0.9992934465408325
validation,48_content_PhilGrogan_fibonacci_fibonacci.py.png,0,0,0.999819194432348,0.00018080556765198708
validation,v5_2_content_kaushiksk_multi-time-interval-apriori_config.py.png,1,1,0.0025252699851989746,0.997474730014801
validation,26_content_Emersonxuelinux_One_Big_Archive_Listing_8-4.py.png,0,0,0.8545953780412674,0.1454046219587326
validation,28_content_yifan0330_stock-trader_stocktrade_final.py.png,0,0,0.9948757458478212,0.005124254152178764
