egitim,dosya,gercek,tahmin,olasilik_Ham,olasilik_V5
test,134_v5_12_content_ianscottknight_Predicting-Myers-Briggs-Type-Indicator-with-Recurrent-Neural-Networks_make_training_set.py_cleaned.png,1,1,0.43198704719543457,0.5680129528045654
test,1560_v5_66_content_aakashrai1_principal-component-analysis-on-iris-dataset_PCA_iris.py_cleaned.png,1,1,0.34228426218032837,0.6577157378196716
test,3270_29_content_fwoodruff_ECDH_TypeConversion.py_cleaned.png,0,1,0.43022096157073975,0.5697790384292603
test,13393_49_content_S-GH_WebtoonReply_Scraping-and-Sentiment_Analysis_2._Preprocess.py_cleaned.png,0,0,0.75449238717556,0.24550761282444
test,12803_48_content_fhadyan_Document-classification-with-TF-IDF_UniqueWord.py_cleaned.png,0,0,0.5709162056446075,0.42908379435539246
test,1682_v5_75_content_maxilevi_airport-system_graph.py_cleaned.png,1,0,0.5808574855327606,0.4191425144672394
test,5629_24_content_lesdev_SortingMethods_radix.py_cleaned.png,0,0,0.6204042732715607,0.37959572672843933
test,4623_61_content_AaronRobson_sequences_decorators.py_cleaned.png,0,0,0.7439554333686829,0.25604456663131714
test,1016_v5_38_content_dareofmeashwani_Pre-Processing-Queue-For-Deep-Learning-Model_DataQueue.py_cleaned.png,1,1,0.3687583804130554,0.6312416195869446
test,9820_13_content_dannbleeker_SearchForPrimeNumbers_timerForIsPrime.py_cleaned.png,0,1,0.4755607843399048,0.5244392156600952
test,2997_33_content_wcpun_DFS_utils.py_cleaned.png,0,0,0.8028726279735565,0.19712737202644348
test,7921_1_content_jim-spyropoulos_Trajectory-Analysis-and-Classification-in-Python-Pandas-and-Scikit-Learn_fast_dtw_neigbors.py_cleaned.png,0,0,0.5160838961601257,0.48391610383987427
test,8287_31_content_dariswan_AudioRetrieval-Classification_ekstraksi.py_cleaned.png,0,1,0.4558491110801697,0.5441508889198303
test,10976_100_content_cem8301_DataCleaningForInformedPurchases_pipelines.py_cleaned.png,0,0,0.6999271214008331,0.30007287859916687
test,10404_1_content_xaneon_Clust_precluster.py_cleaned.png,0,0,0.8390695303678513,0.16093046963214874
test,730_v5_27_content_gcmurillo_sortingAlgorithmsComparation_configuraciones.py_cleaned.png,1,1,0.2887958288192749,0.7112041711807251
test,12720_1_content_DanShai_kernalized-tsne_main.py_cleaned.png,0,1,0.43411827087402344,0.5658817291259766
test,11301_38_content_VakinduPhilliam_Pattern_Matching_Python_Glob_Directory_Paths.py_cleaned.png,0,0,0.9461011365056038,0.05389886349439621
test,4013_10_content_kllinzy_Elliptic-Curve-Cryptography_demo.py_cleaned.png,0,0,0.8642022162675858,0.13579778373241425
test,4639_99_content_MatheusMuriel_ProgramacaoDinamica_Memoria.py_cleaned.png,0,0,0.8117745071649551,0.18822549283504486
test,147_v5_12_content_tristanang_DPifier_y_combinator.py_cleaned.png,1,0,0.5087035894393921,0.4912964105606079
test,10154_7_content_gabriel-arauj_grafos_matriz.py_cleaned.png,0,0,0.6586809456348419,0.3413190543651581
test,7091_79_content_eochandler_ML-Linear-Reg-Bin-Class_generateSyntheticDataForBinaryClassification.py_cleaned.png,0,1,0.47590911388397217,0.5240908861160278
test,2501_15_content_DevMandalia_cosineSimilarity_q5.py_cleaned.png,0,0,0.9078148901462555,0.0921851098537445
test,3802_5_content_AdamJacoby_Hopf_Example_CyclicGroup.py_cleaned.png,0,0,0.7312636077404022,0.2687363922595978
test,3282_3_content_Gunnar-Stunnar_dhecc_test.py_cleaned.png,0,0,0.8944255039095879,0.10557449609041214
test,1789_v5_81_content_kiranathealea_regressionMachineLearning_linearregression_final.py_cleaned.png,1,1,0.29869574308395386,0.7013042569160461
test,25_49_content_michael-ayako_AES-Encryption_util.py_cleaned.png,0,0,0.613897442817688,0.386102557182312
test,3004_52_content_maxmartinezruts_Aircraft-Path-Optimization_tcp.py_cleaned.png,0,0,0.7173346877098083,0.28266531229019165
test,1240_v5_45_content_trsav_linear-regression_LassoRegression.py_cleaned.png,1,1,0.4498748779296875,0.5501251220703125
test,11271_15_content_gregapodobnik_wowza_deleteautorecordings_wowza_deleterecordings.py_cleaned.png,0,0,0.693775862455368,0.30622413754463196
test,5633_26_content_manzala_Analysis-of-Algorithms_merge_sort.py_cleaned.png,0,0,0.7271493375301361,0.2728506624698639
test,2998_39_content_calejc_dfs_client_client.py_cleaned.png,0,0,0.6520885229110718,0.3479114770889282
test,12723_1_content_vuolleko_pyTSNE_data.py_cleaned.png,0,0,0.9560198597609997,0.04398014023900032
test,424_v5_1_content_colettebedoya_primsAndKruskal_DisjointSet.py_cleaned.png,1,0,0.6464211940765381,0.3535788059234619
test,1631_28_content_pranav94_Self-balancing-BST_AVL.py_cleaned.png,0,1,0.28764504194259644,0.7123549580574036
test,3803_5_content_AdamJacoby_Hopf_Example_DihedralGroup.py_cleaned.png,0,0,0.5433405339717865,0.4566594660282135
test,3007_59_content_kessler-frost_sdku-dfs_function.py_cleaned.png,0,0,0.5754665434360504,0.4245334565639496
test,5632_25_content_ryansmick_SortedOrderedDict_PersistentDict.py_cleaned.png,0,0,0.5905962884426117,0.4094037115573883
test,11889_6_content_HananBahy_linkedLlist-and-selection-sort_sort_normal_list__linked_list.py_cleaned.png,0,0,0.9306306838989258,0.06936931610107422
test,1031_v5_39_content_arundhati-b_NaiveBayesClassifier_computation.py_cleaned.png,1,1,0.164789080619812,0.835210919380188
test,155_v5_13_content_avirambh_vcl_pytorch_utils.py_cleaned.png,1,1,0.25268322229385376,0.7473167777061462
test,481_v5_1_content_SamKnightGit_LeagueBot_context.py_cleaned.png,1,1,0.49421775341033936,0.5057822465896606
test,8551_11_content_AlfioEmanueleFresta_practical-one-time-pad-python_exercise1.py_cleaned.png,0,0,0.889034628868103,0.11096537113189697
test,199_v5_14_content_149ps_leetcode-solutions_27_remove_element.py_cleaned.png,1,1,0.4413232207298279,0.5586767792701721
test,100_v5_11_content_sichen-x_search-engine_index_search.py_cleaned.png,1,0,0.703777402639389,0.29622259736061096
test,2528_64_content_gargimaheshwari_Wikiart-similar-art_download.py_cleaned.png,0,1,0.4780961871147156,0.5219038128852844
test,9842_28_content_gizzidan_basic-python-practice_primes.py_cleaned.png,0,0,0.6091017425060272,0.3908982574939728
test,13405_75_content_pikiaboy_Investing.com-Scraper_db_table.py_cleaned.png,0,1,0.44214189052581787,0.5578581094741821
test,110_v5_12_content_AlejandroNavLuna_standard_deviation_of_complex_envelope_in_python_class_test.py_cleaned.png,1,0,0.63609179854393,0.36390820145606995
test,10117_13_content_jhomswk_Minimum_Spanning_Tree_heap.py_cleaned.png,0,0,0.7115828692913055,0.28841713070869446
test,12818_72_content_SreekarJammula_tf-idf-_asst2_part2_1.py_cleaned.png,0,0,0.9576091691851616,0.04239083081483841
test,8559_17_content_henryfox_encryption_rand.py_cleaned.png,0,0,0.9290173873305321,0.07098261266946793
test,10696_10_content_hmjansen_overflow-algorithm_overflow_algorithm.py_cleaned.png,0,0,0.7743661552667618,0.22563384473323822
test,1412_v5_55_content_DistanceJiang_linear_regression_regression_control.py_cleaned.png,1,1,0.36635059118270874,0.6336494088172913
test,267_v5_15_content_tjarriel_CRV-analysis_demo_CRV_slidingwindow.py_cleaned.png,1,1,0.25070953369140625,0.7492904663085938
test,125_v5_12_content_dauut_pca-from-scratch_pca.py_cleaned.png,1,1,0.4066659212112427,0.5933340787887573
test,762_v5_28_content_no-lineal_bias_variance_Bias_variance_fx_b.py_cleaned.png,1,1,0.39429742097854614,0.6057025790214539
test,8970_3_content_iykadev_pyalgo_shortBubbleSort.py_cleaned.png,0,0,0.5313000679016113,0.46869993209838867
test,3818_7_content_jakobpederson_divisible_pair_sums_test_divisible_pair_sums.py_cleaned.png,0,1,0.470140278339386,0.529859721660614
test,12725_1_content_vuolleko_pyTSNE_vptree.py_cleaned.png,0,0,0.6989573836326599,0.3010426163673401
test,12168_4_content_ljm7b2_OBSTstandardDeviation_main_final.py_cleaned.png,0,0,0.6519870162010193,0.3480129837989807
test,21_46_content_korayersin_python-aes_aes_crypto.py_cleaned.png,0,0,0.5444446504116058,0.45555534958839417
test,4043_2_content_johndoe31415_toyecc_dual_ec_drbg.py_cleaned.png,0,0,0.9011073932051659,0.09889260679483414
test,11882_41_content_sarahandert_python-practice--sorting_sample4.py_cleaned.png,0,0,0.9008218199014664,0.09917818009853363
test,2508_21_content_manasbichoo_spellchecker_char.py_cleaned.png,0,0,0.9697315394878387,0.030268460512161255
test,6519_4_content_mincanhe_Network-routing-protocol_kruskal.py_cleaned.png,0,0,0.9319592118263245,0.06804078817367554
test,490_v5_1_content_vuolleko_pyTSNE_bh_tsne.py_cleaned.png,1,1,0.21581798791885376,0.7841820120811462
test,1330_17_content_Selentiym_bigHWonOrderedSets_hw3.py_cleaned.png,0,1,0.48075735569000244,0.5192426443099976
test,607_v5_23_content_StellaLH_pco_darknoise_noise_analysis.py_cleaned.png,1,1,0.3660197854042053,0.6339802145957947
test,1274_v5_48_content_hazalmergen_EstimatingValues_ML_polynomialregression.py_cleaned.png,1,1,0.31775718927383423,0.6822428107261658
test,2981_14_content_149ps_leetcode-solutions_27_remove_element.py_cleaned.png,0,0,0.7232772707939148,0.2767227292060852
test,2006_v5_v5_6_content_mayuri0192_Image-classification_log.py_cleaned.png,1,0,0.5110289752483368,0.4889710247516632
test,13091_28_content_no-lineal_bias_variance_Bias_variance_fx_ax_b.py_cleaned.png,0,1,0.4994252920150757,0.5005747079849243
test,11291_33_content_prabhatpal77_Complete-core-python-_assignmentope.py_cleaned.png,0,0,0.6773999035358429,0.3226000964641571
test,4053_5_content_fernandolobato_ecc_verifiable_threshold_cryptosystem_key_gen.py_cleaned.png,0,0,0.9004750549793243,0.09952494502067566
test,4612_44_content_nathanthomashoang_fibonacci-sequence-recursive_fibonacci_recursive.py_cleaned.png,0,0,0.788832426071167,0.211167573928833
test,11844_13_content_chandimajayawickrama_Simple-Sorting-Algorithms_insertion_sort.py_cleaned.png,0,0,0.9148169830441475,0.08518301695585251
test,10730_53_content_haydentmichael_Assign4_TreeTraversal.py_cleaned.png,0,0,0.8295213282108307,0.1704786717891693
test,5617_1_content_abx67_Algorithms_quicksort.py_cleaned.png,0,0,0.6823581159114838,0.31764188408851624
test,3806_5_content_AdamJacoby_Hopf_Example_Taft.py_cleaned.png,0,0,0.8325032144784927,0.16749678552150726
test,1628_22_content_N8Brooks_lcs_hash_search_parallel_hash_search.py_cleaned.png,0,0,0.9031540378928185,0.09684596210718155
test,1048_v5_39_content_trunc8_cosine-similarity-nlp_cosine_similarity.py_cleaned.png,1,0,0.84515281021595,0.15484718978405
test,889_v5_30_content_zaghlol94_Predict-Salary-depend-on-position_salary-prediction-upon-position.py_cleaned.png,1,1,0.3035120368003845,0.6964879631996155
test,698_v5_26_content_Emersonxuelinux_One_Big_Archive_TempGui.rsrc.py_cleaned.png,1,0,0.5535898804664612,0.4464101195335388
test,4382_97_content_mjurk456_mini-snakes_pseudorandom_sentence_generator.py_cleaned.png,0,0,0.5141144692897797,0.48588553071022034
test,12796_43_content_aabs_edx-ai-week11-project_SentimentPredictor.py_cleaned.png,0,1,0.36024051904678345,0.6397594809532166
test,1496_v5_5_content_Fmccline_Prims-Algorithm_graph_saver.py_cleaned.png,1,1,0.3104974627494812,0.6895025372505188
test,999_v5_36_content_mskroar18_GraphWizard_Prim.py_cleaned.png,1,0,0.8202034384012222,0.17979656159877777
test,8555_14_content_b-hub_cracker_test.py_cleaned.png,0,0,0.7758885025978088,0.22411149740219116
test,884_v5_30_content_thomasjedstrom_Bubble_Sort_Selection_Sort.py_cleaned.png,1,0,0.5818722248077393,0.41812777519226074
test,8281_21_content_pavel-shepelev_NaiveBayes_News_Classifier.py_cleaned.png,0,0,0.7135267555713654,0.28647324442863464
test,10153_7_content_gabriel-arauj_grafos_main.py_cleaned.png,0,0,0.5366820693016052,0.4633179306983948
test,10437_6_content_yilmazalp_bitirme_eigenface.py_cleaned.png,0,0,0.7249075770378113,0.2750924229621887
test,11885_47_content_SimonBFrank_Algorithm_Analysis_Test_File_Creation.py_cleaned.png,0,0,0.9800130445510149,0.0199869554489851
test,2775_81_content_AbanoubGhadban_des-encryption_des.py_cleaned.png,0,0,0.8006386905908585,0.19936130940914154
test,3011_69_content_ghfkddorl_mazerunner_main.py_cleaned.png,0,0,0.5402038097381592,0.4597961902618408
test,246_v5_15_content_DrSara9888_Machaine-Learning-Big-Data_Outliers_IQR.py_cleaned.png,1,1,0.41955554485321045,0.5804444551467896
test,7090_72_content_reshma78611_Simple-Linear-Regression-using-Python_salary_hike.py_cleaned.png,0,0,0.9626586996018887,0.03734130039811134
test,885_v5_30_content_tommasofioravanti_DecisionTreeLearning_Dataset.py_cleaned.png,1,0,0.7048752009868622,0.2951247990131378
test,1746_v5_7_content_MadalinaMircea_GraphAlgorithms_Graph.py_cleaned.png,1,1,0.20652121305465698,0.793478786945343
test,5627_24_content_lesdev_SortingMethods_merge.py_cleaned.png,0,0,0.7045028507709503,0.2954971492290497
test,575_v5_22_content_sanpreet_Text-Similarity-using-cosine-similarity_Text_Similarity.py_cleaned.png,1,0,0.6490445137023926,0.3509554862976074
test,827_2_content_cvwilliams_BellmanFord-Python_server.py_cleaned.png,0,0,0.7688523530960083,0.2311476469039917
test,2242_79_content_lorenzo3117_python-sorting-scripts_sortingScript.py_cleaned.png,0,0,0.5161543488502502,0.48384565114974976
test,2743_16_content_vineetkia_Fundamentals-Of-Cryptography__8_-BlowFish-CBC.py_cleaned.png,0,0,0.9616735614836216,0.0383264385163784
test,1945_v5_9_content_emmanuj_mst-solver_node.py_cleaned.png,1,0,0.8703312426805496,0.12966875731945038
test,109_v5_11_content_Zoe327_Linear-Classification_sklearn_compare.py_cleaned.png,1,0,0.638273298740387,0.36172670125961304
test,150_v5_13_content_Ade-Adeleke_KruskalAlg_Kruskal_Algorithm__1_.py_cleaned.png,1,1,0.4623134732246399,0.5376865267753601
test,6235_7_content_cp2-dc-info-lamp-2018_iris-knn_nao_somos_botanicos.py_cleaned.png,0,0,0.8089129030704498,0.19108709692955017
test,665_v5_25_content_aravindkanna_Implementation-of-Apriori-Algorithm_otherMethods.py_cleaned.png,1,0,0.598903238773346,0.40109676122665405
test,8554_11_content_wwdesmidt_otphelper_otp.py_cleaned.png,0,0,0.6803999245166779,0.31960007548332214
test,4344_1_content_MuricanCoderVersionTwo_Factorial-Calculation_Factorial.py_cleaned.png,0,1,0.3841310143470764,0.6158689856529236
test,12127_10_content_aqchin_abalonestatistics_sample_abalone.py_cleaned.png,0,0,0.7021300196647644,0.2978699803352356
test,834_4_content_Khante_Distance-Vector-Algorithm_link_1.py_cleaned.png,0,1,0.3969928026199341,0.6030071973800659
test,1296_v5_4_content_Askjensen_scikittf-idfNLTK_str_func.py_cleaned.png,1,0,0.7229097187519073,0.27709028124809265
test,2740_16_content_vineetkia_Fundamentals-Of-Cryptography__1_-Caesar.py_cleaned.png,0,0,0.8333654850721359,0.16663451492786407
test,1638_35_content_jfwhite_CourseSelection_interact_with_user.py_cleaned.png,0,0,0.6148600876331329,0.38513991236686707
test,800_12_content_anapandza_ComputerNetworks_Dijkstra.py_cleaned.png,0,0,0.530832827091217,0.46916717290878296
test,4878_8_content_chiragragarwal_Graphs_And_Networks_numpy_help.py_cleaned.png,0,0,0.636889636516571,0.36311036348342896
test,707_v5_26_content_manzala_Analysis-of-Algorithms_merge_sort.py_cleaned.png,1,1,0.30345964431762695,0.696540355682373
test,9233_15_content_craig-clephane_PolynomialRegression_CLE17639952-PolynomialRegression.py_cleaned.png,0,0,0.5129909515380859,0.48700904846191406
test,9287_60_content_Thehunk1206_Polynomial-Regression_demo.py_cleaned.png,0,1,0.48747962713241577,0.5125203728675842
test,1058_v5_3_content_avinashbhat_keyword-extraction-using-tf-idf_main.py_cleaned.png,1,1,0.3486335873603821,0.6513664126396179
test,1569_v5_66_content_Talon-Zhang_Naive-Bayes_reader.py_cleaned.png,1,1,0.49104946851730347,0.5089505314826965
test,5631_24_content_lesdev_SortingMethods_sequential.py_cleaned.png,0,0,0.828986644744873,0.17101335525512695
test,7649_44_content_rjsheth_LinkedList-Problems_Reverse_linked_list.py_cleaned.png,0,0,0.69377201795578,0.30622798204421997
test,11000_27_content_mozarik_quicksortPython_insertionSort.py_cleaned.png,0,0,0.8012138456106186,0.1987861543893814
test,1813_v5_84_content_Leilusen_Logit-model_binary_choice.py_cleaned.png,1,0,0.8046464920043945,0.19535350799560547
test,1596_v5_6_content_chiragragarwal_Graphs_And_Networks_numpy_help.py_cleaned.png,1,1,0.3822900652885437,0.6177099347114563
test,10403_18_content_rdilip_facial-recognition_main.py_cleaned.png,0,0,0.9042628705501556,0.09573712944984436
test,8967_3_content_iykadev_pyalgo_selectionSorting.py_cleaned.png,0,0,0.9106038734316826,0.08939612656831741
test,4028_18_content_FN-HD_Elliptic_Curve_Cryptography_Fp_main.py_cleaned.png,0,0,0.7725186198949814,0.22748138010501862
test,8835_2_content_Liu-WeiYi_Private_Preserving_Outlier_Behavior_Detection_Incremental_Time_analysis.py_cleaned.png,0,0,0.6697606444358826,0.33023935556411743
test,10986_18_content_TorugoH_quickSort_quick.py_cleaned.png,0,0,0.7364053130149841,0.26359468698501587
test,1105_v5_3_content_iykadev_pyalgo_shortBubbleSort.py_cleaned.png,1,0,0.7004480361938477,0.29955196380615234
test,200_v5_14_content_149ps_leetcode-solutions_350._Intersection_of_Two_Arrays_II.py_cleaned.png,1,0,0.8507060259580612,0.14929397404193878
test,571_v5_22_content_N8Brooks_lcs_hash_search_parallel_hash_search.py_cleaned.png,1,0,0.6273481547832489,0.3726518452167511
test,7911_15_content_VakinduPhilliam_Pattern_Matching_Python_Fnmatch_fnmatch.py_cleaned.png,0,0,0.7901272922754288,0.20987270772457123
test,1903_v5_94_content_taksug229_Python-polynomial-regression_Working_Space_for_Polynomial_Regression.py_cleaned.png,1,1,0.2679021954536438,0.7320978045463562
test,11853_17_content_Ryan-Fortner_selection_sort_selection_sort.py_cleaned.png,0,0,0.9063078314065933,0.09369216859340668
test,7642_38_content_valuntiny_leetcode_linked_list_ii_addTwoNumbers_re.py_cleaned.png,0,0,0.794955387711525,0.20504461228847504
test,5628_24_content_lesdev_SortingMethods_quicksort.py_cleaned.png,0,0,0.7190026938915253,0.28099730610847473
test,3026_94_content_hbergun_AI_Pacman_PriorityQueue.py_cleaned.png,0,0,0.9196224063634872,0.08037759363651276
test,10712_35_content_PeterUpfold_simple-temp-queue-pusher_simple-temp-queue-pusher.py_cleaned.png,0,1,0.3693927526473999,0.6306072473526001
test,9298_73_content_MachineLearning-Nerd_Multiple-Polynomial-Regression_experiment.py_cleaned.png,0,0,0.8743023872375488,0.12569761276245117
test,979_v5_35_content_facundoq_rotational_variance_experiment_runner.py_cleaned.png,1,1,0.3384517431259155,0.6615482568740845
test,1230_v5_44_content_volyomaS_Phys_Lab_Calculator_phys_lab_calc.py_cleaned.png,1,1,0.4930962920188904,0.5069037079811096
test,1331_v5_4_content_moduloone_QualtricsFactorialVignettes_questiongen.py_cleaned.png,1,1,0.3349529504776001,0.6650470495223999
test,11874_33_content_ilkayDevran_Analysis_of_Sorting_Algorithms_selection_sort.py_cleaned.png,0,0,0.9238529652357101,0.07614703476428986
test,12820_7_content_DeFacto_DeFactoNLP_sentence_retrieval.py_cleaned.png,0,1,0.49643391370773315,0.5035660862922668
test,1659_7_content_j2kun_binary-search-graphs_dijkstra.py_cleaned.png,0,0,0.5429771840572357,0.4570228159427643
test,2214_31_content_atorulia_Some-kind-of-sort-algorithm_InsertionSort.py_cleaned.png,0,0,0.8598168790340424,0.14018312096595764
test,4362_51_content_adityapatelgithub_Expressions-and-Functions_evaluate.py_cleaned.png,0,0,0.9249771311879158,0.0750228688120842
test,10428_66_content_aakashrai1_principal-component-analysis-on-iris-dataset_PCA_iris.py_cleaned.png,0,0,0.6261070370674133,0.37389296293258667
test,1225_v5_44_content_rajitbanerjee_amazon-price-tracker_tracker.py_cleaned.png,1,1,0.30177849531173706,0.6982215046882629
test,1000_v5_36_content_NabinAdhikari674_Study-on-Different-ML-Models-on-Housing-Dataset_main.py_cleaned.png,1,0,0.5949490666389465,0.40505093336105347
test,4054_6_content_gionanide_Cryptography_Crack_zip_files.py_cleaned.png,0,1,0.4976850748062134,0.5023149251937866
test,12793_3_content_avinashbhat_keyword-extraction-using-tf-idf_main.py_cleaned.png,0,0,0.8682296574115753,0.13177034258842468
test,10431_6_content_cliptic_nlp_LatentSemanticAnalysis.py_cleaned.png,0,0,0.7099782824516296,0.29002171754837036
test,336_v5_17_content_qwarlock_python-bubble-sort_bubble_sort.py_cleaned.png,1,1,0.23984777927398682,0.7601522207260132
test,12176_9_content_jkAtGitHub_Standard-Deviational-Ellipse_geomutils.py_cleaned.png,0,0,0.5197449028491974,0.4802550971508026
test,13122_85_content_CodeRika_TweetsSentimentAnalyzer_geoLocation.py_cleaned.png,0,0,0.6861075460910797,0.3138924539089203
test,11852_16_content_johnllanos_selection_sort.py_selection_sort.py_cleaned.png,0,0,0.8223314732313156,0.1776685267686844
test,4356_4_content_hyper750_factorialhr_constants.py_cleaned.png,0,0,0.7489752471446991,0.2510247528553009
test,284_v5_16_content_knair97_Sentiment-Analysis-of-Amazon-Reviews_neural_net.py_cleaned.png,1,1,0.4436681866645813,0.5563318133354187
test,1937_v5_9_content_ahmetfbayrak12_Python-Recursive-Functions-and-Dynamic-Programming_hw5-plot.py_cleaned.png,1,1,0.3357948660850525,0.6642051339149475
test,4364_51_content_adityapatelgithub_Expressions-and-Functions_newsplit.py_cleaned.png,0,0,0.6260925531387329,0.3739074468612671
test,10421_51_content_Hossam86_PCA_pca.py_cleaned.png,0,0,0.8333632349967957,0.16663676500320435
test,1030_v5_39_content_alejandrakudo_BinarySearch-Sorting_CISC121_Assignment_3_exampleSolution.py_cleaned.png,1,1,0.32572221755981445,0.6742777824401855
test,3517_12_content_NWuensche_DijkstraInPython_calculate_shortest_way.py_cleaned.png,0,1,0.33936750888824463,0.6606324911117554
test,4266_2_content_kristpapadopoulos_keras-exponential-smoothing_ses.py_cleaned.png,0,1,0.47904515266418457,0.5209548473358154
test,3013_78_content_ashish0707_basic_webcrawler_bfs.py_cleaned.png,0,0,0.6855505704879761,0.3144494295120239
test,1159_v5_40_content_Grijesh-Chauhan_aadhaar_utils.py_cleaned.png,1,0,0.6283112466335297,0.37168875336647034
test,6498_1_content_colettebedoya_primsAndKruskal_DisjointSet.py_cleaned.png,0,1,0.35300981998443604,0.646990180015564
test,3539_27_content_gregoribarros_dijkstra_caminho_minimo.py_cleaned.png,0,1,0.43031275272369385,0.5696872472763062
test,346_v5_18_content_10elements_BinaryTree_binaryTree.py_cleaned.png,1,1,0.2716578245162964,0.7283421754837036
test,930_v5_32_content_prakashsellathurai_OPTICAL_CHARACTER_RECOGNITION_PossibleChar.py_cleaned.png,1,1,0.34953075647354126,0.6504692435264587
test,12433_16_content_knair97_Sentiment-Analysis-of-Amazon-Reviews_random_forest.py_cleaned.png,0,0,0.6761830151081085,0.3238169848918915
test,531_v5_21_content_detsikas_PCA_pca_example.py_cleaned.png,1,1,0.2937806248664856,0.7062193751335144
test,363_v5_18_content_rdilip_facial-recognition_main.py_cleaned.png,1,1,0.30853188037872314,0.6914681196212769
test,12175_7_content_havatv_qgisstandarddeviationalellipseplugin___init__.py_cleaned.png,0,0,0.6212756931781769,0.3787243068218231
test,8283_29_content_barshaison_Naive_Bayes_Classifier_PreProcessing.py_cleaned.png,0,0,0.5029602348804474,0.4970397651195526
test,11592_97_content_alkaaithal_rsa-task_MongoInsert.py_cleaned.png,0,0,0.7019080817699432,0.29809191823005676
test,194_v5_13_content_zandermoss_bessel_recursion_testi.py_cleaned.png,1,0,0.8136385232210159,0.18636147677898407
test,2540_85_content_xzha0006_LibrarySearchingEngine_spell.py_cleaned.png,0,0,0.8298710137605667,0.1701289862394333
dogrulama,8596_9_content_RooiAap_One-Time-Pad_encrypt.py_cleaned.png,0,0,0.765310749411583,0.23468925058841705
dogrulama,603_v5_23_content_jsierp_apriori_apriori.py_cleaned.png,1,1,0.23741412162780762,0.7625858783721924
dogrulama,11303_3_content_deniselucey_Python_Recursive_Definitions_factorial.py_cleaned.png,0,0,0.9557899199426174,0.044210080057382584
dogrulama,8294_48_content_asaadam_TextMining_Preprocessing.py_cleaned.png,0,0,0.6023204028606415,0.3976795971393585
dogrulama,1102_v5_3_content_iykadev_pyalgo_selectionSorting.py_cleaned.png,1,0,0.5672912895679474,0.4327087104320526
dogrulama,10994_23_content_ajh1143_ClassicQuickSort_QuickSorter.py_cleaned.png,0,0,0.8205281049013138,0.17947189509868622
dogrulama,176_v5_13_content_jhomswk_Minimum_Spanning_Tree_heap.py_cleaned.png,1,1,0.25407058000564575,0.7459294199943542
dogrulama,10429_69_content_IceyW_PCA_pca.py_cleaned.png,0,1,0.21077781915664673,0.7892221808433533
dogrulama,2980_14_content_149ps_leetcode-solutions_268_missing_number.py_cleaned.png,0,0,0.7452870905399323,0.25471290946006775
dogrulama,9271_43_content_pkonowrocki_Neural-network_csvReader.py_cleaned.png,0,1,0.44997280836105347,0.5500271916389465
dogrulama,10434_6_content_cliptic_nlp_spinner02.py_cleaned.png,0,0,0.6214772462844849,0.37852275371551514
dogrulama,9304_81_content_kiranathealea_regressionMachineLearning_linearregression_final.py_cleaned.png,0,0,0.5338398516178131,0.4661601483821869
dogrulama,12797_43_content_aabs_edx-ai-week11-project_Tests.py_cleaned.png,0,0,0.7164302170276642,0.2835697829723358
dogrulama,10424_59_content_SMByC_PCA4CD___init__.py_cleaned.png,0,0,0.9359357133507729,0.06406428664922714
dogrulama,1589_v5_69_content_IhorVodko_NYCDSA_WebScraping_project_Data_transfrmtion.py_cleaned.png,1,0,0.5379056334495544,0.46209436655044556
dogrulama,1909_v5_94_content_ytnguyenedalgo_scrape_retail_site_useragentls.py_cleaned.png,1,0,0.5383442044258118,0.46165579557418823
dogrulama,3290_5_content_crazamahdi_DIFFIE-HELLMAN-KEY-EXCHANGE-ALGORITHM_dhclient.py_cleaned.png,0,0,0.611051619052887,0.38894838094711304
dogrulama,748_v5_28_content_alexanderogle_Enigma_Machine_em_functions.py_cleaned.png,1,0,0.7280393838882446,0.27196061611175537
dogrulama,2757_34_content_iamhimanshu0_Ml_Linear_Regression_Gradient_Descent_Linear_Regression_using_Gradient_Descent_HIMANSHU.py_cleaned.png,0,0,0.7901079058647156,0.20989209413528442
dogrulama,2236_68_content_pierobeat_Beginner-bubble-sort-py_bubble_sort.py_cleaned.png,0,0,0.7939851135015488,0.20601488649845123
dogrulama,2983_14_content_149ps_leetcode-solutions_66_plus_one.py_cleaned.png,0,0,0.8400889784097672,0.15991102159023285
dogrulama,372_v5_18_content_sudhanshugupta09_MS-Apriori_Algorithm_candidateGen.py_cleaned.png,1,0,0.5346475541591644,0.46535244584083557
dogrulama,8954_3_content_iykadev_pyalgo_insertionSort.py_cleaned.png,0,0,0.9256386160850525,0.07436138391494751
dogrulama,215_v5_14_content_codearemo_selction-sort_selection_sort.py_cleaned.png,1,0,0.6997047662734985,0.30029523372650146
dogrulama,6532_8_content_fepz_AyCC_disjoint_set.py_cleaned.png,0,0,0.9466977268457413,0.05330227315425873
dogrulama,4353_3_content_Misael89_Programacion-Ejercicios_Promedio.py_cleaned.png,0,0,0.8821719065308571,0.11782809346914291
dogrulama,12810_59_content_itmap_data_analysis_text_rank.py_cleaned.png,0,0,0.59132319688797,0.40867680311203003
dogrulama,8938_3_content_iykadev_pyalgo_3plus1.py_cleaned.png,0,0,0.7307481169700623,0.26925188302993774
dogrulama,2513_3_content_dlohith_text-similarity_run.py_cleaned.png,0,0,0.5910564661026001,0.4089435338973999
dogrulama,2233_5_content_kheguy_bubbleSort_bubbleSort.py_cleaned.png,0,1,0.4965275526046753,0.5034724473953247
dogrulama,1793_v5_81_content_kiranathealea_regressionMachineLearning_polynomialregression_degree3_final.py_cleaned.png,1,1,0.496429443359375,0.503570556640625
dogrulama,683_v5_25_content_ryansmick_SortedOrderedDict_PersistentDict.py_cleaned.png,1,0,0.6673803329467773,0.33261966705322266
dogrulama,111_v5_12_content_AlejandroNavLuna_standard_deviation_of_complex_envelope_in_python_project_test.py_cleaned.png,1,1,0.409271776676178,0.590728223323822
dogrulama,1770_v5_7_content_TongTongX_HuffmanCompressor_huffman.py_cleaned.png,1,0,0.6952188611030579,0.30478113889694214
dogrulama,9227_13_content_amitgaikwad1730_Polynomial-Regression_polynomial_regression.py_cleaned.png,0,0,0.7803410142660141,0.2196589857339859
dogrulama,11845_13_content_chandimajayawickrama_Simple-Sorting-Algorithms_selection_sort.py_cleaned.png,0,0,0.8912729024887085,0.1087270975112915
dogrulama,373_v5_18_content_sudhanshugupta09_MS-Apriori_Algorithm_functions.py_cleaned.png,1,0,0.5149166285991669,0.48508337140083313
dogrulama,7056_11_content_Zoe327_Linear-Classification_project1_utilities.py_cleaned.png,0,0,0.8485878705978394,0.15141212940216064
dogrulama,1454_v5_59_content_rakesh-1601_Stock_prediction_predicting_google_stocks.py_cleaned.png,1,0,0.8305622637271881,0.1694377362728119
dogrulama,5312_10_content_iJohnMaged_Huffman-Coding_fileIO.py_cleaned.png,0,1,0.3599199056625366,0.6400800943374634
dogrulama,6500_20_content_kavyasree-bvs_Network-Optimization_vertex.py_cleaned.png,0,0,0.8672302812337875,0.13276971876621246
dogrulama,5353_47_content_saladcat_Huffman_Form1.py_cleaned.png,0,1,0.45996588468551636,0.5400341153144836
dogrulama,485_v5_1_content_SiccoVerwer_binoct_regtrees.py_cleaned.png,1,1,0.3336613178253174,0.6663386821746826
dogrulama,13_30_content_KOUGD7_Implementation-of-Cryptographic_simplified_AES.py_cleaned.png,0,0,0.7461738884449005,0.2538261115550995
dogrulama,27_50_content_bharavi15_FileEncrypter_FileEncrypter.py_cleaned.png,0,0,0.7938433140516281,0.2061566859483719
dogrulama,3544_3_content_abantikabasak_ImprovisedDijkstraFlood_GraphInput.py_cleaned.png,0,0,0.822068989276886,0.177931010723114
dogrulama,7095_83_content_reshma78611_Multi-Linear-Regression-using-python_toyota.py_cleaned.png,0,0,0.6798110008239746,0.3201889991760254
dogrulama,3019_83_content_Kal9iL_mini-dfs_globalvar.py_cleaned.png,0,0,0.9642239883542061,0.035776011645793915
dogrulama,480_v5_1_content_sadnessFree_arima-lstm_svr.py_cleaned.png,1,1,0.4825049042701721,0.5174950957298279
dogrulama,1626_v5_6_content_petronius_minotaur_dimensions.py_cleaned.png,1,1,0.36412811279296875,0.6358718872070312
dogrulama,1101_v5_3_content_iykadev_pyalgo_recursiveBinarySearch.py_cleaned.png,1,1,0.46162599325180054,0.5383740067481995
dogrulama,6220_30_content_Aishwarya1401_Diabetic-Retinopathy-Project-Deep-Learning-_KNN_RawImage.py_cleaned.png,0,1,0.22587639093399048,0.7741236090660095
dogrulama,14_33_content_IMIO_extraschool_extraschool_qrcodes_wizard.py_cleaned.png,0,0,0.6034843623638153,0.3965156376361847
dogrulama,1384_v5_52_content_seanluo1_Arm-Link-AI_const.py_cleaned.png,1,1,0.2537476420402527,0.7462523579597473
dogrulama,410_v5_1_content_abx67_Algorithms_mergesort.py_cleaned.png,1,0,0.6381834745407104,0.36181652545928955
dogrulama,12789_23_content_calmlyarun_PythonAssignment_read_documents.py_cleaned.png,0,0,0.5525160133838654,0.44748398661613464
dogrulama,26_v5_10_content_hmjansen_overflow-algorithm_overflow_algorithm.py_cleaned.png,1,0,0.7004798054695129,0.29952019453048706
dogrulama,3800_5_content_AdamJacoby_Hopf_ExampleGroup_Functions.py_cleaned.png,0,0,0.7475835084915161,0.2524164915084839
dogrulama,9251_29_content_mashfiq10_Linear-and-logistic-regression_prob1.py_cleaned.png,0,1,0.3446427583694458,0.6553572416305542
dogrulama,11886_5_content_Algomaster0628_SelectionSortAlgorithm_selection_sort.py_cleaned.png,0,0,0.8217591941356659,0.1782408058643341
dogrulama,11307_4_content_gracerichardson0_Recursive-Functions_max.py_cleaned.png,0,0,0.9397142976522446,0.06028570234775543
dogrulama,8944_3_content_iykadev_pyalgo_binarySearch.py_cleaned.png,0,0,0.7806826531887054,0.21931734681129456
dogrulama,1894_v5_92_content_meltonjoseph_CorpusReader_CreateTFIDF_driver.py_cleaned.png,1,1,0.26827186346054077,0.7317281365394592
dogrulama,13117_74_content_Pratik08_prox-svrg_stats.py_cleaned.png,0,1,0.40704160928726196,0.592958390712738
dogrulama,7913_15_content_VakinduPhilliam_Pattern_Matching_Python_Glob_Directory_Matching.py_cleaned.png,0,0,0.853654533624649,0.14634546637535095
dogrulama,2738_13_content_FlorentF9_DESOM_sharpness.py_cleaned.png,0,1,0.36899805068969727,0.6310019493103027
dogrulama,6210_23_content_changchanglccc_kNN_test.py_cleaned.png,0,1,0.28387778997421265,0.7161222100257874
dogrulama,8577_31_content_tobymyers_codingthematrix_gaussian_examples.py_cleaned.png,0,1,0.45513856410980225,0.5448614358901978
dogrulama,8552_11_content_AlfioEmanueleFresta_practical-one-time-pad-python_exercise2.py_cleaned.png,0,0,0.786730483174324,0.21326951682567596
dogrulama,8268_10_content_SamAllegretto_NaiveBayes_bayes__3_.py_cleaned.png,0,0,0.627740204334259,0.37225979566574097
dogrulama,4031_1_content_randombit_pairings.py_tripartite.py_cleaned.png,0,0,0.942201130092144,0.05779886990785599
dogrulama,1366_v5_51_content_ShrutheeshIR_Principal-Component-Analysis-on-Images_Pcaimages.py_cleaned.png,1,1,0.34284698963165283,0.6571530103683472
dogrulama,350_v5_18_content_Areege_BFS-and-Prim_SourceCode.py_cleaned.png,1,0,0.7210341095924377,0.27896589040756226
dogrulama,2526_58_content_davidawad_TISLA_FAQ_tests.py_cleaned.png,0,1,0.44902801513671875,0.5509719848632812
dogrulama,4273_9_content_Soumyabrata_predicting-pwv_benchmarking.py_cleaned.png,0,0,0.6018453240394592,0.39815467596054077
dogrulama,13406_76_content_sangeeta97_web-scraping_ctri_cleaning.py_cleaned.png,0,0,0.5149645805358887,0.48503541946411133
dogrulama,8590_7_content_oscarokker_OneTimePad_encrypt.py_cleaned.png,0,0,0.682458758354187,0.317541241645813
dogrulama,1264_v5_47_content_saladcat_Huffman_Form1.py_cleaned.png,1,1,0.209320068359375,0.790679931640625
dogrulama,2212_2_content_evinw_bubble_sort_bub.py_cleaned.png,0,0,0.9505811408162117,0.0494188591837883
dogrulama,10427_65_content_pjwastaken_Principal_Component_Analysis_for_Reduce_Images_Dimension_dataset.py_cleaned.png,0,0,0.8445709496736526,0.15542905032634735
dogrulama,9276_49_content_pranurs_regression-model_performance_analysis.py_cleaned.png,0,0,0.7350877821445465,0.2649122178554535
dogrulama,141_v5_12_content_prachij94_Unique-stopwords-for-a-subcategory_subcatwiseStopwords700.py_cleaned.png,1,0,0.6594544649124146,0.34054553508758545
dogrulama,3281_3_content_Dextro1597_Diffie-Hellman_diffie2.py_cleaned.png,0,0,0.7029001712799072,0.2970998287200928
dogrulama,5037_2_content_zalayo_Hierarchical-Linkage-Regression_HLRlinkages.py_cleaned.png,0,0,0.7005298435688019,0.2994701564311981
dogrulama,1429_v5_57_content_mercury0100_pynb_pynb.py_cleaned.png,1,1,0.3863806128501892,0.6136193871498108
dogrulama,5653_53_content_faisalkhan91_Sort-Comparison_Sort_Comparison.py_cleaned.png,0,1,0.4703671336174011,0.5296328663825989
dogrulama,4864_3_content_harisrkhan7_FloydWarshallAlgorithmParallelisation_goodgraph.py_cleaned.png,0,0,0.8374858349561691,0.16251416504383087
dogrulama,1706_v5_79_content_eochandler_ML-Linear-Reg-Bin-Class_KaggeFraudAttempt.py_cleaned.png,1,1,0.41795653104782104,0.582043468952179
dogrulama,1158_v5_40_content_Fremont28_tv_networks_fox_cnn.py_cleaned.png,1,0,0.794695645570755,0.205304354429245
dogrulama,294_v5_16_content_NB-prog_INTERN-2019_Model.py_cleaned.png,1,0,0.6575001776218414,0.34249982237815857
dogrulama,2_15_content_Dhruv-Panchal_AES_socket_GUI_decryptor.py_cleaned.png,0,1,0.3974650502204895,0.6025349497795105
dogrulama,1428_v5_57_content_Mahesh-gowda_polynomial-regression_polynomial_regression.py_cleaned.png,1,1,0.26618027687072754,0.7338197231292725
dogrulama,11869_29_content_cmccoypdx_PythonSortCompare_Timer.py_cleaned.png,0,0,0.7315142452716827,0.26848575472831726
dogrulama,12434_16_content_knair97_Sentiment-Analysis-of-Amazon-Reviews_svm.py_cleaned.png,0,0,0.7092468440532684,0.29075315594673157
dogrulama,2771_58_content_aarav-tech_design-patterns-python_singleton_4.py_cleaned.png,0,0,0.8687859922647476,0.13121400773525238
dogrulama,10143_4_content_JosephFWright_Prims_Algorithm_Weighted_Graph.py_cleaned.png,0,0,0.8252803087234497,0.1747196912765503
dogrulama,10715_37_content_TolgaGolet_CPU-Scheduling-Algorithms-Simulation_OperatingSystems_CPUSchedulingReverse.py_cleaned.png,0,1,0.38586336374282837,0.6141366362571716
dogrulama,2527_58_content_loulai_InformationRetrieval_information_retrieval.py_cleaned.png,0,1,0.3859454393386841,0.6140545606613159
dogrulama,642_v5_24_content_lesdev_SortingMethods_selection.py_cleaned.png,1,0,0.7463404536247253,0.25365954637527466
dogrulama,3541_30_content_williamsdsantos_dijkstras_algorithm_Topology.py_cleaned.png,0,0,0.8242333233356476,0.17576667666435242
dogrulama,247_v5_15_content_DrSara9888_Machaine-Learning-Big-Data_outliers_Zscore.py_cleaned.png,1,0,0.5193398296833038,0.48066017031669617
dogrulama,1779_v5_80_content_Ayushhiman_LR_LRP.py(1)_cleaned.png,1,0,0.5984606742858887,0.40153932571411133
dogrulama,7088_71_content_Santosh-Sah_Simple_Linear_Regression_SimpleLinearRegressionUtils.py_cleaned.png,0,0,0.5115394294261932,0.48846057057380676
dogrulama,12435_16_content_NB-prog_INTERN-2019_config.py_cleaned.png,0,0,0.8786299005150795,0.1213700994849205
dogrulama,4021_13_content_FN-HD_Elliptic_Curve_Cryptography_Main.py_cleaned.png,0,0,0.6143081784248352,0.3856918215751648
dogrulama,8973_3_content_iykadev_pyalgo_sift3.py_cleaned.png,0,0,0.8468431532382965,0.1531568467617035
dogrulama,702_v5_26_content_hemidactylus_skanfixer_SelRectangle.py_cleaned.png,1,1,0.16624629497528076,0.8337537050247192
dogrulama,7078_65_content_disha2sinha_Employee-Salary-Prediction_predictSalary.py_cleaned.png,0,0,0.5247613787651062,0.4752386212348938
dogrulama,1370_6_content_gauravpatle_Data-Analysis-of-IMDB-Users_DataPreprocessing.py_cleaned.png,0,0,0.6621720790863037,0.3378279209136963
dogrulama,9314_90_content_kubrailkul_Linear-Polynomial-Regression-model_polynomial_regression.py_cleaned.png,0,0,0.7290926873683929,0.27090731263160706
dogrulama,6510_32_content_arian100y_Travelling-Salesman-Problem_graph2.py_cleaned.png,0,0,0.9524040669202805,0.04759593307971954
dogrulama,1100_v5_3_content_iykadev_pyalgo_quickSort.py_cleaned.png,1,0,0.6257967352867126,0.37420326471328735
dogrulama,8591_7_content_oscarokker_OneTimePad_readImgBytes.py_cleaned.png,0,0,0.8724279850721359,0.12757201492786407
dogrulama,1287_v5_49_content_pranurs_regression-model_performance_analysis.py_cleaned.png,1,1,0.2963486313819885,0.7036513686180115
dogrulama,11002_29_content_flintlouis_Sorting_algo_mergesort.py_cleaned.png,0,0,0.8520707488059998,0.14792925119400024
dogrulama,3293_70_content_crackcomm_mofn-encryption_util.py_cleaned.png,0,0,0.8945789486169815,0.1054210513830185
dogrulama,6493_15_content_ben-mackenzie_mst-kruskal_kruskal.py_cleaned.png,0,0,0.7994208782911301,0.20057912170886993
dogrulama,761_v5_28_content_no-lineal_bias_variance_Bias_variance_fx_ax_b.py_cleaned.png,1,1,0.30044883489608765,0.6995511651039124
dogrulama,658_v5_24_content_scraos_Prim-s-Algorithm_WGraphClass.py_cleaned.png,1,1,0.3405606150627136,0.6594393849372864
dogrulama,1717_v5_7_content_Aly-Tomato_Prims-and-Kruskals_kruskals.py_cleaned.png,1,1,0.48962539434432983,0.5103746056556702
dogrulama,684_v5_25_content_SaadatRizvi_Movie-Recommendation-System_collaborative-filtering.py_cleaned.png,1,0,0.5984845459461212,0.4015154540538788
dogrulama,5344_32_content_rihartma_huffmanCoding_files.py_cleaned.png,0,0,0.5903379917144775,0.40966200828552246
dogrulama,972_v5_34_content_vizzerdrix55_web-scraping-vBulletin-forum_2_transform_html_to_xml.py_cleaned.png,1,1,0.4365246891975403,0.5634753108024597
dogrulama,1568_v5_66_content_skallaje_Ranked-Information-Retrieval_test.py_cleaned.png,1,1,0.32752466201782227,0.6724753379821777
dogrulama,420_v5_1_content_bhrigu123_huffman-coding_huffman.py_cleaned.png,1,0,0.5579433441162109,0.44205665588378906
dogrulama,12787_1_content_nikitaa30_Content-based-Recommender-System_recommender_system.py_cleaned.png,0,0,0.8697950094938278,0.13020499050617218
dogrulama,2767_48_content_nabima_nabi_distribution_module_odoo.py_cleaned.png,0,0,0.7856236100196838,0.21437638998031616
dogrulama,1887_v5_91_content_mahsarazavi_Text-Classification_MLP_Model.py_cleaned.png,1,0,0.7021556794643402,0.2978443205356598
dogrulama,1525_v5_60_content_winnie9197_The-Coding-School-projects_polynomial_regression.py_cleaned.png,1,0,0.5252803266048431,0.47471967339515686
dogrulama,7628_24_content_lavi09_Linked-Lists_findingnnodelinkedlist.py_cleaned.png,0,0,0.6669998466968536,0.33300015330314636
dogrulama,2754_28_content_tomsiwek_gprMax-Designer_materials.py_cleaned.png,0,0,0.7935700118541718,0.20642998814582825
dogrulama,1607_v5_6_content_gauravpatle_Data-Analysis-of-IMDB-Users_DataPreprocessing.py_cleaned.png,1,0,0.6516081094741821,0.34839189052581787
dogrulama,1602_v5_6_content_cliptic_nlp_Spinner03.py_cleaned.png,1,1,0.4401528239250183,0.5598471760749817
dogrulama,2764_46_content_hackabit19__destroyingRecursively__StickerTester.py_cleaned.png,0,0,0.8085348010063171,0.19146519899368286
dogrulama,3017_81_content_fwang084_DFS_Optimizer_Initialize.py_cleaned.png,0,0,0.5682161748409271,0.4317838251590729
dogrulama,6231_48_content_prateek22sri_Image-orientation-detector_AdaBoost.py_cleaned.png,0,0,0.5259128510951996,0.4740871489048004
dogrulama,803_v5_29_content_zxenonx_diffie-hellman-raw_dh1.py_cleaned.png,1,1,0.4215383529663086,0.5784616470336914
dogrulama,3561_9_content_diegooliveira95_PrimAndDijkstra_dijkstra.py_cleaned.png,0,0,0.9577407836914062,0.04225921630859375
dogrulama,273_v5_16_content_Deus1223_Pac-Man_ghostAgents.py_cleaned.png,1,1,0.29982370138168335,0.7001762986183167
dogrulama,7641_37_content_AAdewunmi_Following-Links-in-HTML-Using-BeautifulSoup_assign_12.6.py_cleaned.png,0,0,0.8450097292661667,0.1549902707338333
dogrulama,22_v5_10_content_divyanshgupt_one-time-pad_takeinput.py_cleaned.png,1,1,0.4377160668373108,0.5622839331626892
dogrulama,3545_3_content_root676_QNEAT3___init__.py_cleaned.png,0,0,0.6213827133178711,0.3786172866821289
dogrulama,2203_22_content_cneally_BubbleSortingAlgorithm_bubble_sort.py_cleaned.png,0,0,0.698883593082428,0.301116406917572
dogrulama,1961_99_content_erastus-murungi_binary_search_trees_splaytree.py_cleaned.png,0,0,0.7439686059951782,0.2560313940048218
dogrulama,6494_16_content_sharatchandraj_MaxBandwidthPath_DijkstrasNoHeap.py_cleaned.png,0,0,0.6113055348396301,0.3886944651603699
dogrulama,2216_33_content_Ryan-Fortner_bubble_sort_bubble_sort.py_cleaned.png,0,0,0.5102396309375763,0.4897603690624237
dogrulama,1183_v5_42_content_adityaiiitv_Polynomial-Regression_multiple_linear_regression.py_cleaned.png,1,0,0.8096518814563751,0.19034811854362488
dogrulama,7079_66_content_naveen-770_Linear-regression-From-Scratch_my_linear_regression_housing_data.py_cleaned.png,0,0,0.6703479886054993,0.32965201139450073
dogrulama,8945_3_content_iykadev_pyalgo_binaryTree.py_cleaned.png,0,0,0.5042138695716858,0.4957861304283142
dogrulama,1647_v5_70_content_Arcnor_binja_search___init__.py_cleaned.png,1,1,0.2619794011116028,0.7380205988883972
dogrulama,3519_13_content_isabellavieira57_dijkstra-fractionalKnapsack-polynomialMultiplication_question3b.py_cleaned.png,0,1,0.41355425119400024,0.5864457488059998
dogrulama,491_v5_1_content_vuolleko_pyTSNE_data.py_cleaned.png,1,1,0.23344367742538452,0.7665563225746155
dogrulama,9226_12_content_MarynaTatsevich_Machine-Learning-Regression-Techniques_Polynomial_Regression.py_cleaned.png,0,0,0.801724448800087,0.19827555119991302
dogrulama,5615_18_content_o-az_Insertion-vs-Merge_MergeSort.py_cleaned.png,0,0,0.7106898128986359,0.28931018710136414
dogrulama,931_v5_32_content_rihartma_huffmanCoding_files.py_cleaned.png,1,0,0.5130827724933624,0.4869172275066376
dogrulama,9284_59_content_danish45007_polynomial-regression_polynomial_regression.py_cleaned.png,0,0,0.8771804869174957,0.12281951308250427
dogrulama,591_v5_23_content_changchanglccc_kNN_test.py_cleaned.png,1,1,0.4398772716522217,0.5601227283477783
dogrulama,3542_33_content_arbitraryrw_dijkstras_algorithm_main.py_cleaned.png,0,0,0.5430900156497955,0.45690998435020447
dogrulama,863_v5_2_content_siddhi47_median_calculator_median_calculator.py_cleaned.png,1,1,0.16859334707260132,0.8314066529273987
dogrulama,6491_13_content_Ade-Adeleke_KruskalAlg_Kruskal_Algorithm__1_.py_cleaned.png,0,0,0.7956036180257797,0.20439638197422028
dogrulama,5049_4_content_wazzaarvind_Clustering-Algorithms_reducer.py_cleaned.png,0,0,0.9664207249879837,0.033579275012016296
dogrulama,2785_92_content_aakorolyova_DeSpin___main__.py_cleaned.png,0,0,0.89691611379385,0.10308388620615005
dogrulama,8562_17_content_jb0xx_decrypt-onetimepad_texthelper.py_cleaned.png,0,0,0.8424625992774963,0.15753740072250366
dogrulama,4637_8_content_rianlian7_FibonacciSequence-Python-Tk_Fibonacci_Sequence.py_cleaned.png,0,0,0.7866850048303604,0.2133149951696396
dogrulama,10433_6_content_cliptic_nlp_Spam_2.py_cleaned.png,0,1,0.41736656427383423,0.5826334357261658
dogrulama,9266_39_content_engmubarak48_polynomial-regression_Polynomial_Regression__2_.py_cleaned.png,0,0,0.692234069108963,0.307765930891037
dogrulama,959_v5_33_content_wpaturaj_FuzzyKNN_Sample_read.py_cleaned.png,1,1,0.3833657503128052,0.6166342496871948
dogrulama,6508_32_content_arian100y_Travelling-Salesman-Problem_createCaminos.py_cleaned.png,0,0,0.8260651677846909,0.17393483221530914
dogrulama,11883_44_content_arun-p12_sort-algorithms_common.py_cleaned.png,0,0,0.7934575825929642,0.20654241740703583
dogrulama,1253_v5_46_content_mamtajakter_word2vec-cosine-similarity_hw1part3c.py_cleaned.png,1,0,0.5306545197963715,0.46934548020362854
dogrulama,10443_86_content_YouGotJaked_Face-Recognition_model.py_cleaned.png,0,0,0.5794740319252014,0.4205259680747986
dogrulama,3258_23_content_harshaldhone_Diffie-Hellman_server.py_cleaned.png,0,0,0.5353797674179077,0.4646202325820923
dogrulama,1108_v5_3_content_iykadev_pyalgo_sift3.py_cleaned.png,1,0,0.7275963723659515,0.27240362763404846
dogrulama,10144_5_content_Fmccline_Prims-Algorithm_graph_saver.py_cleaned.png,0,1,0.4858902096748352,0.5141097903251648
dogrulama,8595_9_content_RooiAap_One-Time-Pad_decrypt.py_cleaned.png,0,0,0.8980362117290497,0.10196378827095032
dogrulama,536_2_content_varun10221_ARIMA-model_s_and_p.py_cleaned.png,0,1,0.2894360423088074,0.7105639576911926
dogrulama,12788_23_content_abdullahwaqar_docsearx_pdf_reader.py_cleaned.png,0,0,0.8400903046131134,0.1599096953868866
dogrulama,1335_v5_4_content_nikhilrampal15_real_estate_advisor_knn_kmeans_kmeans.py_cleaned.png,1,1,0.44960319995880127,0.5503968000411987
dogrulama,7075_55_content_DistanceJiang_linear_regression_regression_control.py_cleaned.png,0,1,0.27756398916244507,0.7224360108375549
dogrulama,13089_21_content_qiulingxu_Variance-Reduced-Policy-Gradient_gymif.py_cleaned.png,0,1,0.3903322219848633,0.6096677780151367
dogrulama,4357_4_content_moduloone_QualtricsFactorialVignettes_questiongen.py_cleaned.png,0,0,0.5296211838722229,0.4703788161277771
dogrulama,10142_4_content_JosephFWright_Prims_Algorithm_functions.py_cleaned.png,0,0,0.7291809618473053,0.2708190381526947
dogrulama,12458_3_content_tusizi_document-analysis_mllib_tfidf_with_stopword.py_cleaned.png,0,0,0.5099957585334778,0.4900042414665222
dogrulama,1996_v5_v5_3_content_rentseen_ARIMA-forecast_test.py_cleaned.png,1,1,0.4883020520210266,0.5116979479789734
dogrulama,7097_84_content_Leilusen_Logit-model_binary_choice.py_cleaned.png,0,0,0.6553299129009247,0.3446700870990753
dogrulama,4595_13_content_danielSbastos_binary-fibonacci_columns.py_cleaned.png,0,0,0.7236804366111755,0.27631956338882446
