set,file,true,pred,prob_Human-written,prob_V1
test,v1_2_content_nuchi_bst-matrix-vector_bst_vector.py.png,1,1,0.4367002844810486,0.5632997155189514
test,16_content_nicolasenciso_One-time-pad-crypto-algorithm_OneTimePad.py.png,0,1,0.47870558500289917,0.5212944149971008
test,v1_14_content_Alexander35_fibonacci_sequence_fibonacci.py.png,1,0,0.5157240927219391,0.4842759072780609
test,1_content_Pranshu258_Crowd_Behavior_Analysis_outlierDetector.py.png,0,1,0.47775793075561523,0.5222420692443848
test,v1_70_content_crackcomm_mofn-encryption_encryption.py.png,1,0,0.5145204067230225,0.48547959327697754
test,v1_11_content_rjtmahinay_fuzzy-association-rule-mining_Apriori.py.png,1,1,0.48479777574539185,0.5152022242546082
test,v1_17_content_kimjaeh10_Hybrid-Sort_LinkedList.py.png,1,1,0.45348137617111206,0.5465186238288879
test,26_content_Emersonxuelinux_One_Big_Archive_TempGui.rsrc.py.png,0,0,0.5479949116706848,0.4520050883293152
test,v1_2_content_swapnilg915_cosine_similarity_using_embeddings_elmo_embeddings.py.png,1,1,0.47924691438674927,0.5207530856132507
test,12_content_eyalr0_AES-Cryptoanalysis_plotRB.py.png,0,1,0.4427969455718994,0.5572030544281006
test,21_content_swawibe_pyDH_Client.py.png,0,1,0.49617934226989746,0.5038206577301025
test,v1_46_content_skropf_fib-drawer_Mathematics.py.png,1,1,0.4630722403526306,0.5369277596473694
test,v1_13_content_AtahanCelebi_En-K-sa-Yol_map_distance.py.png,1,0,0.5701054036617279,0.4298945963382721
test,v1_7_content_usbogie_MSTcreator_Node.py.png,1,1,0.46565330028533936,0.5343466997146606
test,78_content_uptodiff_kdd-cup-99-Analysis-machine-learning-python_kdd_binary_classification_ANN.py.png,0,1,0.478702187538147,0.521297812461853
test,1_content_abx67_Algorithms_mergesort.py.png,0,1,0.4990695118904114,0.5009304881095886
test,7_content_Aly-Tomato_Prims-and-Kruskals_kruskals.py.png,0,0,0.5095751583576202,0.49042484164237976
test,v1_46_content_arun-p12_sort-algorithms_shell_sort.py.png,1,1,0.4992827773094177,0.5007172226905823
test,v1_10_content_shehand_Game_Graphics_using_Binary_Search_Tree_calc.py.png,1,1,0.4785900115966797,0.5214099884033203
test,v1_1_content_akhilesh1311_MazeSolver_path_planning.py.png,1,1,0.4868048429489136,0.5131951570510864
test,v1_11_content_davedennis_DFS-and-BFS-Search_dfbf.py.png,1,1,0.4489659070968628,0.5510340929031372
test,v1_2_content_mayankagrawal93_Outlier-Analysis_cblof.py.png,1,1,0.4855998158454895,0.5144001841545105
test,v1_21_content_bentoro_7402_Ass3_otp.py.png,1,0,0.5214819014072418,0.4785180985927582
test,85_content_adamkanouse_better-lineups-dfs_constants.py.png,0,0,0.577446848154068,0.422553151845932
test,29_content_barshaison_Naive_Bayes_Classifier_Prog.py.png,0,1,0.48602616786956787,0.5139738321304321
test,v1_26_content_talhakerpicci_sahibinden-house-checker_house_database.py.png,1,0,0.5065875351428986,0.49341246485710144
test,v1_21_content_shunge_KNN-NBA-Draft-Prediction_knn-nba.py.png,1,1,0.48242253065109253,0.5175774693489075
test,v1_33_content_apoorvpatne10_Hierarchical-clustering_hc.py.png,1,1,0.4697936177253723,0.5302063822746277
test,v1_41_content_Titash21_Python-Representation-of-LinkedList_linkledistDelete.py.png,1,1,0.48628348112106323,0.5137165188789368
test,63_content_avitabayan_Machine-learning_svr.py.png,0,0,0.5435262024402618,0.45647379755973816
test,v1_80_content_hanas879_Payday-2-Big-Oil-Engine-Calculator_engineCalculator.py.png,1,1,0.48898565769195557,0.5110143423080444
test,v1_10_content_jhreinholdt_fibonacci-sequence_fibonacci_sequence.py.png,1,1,0.48479002714157104,0.515209972858429
test,1_content_hipster-philology_pyrrha_manage.py.png,0,0,0.5493493676185608,0.4506506323814392
test,36_content_aholyoke_bfs_vs_dfs_bfs.py.png,0,1,0.4868844151496887,0.5131155848503113
test,12_content_romanorac_elastic_localized_search_models_elastic.py.png,0,0,0.5812561810016632,0.4187438189983368
test,11_content_liam-han_all-pairs-shortest-path_py.py.png,0,1,0.475483238697052,0.524516761302948
test,v1_92_content_FranzScheerer_DES_eccv.py.png,1,1,0.4949835538864136,0.5050164461135864
test,3_content_danedabomb_InformationRetrieval_IRSystem.py.png,0,1,0.4988190531730652,0.5011809468269348
test,v1_28_content_alexanderogle_Enigma_Machine_em_functions.py.png,1,1,0.4831235408782959,0.5168764591217041
test,v1_68_content_ajitashree_Data_Mining_Algorithms_eclat.py.png,1,1,0.4751822352409363,0.5248177647590637
test,5_content_anguillanneuf_bigO_54_fix_tampered_bst_efficient.py.png,0,0,0.5050469934940338,0.4949530065059662
test,6_content_morekeysjr_TechHubZambia_Project.py.png,0,0,0.5056633651256561,0.49433663487434387
test,v1_11_content_DaiDongyang_knn_experiments.py.png,1,0,0.5233616530895233,0.4766383469104767
test,2_content_evinw_bubble_sort_bub.py.png,0,0,0.5341182053089142,0.4658817946910858
test,3_content_iykadev_pyalgo_babil_square_root.py.png,0,0,0.5077760815620422,0.49222391843795776
test,v1_43_content_wilson9001_DHKeyExchange_DH.py.png,1,1,0.49278807640075684,0.5072119235992432
test,v1_1_content_jwan659_forex-arbitrage_BellmanFord.py.png,1,1,0.4672686457633972,0.5327313542366028
test,8_content_thingumajig_weighted_lcs_elmo_pattern.py.png,0,0,0.536126434803009,0.46387356519699097
test,97_content_panjibagaskara_NaiveBayes_naive.py.png,0,0,0.5109871923923492,0.48901280760765076
test,2_content_johndoe31415_toyecc_dual_ec_drbg.py.png,0,0,0.5403665602207184,0.4596334397792816
test,3_content_iykadev_pyalgo_lagged_fibonacci_gen.py.png,0,0,0.5162627100944519,0.4837372899055481
test,6_content_zhenv5_breaking_cycles_in_noisy_hierarchies_true_skill.py.png,0,1,0.4735395908355713,0.5264604091644287
test,v1_85_content_kenil-shah_Description-Based-Person-Identification_config.py.png,1,1,0.4790099263191223,0.5209900736808777
test,4_content_kevalmorabia97_Agglomerative-Hierarchical-Clustering-Comparison_HierarchicalAgglomerativeClustering.py.png,0,1,0.47634220123291016,0.5236577987670898
test,v1_6_content_chawl002_PythonProject141_2_assignment2.py.png,1,0,0.529800295829773,0.47019970417022705
test,v1_14_content_rajat1401_NaiveBayes_scratch_2016260_ques1a.py.png,1,1,0.4733119606971741,0.5266880393028259
test,v1_11_content_Meghali-Nandi_DNA-PATTERN-MATCHER_dna_matching.py.png,1,1,0.4635477066040039,0.5364522933959961
test,22_content_N8Brooks_lcs_hash_search_parallel_hash_search.py.png,0,1,0.47446244955062866,0.5255375504493713
test,v1_76_content_mashfiq10_Naive-Bayes-classification_prob_1.py.png,1,1,0.48373788595199585,0.5162621140480042
test,25_content_SaadatRizvi_Movie-Recommendation-System_collaborative-filtering.py.png,0,1,0.4808633327484131,0.5191366672515869
test,v1_14_content_Stoniel_SimpleGoogleMaps_graph.py.png,1,0,0.505891889333725,0.494108110666275
test,2_content_yyqcs_time-series-model_ts_model.py.png,0,1,0.4273868203163147,0.5726131796836853
test,v1_1_content_SiccoVerwer_binoct_regtrees.py.png,1,1,0.4910852909088135,0.5089147090911865
test,6_content_gabrielmbmb_aes_crypt.py.png,0,1,0.46813321113586426,0.5318667888641357
test,v1_2_content_laendle1999_NasceUmAEstrela_reberto.py.png,1,1,0.45889395475387573,0.5411060452461243
test,v1_20_content_maganoegi_huffman_decompressor_decomp_PLATONOV_MPACKO.py.png,1,0,0.5148344337940216,0.4851655662059784
test,1_content_sadnessFree_arima-lstm_combine-svm.py.png,0,0,0.5209862887859344,0.47901371121406555
test,v1_5_content_egeismail_SteamWorkshopCollectionInstaller_workshopinstaller.py.png,1,1,0.45035648345947266,0.5496435165405273
test,v1_10_content_Ethan2018_Apriori_APRI.py.png,1,1,0.4663185477256775,0.5336814522743225
test,v1_87_content_tej06_NaiveBayes-Classification_training.py.png,1,1,0.4842607378959656,0.5157392621040344
test,v1_13_content_ebchang_Apriori_Customer_Dataset_Aprori.py.png,1,0,0.5325464010238647,0.46745359897613525
test,29_content_fwoodruff_ECDH_TypeConversion.py.png,0,0,0.531247466802597,0.46875253319740295
test,16_content_0v3rW4tch_Cryptography-course-design_DES_destruct.py.png,0,0,0.8486558496952057,0.1513441503047943
test,5_content_scalisesamuel_crypto_p1_Task_1.py.png,0,1,0.4958878755569458,0.5041121244430542
test,27_content_gcmurillo_sortingAlgorithmsComparation_quickSort.py.png,0,1,0.486844539642334,0.513155460357666
test,v1_5_content_dedeco_dijkstra-bellman-ford_grafo.py.png,1,0,0.5073589086532593,0.4926410913467407
test,22_content_Phillyclause89_ANIMAL_Quiz_ANIMAL.py.png,0,0,0.5239477455615997,0.47605225443840027
test,v1_86_content_ThiagoGrabe_Min_Cut-Graphs_BFS.py.png,1,1,0.4652102589607239,0.5347897410392761
test,v1_6_content_gionanide_Cryptography_encrypt_Image_sha256.py.png,1,0,0.5279666781425476,0.4720333218574524
test,v1_13_content_hypervinay_Insertion-sort_Insertionsort.py.png,1,0,0.5541687607765198,0.4458312392234802
test,83_content_SonNinh_sorting-algorithm_sorting_deck.py.png,0,0,0.5445588231086731,0.4554411768913269
test,13_content_fangzhengzhu_minst-knn_imgReader.py.png,0,1,0.46064847707748413,0.5393515229225159
test,v1_2_content_WenjieLuo2333_ModuleDesign_Alert_module.py.png,1,1,0.4903618097305298,0.5096381902694702
test,23_content_AndreasChatz_factorial_prime_swing.py.png,0,1,0.4804185628890991,0.5195814371109009
test,v1_44_content_CppbetterC_A-Star_Heap.py.png,1,1,0.4643722176551819,0.5356277823448181
test,v1_38_content_NicholasKobald_Tree-Traversals_traversals.py.png,1,1,0.4995810389518738,0.5004189610481262
test,100_content_paulofaria_dr-naive-bayes_server.py.png,0,0,0.5303742587566376,0.4696257412433624
test,38_content_emilyhammer_fibonacci_app.py.png,0,0,0.5145028531551361,0.4854971468448639
test,v1_4_content_shubhamjha97_association-rule-mining-apriori_timing_wrapper.py.png,1,0,0.576784610748291,0.423215389251709
test,40_content_j-nicholson_FibonacciPy_fibonacci.py.png,0,1,0.48433661460876465,0.5156633853912354
test,v1_27_content_SethEggerRocks_WakingMoments_WakingMoments.py.png,1,1,0.45201748609542847,0.5479825139045715
test,36_content_akaif95_U.S-Currency-Patterns_us_currency_regex.py.png,0,1,0.4573013186454773,0.5426986813545227
test,39_content_PankajJ08_DataStructure_n_queen_problem.py.png,0,1,0.4695932865142822,0.5304067134857178
test,15_content_VakinduPhilliam_Pattern_Matching_Python_Glob_Directory_Matching.py.png,0,0,0.5596841871738434,0.4403158128261566
test,v1_3_content_root676_QNEAT3___init__.py.png,1,0,0.5496538579463959,0.4503461420536041
test,97_content_mjurk456_mini-snakes_web_scrapper.py.png,0,0,0.5064040422439575,0.4935959577560425
test,v1_2_content_JoshuaEbenezer_huffman_encoding_huffman.py.png,1,1,0.49297964572906494,0.5070203542709351
test,v1_2_content_Liu-WeiYi_Private_Preserving_Outlier_Behavior_Detection_statistic.py.png,1,1,0.48387783765792847,0.5161221623420715
test,v1_71_content_logyball_public_private_encryption_driver.py.png,1,0,0.5084243714809418,0.4915756285190582
test,47_content_mathwoods_binseqcomp_binseqcomp.py.png,0,1,0.42950987815856934,0.5704901218414307
test,17_content_sdevkota007_KNN-And-NaiveBayes-Classifier_ConfusionMatrix.py.png,0,1,0.47388291358947754,0.5261170864105225
test,2_content_laendle1999_NasceUmAEstrela_reberto.py.png,0,1,0.48664015531539917,0.5133598446846008
test,v1_45_content_vdanny_bst-python_binary_search_tree.py.png,1,1,0.46193188428878784,0.5380681157112122
test,v1_2_content_johnrobyclayton_division-project_plot.py.png,1,1,0.47046220302581787,0.5295377969741821
test,3_content_iykadev_pyalgo_anagram3.py.png,0,0,0.540216714143753,0.45978328585624695
test,v1_1_content_SICTC_BST_BinSearchTree.py.png,1,1,0.43784356117248535,0.5621564388275146
test,16_content_arifromadhan19_LinkedList_simple_linked_list.py.png,0,1,0.47182101011276245,0.5281789898872375
test,v1_5_content_AdamJacoby_Hopf_ElementClass.py.png,1,0,0.5464446246623993,0.4535553753376007
test,v1_5_content_scalisesamuel_crypto_p1_Task_1.py.png,1,0,0.5525505542755127,0.4474494457244873
test,v1_95_content_anapandza_ComputerNetworks_Dijkstra.py.png,1,1,0.45783013105392456,0.5421698689460754
test,12_content_NWuensche_DijkstraInPython_calculate_shortest_way.py.png,0,1,0.44159388542175293,0.5584061145782471
test,v1_38_content_valuntiny_leetcode_linked_list_ii_addTwoNumbers_re.py.png,1,1,0.4970341920852661,0.5029658079147339
test,13_content_ctao5660_huffman-tree_huffmancompression.py.png,0,1,0.4888991713523865,0.5111008286476135
test,v1_5_content_AdamJacoby_Hopf_Algebra_Tools.py.png,1,1,0.46095705032348633,0.5390429496765137
test,v1_30_content_thomasjedstrom_Bubble_Sort_Selection_Sort.py.png,1,0,0.5108830630779266,0.48911693692207336
test,v1_7_content_Aly-Tomato_Prims-and-Kruskals_test.py.png,1,0,0.5270203053951263,0.47297969460487366
test,v1_40_content_j-nicholson_FibonacciPy_fibonacci.py.png,1,1,0.4957095980644226,0.5042904019355774
test,v1_46_content_arun-p12_sort-algorithms_radix_sort.py.png,1,1,0.44335126876831055,0.5566487312316895
test,v1_67_content_DrIanGregory_MachineLearning-LogisticRegressionWithGradientDescentOrNewton_mulitpleLinearRegression.py.png,1,0,0.5049501359462738,0.4950498640537262
test,52_content_worldofnick_Wikipedia-Mining_wiki_prepare.py.png,0,0,0.5339882671833038,0.46601173281669617
test,v1_21_content_KingYapster_ECC-Elliptic-Curve-Cryptography-in-Python_ECC.py.png,1,0,0.5048801302909851,0.4951198697090149
test,v1_5_content_AdamJacoby_Hopf_Example_DihedralGroup.py.png,1,0,0.5219125151634216,0.47808748483657837
test,25_content_naveenpvg3_Comparative-Analysis-of-Elliptic-and-Hessian-curve-cryptography_comgra.py.png,0,0,0.512348860502243,0.48765113949775696
test,v1_5_content_AdamJacoby_Hopf_HopfConstructions.py.png,1,1,0.4993046522140503,0.5006953477859497
test,77_content_ThomasThorpe_KMeansClustering_data_generator.py.png,0,0,0.5188856422901154,0.48111435770988464
test,50_content_shre007_Implementation-and-comparison-of-sorting-algorithms_merge.py.png,0,0,0.537451982498169,0.46254801750183105
test,v1_1_content_hipster-philology_pyrrha_config.py.png,1,1,0.4635889530181885,0.5364110469818115
test,v1_10_content_patrickkingg_K-means_Clustering_kmeans.py.png,1,1,0.45445048809051514,0.5455495119094849
test,22_content_harpreetsi_DataStructureImpl_LinkedListTest.py.png,0,1,0.46763360500335693,0.5323663949966431
test,v1_12_content_ianscottknight_Predicting-Myers-Briggs-Type-Indicator-with-Recurrent-Neural-Networks_baseline.py.png,1,0,0.5189676880836487,0.4810323119163513
test,v1_31_content_shreyas3336_Diffie-Hellman-KeyExchange_Seeded_Random_Generator.py.png,1,1,0.4941757321357727,0.5058242678642273
test,50_content_eyablokov_fibonacci-api_test_resources.py.png,0,1,0.4844213128089905,0.5155786871910095
test,v1_3_content_jzwei023_LongestCommonSubsequence_lcs.py.png,1,1,0.4833498001098633,0.5166501998901367
test,v1_48_content_AdityaMalani_Diffie-Hellman-Key_Exchange_diffie.py.png,1,1,0.4672319293022156,0.5327680706977844
test,60_content_dunglq2000_chatbox-encrypt_client.py.png,0,1,0.4789336323738098,0.5210663676261902
test,v1_37_content_anagnostouJohn_Simple_DF_Socket_clien.py.png,1,0,0.503900021314621,0.49609997868537903
test,v1_10_content_nishi1612_Email-Spam-Classification-using-SVM_extracting_unique_words_from_all_emails.py.png,1,1,0.43752193450927734,0.5624780654907227
test,v1_9_content_emmanuj_mst-solver_edge.py.png,1,0,0.501978188753128,0.49802181124687195
test,19_content_frankiekienlam_Fibonacci_Pyramids_test_pset.py.png,0,1,0.45703601837158203,0.542963981628418
test,v1_55_content_danmenjivar_huffman_huffman.py.png,1,1,0.48982173204421997,0.51017826795578
test,4_content_JakubVojvoda_elliptic-curve-brute-force_decipher.py.png,0,1,0.45640498399734497,0.543595016002655
test,21_content_rahul494_Mental-Health-On-Twitter-Analysis_sorter.py.png,0,0,0.5165563523769379,0.48344364762306213
test,10_content_kllinzy_Elliptic-Curve-Cryptography_point.py.png,0,0,0.508462518453598,0.491537481546402
test,84_content_mhb8898_bst_bst.py.png,0,0,0.5349367558956146,0.4650632441043854
test,v1_10_content_nishi1612_Email-Spam-Classification-using-SVM_svm_implementation.py.png,1,1,0.4926116466522217,0.5073883533477783
test,v1_48_content_andrewdoanutz_NaiveBayesClassifier_NaiveBayesClassifier.py.png,1,0,0.5207932591438293,0.47920674085617065
test,7_content_tsingh94_Bellman-Ford-and-Floyd-Warshall-Algorithms_Shortestdistance_graph_algos.py.png,0,1,0.4484182596206665,0.5515817403793335
test,v1_15_content_meghanagabhushan_DijkstraAlgorithm_dijkstra.py.png,1,1,0.47431689500808716,0.5256831049919128
test,v1_6_content_gionanide_Cryptography_Crack_zip_files.py.png,1,0,0.5280648469924927,0.4719351530075073
test,v1_10_content_kllinzy_Elliptic-Curve-Cryptography_ecc.py.png,1,1,0.4914647340774536,0.5085352659225464
test,v1_2_content_carlosguadir_kruskal_Puertos.py.png,1,1,0.47134798765182495,0.528652012348175
test,v1_13_content_FlorentF9_DESOM_sharpness.py.png,1,1,0.4621439576148987,0.5378560423851013
test,32_content_Spanfile_Dijkstra_test.py.png,0,1,0.4548044204711914,0.5451955795288086
test,22_content_harpreetsi_DataStructureImpl_StackImplUsingArrayTest.py.png,0,0,0.5147842466831207,0.4852157533168793
test,v1_12_content_eyalr0_AES-Cryptoanalysis_RetracingBoomerang.py.png,1,1,0.4453020691871643,0.5546979308128357
test,v1_5_content_jzell001_Bellman_Ford_Floyd_Warshall_._c9_invoke_zARza2.py.png,1,0,0.5294226408004761,0.4705773591995239
test,v1_11_content_harishchellappa_Time-Series-Analysis-Bike-Sharing-Demand-Forecasting_forecasting_2.py.png,1,0,0.5377362370491028,0.4622637629508972
test,5_content_ranriy_Query-Search-using-TF-IDF-vectors-and-cosine-similarity_P1_1001163569.py.png,0,0,0.5156201720237732,0.4843798279762268
test,v1_7_content_syedshameersarwar_DocumentSimilarityChecker_pdfReader.py.png,1,0,0.5570424497127533,0.4429575502872467
test,3_content_archit-p_two-time-pad-exploit_exploit-two-time-pad.py.png,0,0,0.5168287754058838,0.4831712245941162
test,8_content_fepz_AyCC_binomial_heap.py.png,0,1,0.4799835681915283,0.5200164318084717
test,15_content_ben-mackenzie_mst-kruskal_kruskal.py.png,0,0,0.5336915552616119,0.46630844473838806
test,v1_36_content_aholyoke_bfs_vs_dfs_bfs.py.png,1,0,0.5434218347072601,0.45657816529273987
test,7_content_kanthagirish-rit_lcs-project_recursive.py.png,0,0,0.5052178204059601,0.4947821795940399
test,v1_4_content_Khante_Distance-Vector-Algorithm_simulation_1.py.png,1,0,0.5115760564804077,0.4884239435195923
test,60_content_winnie9197_The-Coding-School-projects_linear-regression.py.png,0,1,0.4873754382133484,0.5126245617866516
test,v1_4_content_agvaibhav_linked-list_insertion-doubly.py.png,1,1,0.47242581844329834,0.5275741815567017
test,1_content_mikekestemont_pandora_unseen.py.png,0,0,0.5171096920967102,0.4828903079032898
test,v1_2_content_polyphilz_pricing-weather-derivatives_avg_temperature_model.py.png,1,0,0.5149213969707489,0.4850786030292511
test,v1_66_content_chhaiyashrey_Security-Implementation-of-MODBUS-Communication-between-Server-and-Client_secure_modbus_server.py.png,1,0,0.514776736497879,0.48522326350212097
test,v1_8_content_omjego_AR-Mining-Hash-Tree_naive_apriori.py.png,1,1,0.472064733505249,0.527935266494751
test,22_content_ABHISHEKVALSAN_Malayalam-Newspaper-Article-Dataset_MalayalamScraping.py.png,0,1,0.4847096800804138,0.5152903199195862
test,v1_1_content_shivam1196_LRU-Caching_Caching.py.png,1,1,0.4593542814254761,0.5406457185745239
test,v1_12_content_vidya_digit-factorial-chain_test_digitfactorialchain.py.png,1,0,0.5172336995601654,0.4827663004398346
test,15_content_meghanagabhushan_DijkstraAlgorithm_dijkstra.py.png,0,1,0.49053674936294556,0.5094632506370544
test,36_content_EricHeGitHub_python-factorial-base-rubik-rectangle-word-game-overlapping-photographs-related-algorithms_factorial_base.py.png,0,1,0.4967648983001709,0.5032351016998291
test,2_content_Liu-WeiYi_Private_Preserving_Outlier_Behavior_Detection_Incremental_Time_analysis.py.png,0,0,0.5253552198410034,0.4746447801589966
test,3_content_iykadev_pyalgo_e_number.py.png,0,0,0.5611151158809662,0.4388848841190338
test,16_content_MiKoronjoo_Python-Huffman-coding_decoding.py.png,0,1,0.45995116233825684,0.5400488376617432
test,v1_69_content_soldat76_FibonacciGenerator_FibonacciGenerator.py.png,1,0,0.5153902769088745,0.4846097230911255
test,v1_5_content_harshdarji22_crypto_outlier.py.png,1,1,0.4675934314727783,0.5324065685272217
test,51_content_adityapatelgithub_Expressions-and-Functions_peekable.py.png,0,0,0.5188263058662415,0.48117369413375854
test,85_content_TheSuri_Dijsktras_shortest_path.py.png,0,1,0.4967336058616638,0.5032663941383362
test,9_content_Soumyabrata_predicting-pwv_grid_search.py.png,0,0,0.5045736730098724,0.49542632699012756
test,v1_1_content_akoksal_Turkish-Lemmatizer_trainLexicon.py.png,1,1,0.46196895837783813,0.5380310416221619
test,v1_12_content_romanorac_elastic_localized_search_models_elastic.py.png,1,0,0.5880264937877655,0.4119735062122345
test,76_content_mashfiq10_Naive-Bayes-classification_prob_1.py.png,0,0,0.5033027231693268,0.4966972768306732
test,v1_93_content_wei4keepingstudy_Artificial_Intelligence_hw2_dfs_forwardchecking.py.png,1,1,0.4800823926925659,0.5199176073074341
test,v1_4_content_heaven00_cosine_similarities_vsm.py.png,1,0,0.5491685569286346,0.45083144307136536
test,26_content_1970633640_Design-and-Analysis-of-Algorithm_ex7.py.png,0,1,0.4782692790031433,0.5217307209968567
test,48_content_AddisonSchiller_pomodoro_timer_gui_main.py.png,0,1,0.4860203266143799,0.5139796733856201
test,v1_30_content_sanjanprakash_Cluster-Analysis-over-Financial-Characteristics_topickle.py.png,1,0,0.5407892763614655,0.45921072363853455
test,v1_4_content_hyper750_factorialhr_constants.py.png,1,1,0.4742681384086609,0.5257318615913391
test,v1_16_content_hungapp_big_o_01-29-HW.py.png,1,1,0.48686832189559937,0.5131316781044006
test,v1_5_content_kheguy_bubbleSort_bubbleSort.py.png,1,1,0.4989902377128601,0.5010097622871399
test,9_content_RooiAap_One-Time-Pad_decrypt.py.png,0,1,0.48543721437454224,0.5145627856254578
test,2_content_neonb88_knn_knn_machine_learning_hw1.py.png,0,0,0.5048375725746155,0.4951624274253845
test,19_content_CQuocDat_huffman_de_huffman.py.png,0,1,0.465803861618042,0.534196138381958
test,v1_15_content_VakinduPhilliam_Pattern_Matching_Python_Filecmp_Recursive_Search.py.png,1,0,0.5056730210781097,0.49432697892189026
test,v1_35_content_NavneetSomwal_Weather-Data-Clustering-using-k-Means_waether_data_Clustering_k-means_scikit-learn.py.png,1,1,0.4778047204017639,0.5221952795982361
test,6_content_petronius_minotaur_dimensions.py.png,0,1,0.4508518576622009,0.5491481423377991
test,v1_5_content_teawifi_k-means_clustering_loader.py.png,1,0,0.501490443944931,0.49850955605506897
test,v1_86_content_sudarshan-koirala_Clustering-Algorithms-Comparision_hierarchical_clustering.py.png,1,1,0.4915422797203064,0.5084577202796936
test,61_content_piyush-taneja_Salary-Predictor_Support_Vector_Regression.py.png,0,0,0.513079822063446,0.48692017793655396
test,17_content_yujiex9_LinkedList_reorder_linkedlist.py.png,0,0,0.5515670776367188,0.44843292236328125
test,v1_30_content_rogerdenisvieira_bidirectional-conditional-insertion-sort_data_generator.py.png,1,0,0.5092187225818634,0.4907812774181366
test,6_content_dennishnf_indoor-location-using-naive-bayes_2_division_data.py.png,0,1,0.4928731918334961,0.5071268081665039
test,88_content_andreaestrada_mazecrawler_server.py.png,0,0,0.5082093775272369,0.49179062247276306
test,47_content_woodElec_Parallel-Dijkstra-Networkx_voronoi_module.py.png,0,1,0.48443347215652466,0.5155665278434753
test,v1_26_content_1970633640_Design-and-Analysis-of-Algorithm_ex7.py.png,1,1,0.4892504811286926,0.5107495188713074
test,v1_8_content_16chuang_CS161_Project_1a.py.png,1,0,0.6172349452972412,0.3827650547027588
test,28_content_yifan0330_stock-trader_stocktrade_final.py.png,0,0,0.5044433772563934,0.49555662274360657
test,v1_2_content_neonb88_knn_knn_machine_learning_hw1.py.png,1,1,0.4972917437553406,0.5027082562446594
test,16_content_SemyonMakhaev_elliptic-curve_main.py.png,0,1,0.4794422388076782,0.5205577611923218
test,v1_72_content_tusharnema_Implementing-Algorithms-in-python_adj_list.py.png,1,1,0.46087050437927246,0.5391294956207275
test,1_content_randombit_pairings.py_tripartite.py.png,0,0,0.6854901313781738,0.31450986862182617
test,v1_54_content_sumanth-bmsce_Unsupervised_Extreme_Learning_Machine_Spectral_Clustering.py.png,1,0,0.5290912687778473,0.4709087312221527
test,v1_6_content_pushpanjalis_Basic-python-code_basic_code.py.png,1,0,0.50668004155159,0.49331995844841003
test,45_content_swatimani16_Polynomial-Regression_code_final.py.png,0,1,0.4676014184951782,0.5323985815048218
test,v1_10_content_kllinzy_Elliptic-Curve-Cryptography_public_key.py.png,1,0,0.5274142920970917,0.4725857079029083
test,v1_12_content_eyalr0_AES-Cryptoanalysis_softAESr.py.png,1,0,0.5425589084625244,0.4574410915374756
test,58_content_yaroslava-tkachuk_quicksort_accelerated_quicksort_accelerated.py.png,0,1,0.46113121509552,0.53886878490448
test,27_content_ayaar25_elgamalecceg_interface.py.png,0,1,0.4535868763923645,0.5464131236076355
test,v1_23_content_GaryXiongxiong_SubwayStationSearching_UseMapBFSFindSubway.py.png,1,0,0.5653274655342102,0.4346725344657898
test,15_content_VakinduPhilliam_Pattern_Matching_Python_Fnmatch_fnmatch.py.png,0,0,0.5319938361644745,0.4680061638355255
test,v1_54_content_wenlin-koh_K-Means-Clustering---python_kmeans.py.png,1,1,0.490416944026947,0.509583055973053
test,4_content_heaven00_cosine_similarities_stream.py.png,0,0,0.5326918065547943,0.4673081934452057
test,v1_1_content_guoliu_London-scikit_LondonScikit.py.png,1,1,0.4897947907447815,0.5102052092552185
test,v1_15_content_jknight1725_linear_search_vs_random_search_random_case.py.png,1,0,0.5602952837944031,0.4397047162055969
test,v1_9_content_diegooliveira95_PrimAndDijkstra_dijkstra.py.png,1,1,0.4888066053390503,0.5111933946609497
test,5_content_ongyongzheng_cass_main_cass_unet2.py.png,0,1,0.45363879203796387,0.5463612079620361
test,v1_13_content_vatsal-rooprai_Image-Aesthetic-Evaluation_train_network.py.png,1,1,0.4501723051071167,0.5498276948928833
test,v1_3_content_ravinderiiit_Market-Basket-Optimisation-by-apriori-Algorithm_apriori.py.png,1,0,0.5050252676010132,0.4949747323989868
test,26_content_mosco_geodesic-knn_test_dijkstra.py.png,0,0,0.5868181586265564,0.4131818413734436
test,45_content_Janteby1_bubble_sort-copy_bubble_sort.py.png,0,0,0.5238913893699646,0.4761086106300354
test,v1_21_content_sagar-13_PuzzleSolver_puzzle_tools.py.png,1,0,0.5132450759410858,0.4867549240589142
test,36_content_cyndyishida_QueueQuickSort_linked_queue.py.png,0,1,0.4848734736442566,0.5151265263557434
test,49_content_ajh1143_FibonacciScatterPlot_FibonacciScatter.py.png,0,0,0.5604935586452484,0.4395064413547516
test,v1_8_content_FelixHuangX_Naive-Bayes-for-Text-Classification_Naivebayes_train.py.png,1,1,0.48528844118118286,0.5147115588188171
test,v1_19_content_DennyHsieh_many-time-pad-attack_decrypt.py.png,1,0,0.5045087039470673,0.49549129605293274
test,10_content_selden-lin_python_huffman_tree_decompressor_nodes.py.png,0,0,0.5105112195014954,0.48948878049850464
test,v1_75_content_mcsteve-e_project-4_4.01.py.png,1,1,0.45031964778900146,0.5496803522109985
test,v1_6_content_hungph-dev-ict_simple-exponential-smoothing_main.py.png,1,0,0.5077938735485077,0.4922061264514923
test,61_content_mcsweena_Dijkstras-Algorithm_bidirectional_dijkstra.py.png,0,0,0.5157626569271088,0.48423734307289124
test,45_content_craig-m-k_huffman-coding_heapify.py.png,0,1,0.46073877811431885,0.5392612218856812
test,v1_4_content_rohinigopalqxf2_Factorial-Calculator-Practice_03_Fill_values.py.png,1,0,0.5108244121074677,0.48917558789253235
test,16_content_davda54_pytorch-transformer-lemmatization_lr_decay.py.png,0,0,0.5635580122470856,0.43644198775291443
test,v1_41_content_akshay-gupta7_kmeans-using-mapreduce_k_means_reducer.py.png,1,1,0.4922327995300293,0.5077672004699707
test,3_content_jzwei023_LongestCommonSubsequence_lcs.py.png,0,1,0.491186261177063,0.508813738822937
test,67_content_damianrr_bisect-ordered-file_bisect_file_with_numbers.py.png,0,1,0.49620550870895386,0.5037944912910461
test,54_content_ceydapolat_Sorting-Algorithms-Analysis_InsertionSort.py.png,0,1,0.44537121057510376,0.5546287894248962
test,v1_6_content_yasinakinn_hierarchical-clustering_linkage_methods.py.png,1,1,0.4410359859466553,0.5589640140533447
test,v1_10_content_bradib0y_searchalgorithms_app.py.png,1,1,0.48671406507492065,0.5132859349250793
test,v1_31_content_tobymyers_codingthematrix_The_Function_problems.py.png,1,0,0.5044199526309967,0.4955800473690033
test,v1_27_content_ashwinvis98_Particle-Swarm-Optimization-for-Robotic-Search-Applications_ultrasonic_test.py.png,1,1,0.48152291774749756,0.5184770822525024
test,v1_23_content_TuckerStewart98_LinkedList_MyLinkedList.py.png,1,1,0.4635559320449829,0.5364440679550171
test,23_content_mkhambat_Bubble-and-insertion-sort_sorting.py.png,0,1,0.4571881890296936,0.5428118109703064
test,v1_10_content_analyticsbot_document-similarity_word_mover_distance.py.png,1,1,0.4790918231010437,0.5209081768989563
test,21_content_leonshen95_EC500-Modular-design-2.4_OutputAlert_module.py.png,0,1,0.48124420642852783,0.5187557935714722
test,v1_77_content_ThomasThorpe_KMeansClustering_data_generator.py.png,1,1,0.49529796838760376,0.5047020316123962
test,17_content_galacticglum_polynomial-regression_poly_regression.py.png,0,0,0.5148542821407318,0.4851457178592682
test,7_content_usbogie_MSTcreator_Node.py.png,0,0,0.6971264481544495,0.30287355184555054
test,v1_5_content_AdamJacoby_Hopf_Example_Matrix_Algebra.py.png,1,0,0.5229099094867706,0.47709009051322937
test,v1_10_content_analyticsbot_document-similarity_document_similarity_nlevenstein.py.png,1,1,0.4734949469566345,0.5265050530433655
test,v1_2_content_johndoe31415_toyecc_ed25519test.py.png,1,0,0.5193144977092743,0.4806855022907257
test,44_content_akbloodadarsh_Twitter-Sentimental-Analysis_MultinomialNaiveBayes.py.png,0,0,0.5311450660228729,0.4688549339771271
test,v1_11_content_sichen-x_search-engine_htable_oo.py.png,1,1,0.4928026795387268,0.5071973204612732
test,31_content_aghimire15_Project2_DataStructure_ICP5_2_.py.png,0,0,0.5467891693115234,0.45321083068847656
test,v1_2_content_hari526_LinearSearch_linearSearch.py.png,1,0,0.5422156453132629,0.45778435468673706
test,v1_13_content_theSnehaThing_HierarchicalClustering_Hierchial_Classification.py.png,1,1,0.4737318754196167,0.5262681245803833
test,v1_83_content_sjatakia_Path-of-Prime-Numbers_assignment1_p4.py.png,1,0,0.5115180909633636,0.48848190903663635
test,v1_6_content_chengdai_gestation_multiomics_pregnancy_multiomics.py.png,1,0,0.5646333992481232,0.43536660075187683
test,v1_7_content_erfan-ghadery_Unsupervised-Aspect-Category-Detection_PreProcessing.py.png,1,0,0.536126434803009,0.46387356519699097
test,3_content_iykadev_pyalgo_binaryTree.py.png,0,0,0.5375109314918518,0.4624890685081482
test,v1_73_content_elados93_AI_Ex1_BFS.py.png,1,1,0.49770253896713257,0.5022974610328674
test,22_content_ashushekar_lemmatization-stemming_lemmatization-stemming.py.png,0,0,0.6434337198734283,0.35656628012657166
test,v1_2_content_moluronghuakai_outlier-analysis_feature.py.png,1,1,0.4752247929573059,0.5247752070426941
test,34_content_robinkthomas_DFS1_authentication.py.png,0,1,0.4878309965133667,0.5121690034866333
test,v1_5_content_anguillanneuf_bigO_89_license_plate.py.png,1,1,0.4939059019088745,0.5060940980911255
test,7_content_TongTongX_HuffmanCompressor_huffman.py.png,0,1,0.46981555223464966,0.5301844477653503
test,49_content_akshay326_k-means-clustering-api_sample_python_script.py.png,0,1,0.47790855169296265,0.5220914483070374
test,v1_7_content_GabrielBortolote_BFS-and-DFS-Tree_BFS.py.png,1,1,0.48186689615249634,0.5181331038475037
test,v1_3_content_iykadev_pyalgo_amb.py.png,1,1,0.46555769443511963,0.5344423055648804
test,12_content_chiforbogdan_naive-bayes-reputation_naive_bayes.py.png,0,0,0.5051854848861694,0.49481451511383057
test,v1_12_content_ianscottknight_Predicting-Myers-Briggs-Type-Indicator-with-Recurrent-Neural-Networks_trump_predictor.py.png,1,0,0.5467553734779358,0.4532446265220642
test,v1_21_content_p-kim1_Image-Segmentation-with-K-means_kmeans.py.png,1,1,0.4544692635536194,0.5455307364463806
test,v1_18_content_jzpero_enigma_main.py.png,1,1,0.47601252794265747,0.5239874720573425
test,v1_50_content_shre007_Implementation-and-comparison-of-sorting-algorithms_quick.py.png,1,0,0.5154284536838531,0.48457154631614685
test,v1_6_content_chiragragarwal_Graphs_And_Networks_numpy_help.py.png,1,0,0.5238359272480011,0.4761640727519989
test,v1_3_content_archit-p_two-time-pad-exploit_exploit-two-time-pad.py.png,1,1,0.4910408854484558,0.5089591145515442
test,v1_24_content_GrayHat12_Desktop-GrayBot_lyrics.py.png,1,1,0.4564395546913147,0.5435604453086853
test,v1_5_content_fernandolobato_ecc_verifiable_threshold_cryptosystem_key_gen.py.png,1,0,0.5185900926589966,0.4814099073410034
test,v1_16_content_frknozr_knn_knn.py.png,1,1,0.4565558433532715,0.5434441566467285
test,v1_11_content_VictorDebray_Analysis-DFS-BFS-AStar_utils.py.png,1,1,0.47094523906707764,0.5290547609329224
test,6_content_hungph-dev-ict_simple-exponential-smoothing_main.py.png,0,1,0.4340444803237915,0.5659555196762085
test,v1_29_content_barshaison_Naive_Bayes_Classifier_Prog.py.png,1,1,0.4863308072090149,0.5136691927909851
test,10_content_kllinzy_Elliptic-Curve-Cryptography_public_key.py.png,0,0,0.5720998346805573,0.42790016531944275
test,v1_92_content_kousthub93_Web-Crawler_hw1_bfs.py.png,1,1,0.4704885482788086,0.5295114517211914
test,57_content_Wwicked_Bubble-sort-visualization_main.py.png,0,0,0.525500625371933,0.474499374628067
test,6_content_chawl002_PythonProject141_2_assignment2.py.png,0,1,0.46150410175323486,0.5384958982467651
test,v1_2_content_zalayo_Hierarchical-Linkage-Regression_HLRtest.py.png,1,1,0.49617189168930054,0.5038281083106995
test,v1_2_content_Liu-WeiYi_Private_Preserving_Outlier_Behavior_Detection_Process_TianChi_Main.py.png,1,0,0.5202619135379791,0.4797380864620209
test,14_content_arnaudperalta_py_graphpath_graph.py.png,0,0,0.5433257520198822,0.4566742479801178
test,v1_37_content_bouziane-meed_time-series-forcasting-using-ARIMA_app.py.png,1,1,0.45499271154403687,0.5450072884559631
test,36_content_akh5113_Stooge-Merge-Insert-Sort_Homework2.py.png,0,0,0.5062300860881805,0.49376991391181946
test,v1_8_content_BhushanVM_Market-Basker-Analyzer_son_spark.py.png,1,0,0.5014794170856476,0.4985205829143524
test,3_content_xiekch_Adaptive-Huffman-Coding_bitStream.py.png,0,1,0.4490351676940918,0.5509648323059082
test,1_content_abdullahwaqar_docsearx_pdf_reader.py.png,0,0,0.6103699505329132,0.3896300494670868
test,34_content_Pratiksha100_polynomial-regression_regression_template.py.png,0,0,0.5262869000434875,0.47371309995651245
test,13_content_sehajchawla_Compression_arithmetic.py.png,0,1,0.4912128448486328,0.5087871551513672
test,v1_94_content_UniqueRoHo_NaiveBayes_Continuous.py.png,1,1,0.466383695602417,0.533616304397583
test,v1_5_content_brown9804_Python_DiversosAlgortimos_VerificaFechaValidaCalendario.py.png,1,1,0.4546000361442566,0.5453999638557434
test,v1_19_content_frankiekienlam_Fibonacci_Pyramids_pyramid.py.png,1,0,0.5232576131820679,0.47674238681793213
test,4_content_mmcniece_tiled_floyd_warshall_tiled_FW.py.png,0,0,0.5262377262115479,0.47376227378845215
test,v1_36_content_prakhardogra921_Clustering-using-Kmeans-Cmeans-and-GMM_gmm_sklearn.py.png,1,0,0.5241882801055908,0.4758117198944092
test,v1_26_content_Emersonxuelinux_One_Big_Archive_TempGui.rsrc.py.png,1,0,0.599111020565033,0.40088897943496704
test,v1_36_content_mskroar18_GraphWizard_edge.py.png,1,0,0.5616483390331268,0.43835166096687317
test,81_content_kiranathealea_regressionMachineLearning_Models.py.png,0,0,0.585675448179245,0.414324551820755
test,v1_1_content_dimizisis_blocksworld_node.py.png,1,1,0.49019700288772583,0.5098029971122742
test,v1_31_content_dariswan_AudioRetrieval-Classification_ekstraksi.py.png,1,1,0.4800249934196472,0.5199750065803528
test,8_content_robinbg_search-engine_se.py.png,0,0,0.5016427636146545,0.49835723638534546
test,v1_21_content_yashag66_Python-Code-Samples_hashingString.py.png,1,0,0.515358030796051,0.484641969203949
test,v1_7_content_DMDarkness_Data-mining_Example_pyarmga.py.png,1,0,0.5312018394470215,0.4687981605529785
test,88_content_mrugankray_Polynomial-Linear-Regression-Written-In-Python_polynomial_regression.py.png,0,0,0.5065827369689941,0.49341726303100586
test,v1_80_content_julianlafaye_ML-Problem-Set-5-Problem-3_k-means.py.png,1,0,0.5099480152130127,0.4900519847869873
test,22_content_sabarahman_k-means-Clustering-On-Banking-Data-Set_clustering.py.png,0,1,0.4523302912712097,0.5476697087287903
test,12_content_dxania_Fizzbuzz_fizzbuzz_tests.py.png,0,1,0.4260091781616211,0.5739908218383789
test,v1_20_content_Govind9_BubbleSortAnalysis_Sorting.py.png,1,1,0.487290620803833,0.512709379196167
test,v1_3_content_iykadev_pyalgo_e_number.py.png,1,0,0.5099213421344757,0.4900786578655243
test,v1_26_content_Emersonxuelinux_One_Big_Archive_VirtualPet.py.png,1,1,0.48926037549972534,0.5107396245002747
test,v1_19_content_bauassr_Session32_Session32Assignment1_.py.png,1,1,0.48491162061691284,0.5150883793830872
test,v1_11_content_sichen-x_search-engine_test_htableoo.py.png,1,0,0.5530588626861572,0.4469411373138428
test,v1_27_content_ayaar25_elgamalecceg_pointoperatorecc.py.png,1,1,0.4946494698524475,0.5053505301475525
test,31_content_sheffieldjordan_binarySearchTree_BST.py.png,0,1,0.40849876403808594,0.5915012359619141
test,44_content_CppbetterC_A-Star_Heap.py.png,0,1,0.47381722927093506,0.5261827707290649
test,v1_47_content_mathwoods_binseqcomp_binseqcomp.py.png,1,1,0.4745936989784241,0.5254063010215759
test,41_content_Titash21_Python-Representation-of-LinkedList_linkledistDelete.py.png,0,0,0.5018117129802704,0.4981882870197296
test,18_content_deeptavker_Vortex_Spin_Down_post_proc_TVF.py.png,0,1,0.4676879644393921,0.5323120355606079
test,v1_20_content_higirodj_Dijkstra_dijkstra.py.png,1,1,0.447096049785614,0.552903950214386
test,3_content_iykadev_pyalgo_shunting_yard_algo.py.png,0,1,0.4653315544128418,0.5346684455871582
test,v1_3_content_kressi_turing_turing.py.png,1,0,0.5186459422111511,0.4813540577888489
test,v1_10_content_marcindahlen_ARIMAplus_arimaplus_dna.py.png,1,1,0.4573914408683777,0.5426085591316223
test,14_content_jonathanchang97_ThatsJustTheWazeItIs_car.py.png,0,1,0.4753621220588684,0.5246378779411316
test,10_content_dedeco_crawler-linkedin-public-profiles_crawler.py.png,0,0,0.5087801814079285,0.49121981859207153
test,v1_16_content_apriven_linked_lists_scratch.py.png,1,1,0.46902602910995483,0.5309739708900452
test,54_content_wilrnh_oneoffs_file2mail.py.png,0,0,0.5048307776451111,0.4951692223548889
test,v1_18_content_vikasgola_graph-search-algorithms_graph.py.png,1,1,0.449354887008667,0.550645112991333
test,53_content_KaiFly_Xemina2_DijkstraSP_GraphDrawing.py.png,0,0,0.5189531743526459,0.4810468256473541
test,v1_16_content_mariosasodotcom_mirror-enc_mirror-enc.py.png,1,0,0.5074662268161774,0.49253377318382263
test,8_content_dianaelmasri_TravellingSalesManProblem_AStar_Kruskal_Recuit_test.py.png,0,0,0.6084240972995758,0.3915759027004242
test,v1_18_content_FN-HD_Elliptic_Curve_Cryptography_Fp_main.py.png,1,1,0.4861578941345215,0.5138421058654785
test,7_content_anderspkd_broken-one-time-pad_somecode.py.png,0,1,0.47153985500335693,0.5284601449966431
test,91_content_mahsarazavi_Text-Classification_naivebayes.py.png,0,1,0.47478383779525757,0.5252161622047424
test,13_content_Odarlie_fizz_buzz_programming_logic_andelab_fizz_buzz_bootcamp_function.py.png,0,0,0.5640988349914551,0.4359011650085449
test,v1_3_content_iykadev_pyalgo_lucas_lehmer_test.py.png,1,0,0.5151048600673676,0.48489513993263245
test,v1_3_content_sharifahmad2061_routing_algorithm_DVR.py.png,1,0,0.5594686567783356,0.44053134322166443
test,7_content_gautamdasika_Document-Search-Engine_finalsearch.py.png,0,1,0.4666792154312134,0.5333207845687866
test,v1_2_content_johndoe31415_toyecc_StopWatch.py.png,1,1,0.4633263945579529,0.5366736054420471
test,v1_1_content_dedeco_dijkstra-bellman-ford_teste_lobo_djt.py.png,1,0,0.5003955960273743,0.49960440397262573
test,v1_78_content_CalebABG_PyLSecureP2P_p2putils.py.png,1,1,0.4953996539115906,0.5046003460884094
test,7_content_GabrielBortolote_BFS-and-DFS-Tree_BFS.py.png,0,0,0.5099518001079559,0.49004819989204407
test,2_content_ChangRenAU_Logistic-Regression-With-Stochastic-Gradient-Aescent_LR_classify.py.png,0,1,0.46038562059402466,0.5396143794059753
test,v1_22_content_harpreetsi_DataStructureImpl_StackImplUsingArrayTest.py.png,1,1,0.4677489399909973,0.5322510600090027
test,v1_16_content_rachwong_One-time-pad-code-_Word_guesser_2_.py.png,1,1,0.4640533924102783,0.5359466075897217
test,32_content_ceyzaguirre4_AStar_A.py.png,0,1,0.43516242504119873,0.5648375749588013
test,v1_31_content_AmitD26_The-searching-pacman_projectParams.py.png,1,0,0.5993222594261169,0.40067774057388306
test,3_content_WDI-SEA_python-linked-lists_linkedlist-test.py.png,0,0,0.5123561024665833,0.48764389753341675
test,35_content_riccardobisori_Binary-Trees_ResultsInsert.py.png,0,1,0.477824866771698,0.522175133228302
test,v1_28_content_IPDT_car_review_k-means_clustering_word_freq.py.png,1,0,0.5251409113407135,0.4748590886592865
test,40_content_cofinley_sudoku_cell.py.png,0,0,0.503583550453186,0.49641644954681396
test,51_content_adityapatelgithub_Expressions-and-Functions_evaluate.py.png,0,0,0.5397910475730896,0.4602089524269104
test,v1_3_content_victornguyen75_x-factor_source.py.png,1,0,0.501780241727829,0.498219758272171
test,v1_41_content_Daisy0828_Search_dgraph.py.png,1,1,0.47199082374572754,0.5280091762542725
test,10_content_edwardj728_sequences_project_sequences.py.png,0,1,0.44327741861343384,0.5567225813865662
test,21_content_jmintel7_linked_list_linked_list.py.png,0,0,0.5099311769008636,0.49006882309913635
test,v1_46_content_gabysoares_PythonBubbleSort_ResultTable.py.png,1,1,0.48929470777511597,0.510705292224884
test,v1_23_content_xaviergoby_ConvLSTM-Computer-Vision-for-Structural-Health-Monitoring-SHM-and-NonDestructive-Testing-NDT_settings.py.png,1,0,0.5181138813495636,0.4818861186504364
test,74_content_MarynaTatsevich_Machine-Learning-Unsupervised-Learning-Techniques_hierarchical_clustering_algorithm.py.png,0,1,0.49327218532562256,0.5067278146743774
test,v1_28_content_ckeshava_Enhanced-Diffie-Hellman-Protocol_wrapper.py.png,1,0,0.514914870262146,0.485085129737854
test,43_content_muhamuttaqien_python-data-structure_heap.py.png,0,0,0.5145047903060913,0.4854952096939087
test,v1_54_content_gly11_Sort_sort_numbers.py.png,1,0,0.5181998908519745,0.4818001091480255
test,16_content_sharatchandraj_MaxBandwidthPath_DijkstrasNoHeap.py.png,0,0,0.5029602348804474,0.4970397651195526
test,v1_1_content_jim-spyropoulos_Trajectory-Analysis-and-Classification-in-Python-Pandas-and-Scikit-Learn_down_left_point.py.png,1,1,0.4580860733985901,0.5419139266014099
test,v1_1_content_anthonyzhub_One-Time-Pad_One-Time_Pad.py.png,1,1,0.4762333035469055,0.5237666964530945
test,v1_74_content_OstapKuch_Lab_01_alg_sort.py.png,1,1,0.48124241828918457,0.5187575817108154
test,5_content_anguillanneuf_bigO_38_rabin_karp.py.png,0,0,0.5154712200164795,0.4845287799835205
test,v1_6_content_andrewcsmith_tf_infinite_ramble_similarity_matrix.py.png,1,1,0.4970592260360718,0.5029407739639282
test,27_content_ashwinvis98_Particle-Swarm-Optimization-for-Robotic-Search-Applications_aruco_detect.py.png,0,0,0.5260933041572571,0.4739066958427429
test,86_content_Enkhai_simple-DES_encryption.py.png,0,1,0.47885215282440186,0.5211478471755981
test,v1_8_content_haozou-official_DFS-BFS-in-Maze_myqueue.py.png,1,1,0.4687168598175049,0.5312831401824951
test,v1_85_content_TheSuri_Dijsktras_shortest_path.py.png,1,0,0.5072668790817261,0.4927331209182739
test,v1_9_content_Boros93_GraphProject_test_prim.py.png,1,1,0.46129971742630005,0.5387002825737
test,v1_36_content_OneWinged-Eagle_spotimy_getArtists.py.png,1,1,0.490670382976532,0.509329617023468
test,2_content_athul-dev_regression-models_multivariate-linear-regression.py.png,0,0,0.5365266501903534,0.4634733498096466
test,24_content_lesdev_SortingMethods_merge.py.png,0,1,0.49177515506744385,0.5082248449325562
test,v1_10_content_taneesh28_Linear-search_linear_search.py.png,1,1,0.4931243658065796,0.5068756341934204
test,71_content_logyball_public_private_encryption_driver.py.png,0,0,0.500367134809494,0.499632865190506
test,v1_40_content_jcarstenson_parallel_final_performanceTest.py.png,1,0,0.5027393102645874,0.4972606897354126
test,v1_23_content_binaya07_8-puzzle_queue.py.png,1,1,0.48131632804870605,0.518683671951294
test,13_content_trsavi_Largest-Common-Sequence_subSequence.py.png,0,0,0.5301333665847778,0.46986663341522217
test,v1_11_content_kirokuan_Idf-tf-DocCompare_VectorSpace.py.png,1,1,0.45984363555908203,0.540156364440918
test,6_content_greed2411_LCS_try.py.png,0,1,0.48727619647979736,0.5127238035202026
test,v1_15_content_ronma1_Dijkstra_graph_algo.py.png,1,1,0.49698662757873535,0.5030133724212646
test,v1_70_content_metr0jw_video-liveness-measurement_video_cut_bts.py.png,1,1,0.4960847496986389,0.5039152503013611
test,13_content_FlorentF9_DESOM_sharpness.py.png,0,1,0.4618939161300659,0.5381060838699341
test,v1_75_content_maxilevi_airport-system_graph.py.png,1,0,0.5144708752632141,0.4855291247367859
test,2_content_moluronghuakai_outlier-analysis_feature.py.png,0,1,0.4712567925453186,0.5287432074546814
test,v1_2_content_yyqcs_time-series-model_encoder_decoder_fullv-1.py.png,1,0,0.5308951437473297,0.4691048562526703
test,1_content_jim-spyropoulos_Trajectory-Analysis-and-Classification-in-Python-Pandas-and-Scikit-Learn_down_left_point.py.png,0,1,0.45802032947540283,0.5419796705245972
test,v1_31_content_alonek1_huffman_compression_algorithm_haffmen.py.png,1,1,0.4869261384010315,0.5130738615989685
test,2_content_laendle1999_NasceUmAEstrela_TipoNo.py.png,0,1,0.46226435899734497,0.537735641002655
test,v1_3_content_Frogboxe_BubbleSort_GapiExtend.py.png,1,0,0.557087630033493,0.44291236996650696
test,v1_2_content_swapnilg915_cosine_similarity_using_embeddings_spacy_embeddings.py.png,1,1,0.497104287147522,0.502895712852478
test,v1_57_content_mercury0100_pynb_pynb.py.png,1,1,0.4676193594932556,0.5323806405067444
test,8_content_andersonlthome_floyd-warshall-algorithm_floyd_warshall.py.png,0,0,0.5305630266666412,0.46943697333335876
test,19_content_tanishqjasoria_elliptic_curve_cryptography_mod.py.png,0,1,0.497830331325531,0.502169668674469
test,10_content_sushant097_Chatbot-using-Python-NLTK-_ChatBot.py.png,0,1,0.41666293144226074,0.5833370685577393
validation,12_content_ikraj5120_Linear_Search_Linear_search.py.png,0,0,0.5448712706565857,0.4551287293434143
validation,v1_14_content_Robo-Sapien_Maze-Perilous-Real-Time-Implemention-of-Dijkstra-Algorithm_pixel_values.py.png,1,1,0.4584147334098816,0.5415852665901184
validation,v1_99_content_mincanhe_Network-routing-protocol_Dijkstra.py.png,1,1,0.40896517038345337,0.5910348296165466
validation,v1_11_content_XlogicX_Fibonacci_fib.py.png,1,1,0.4651338458061218,0.5348661541938782
validation,v1_14_content_Dawlatly_Recommender-system_manage.py.png,1,0,0.5573826432228088,0.44261735677719116
validation,v1_11_content_sidmishraw_cs-267-project_main.py.png,1,1,0.4700801968574524,0.5299198031425476
validation,27_content_AlpCentaur_Diffie-Hellman-Implementation_Attack.py.png,0,1,0.44900983572006226,0.5509901642799377
validation,v1_11_content_kousu_primes_cubesieve_explore.py.png,1,1,0.4644538164138794,0.5355461835861206
validation,9_content_Soumyabrata_predicting-pwv_pwv_forecasting.py.png,0,1,0.437481164932251,0.562518835067749
validation,v1_8_content_rianlian7_FibonacciSequence-Python-Tk_Fibonacci_Sequence.py.png,1,0,0.500728189945221,0.49927181005477905
validation,v1_8_content_16chuang_CS161_Project_CLCSSlow.py.png,1,0,0.504077285528183,0.495922714471817
validation,44_content_nathanthomashoang_fibonacci-sequence-recursive_fibonacci_recursive.py.png,0,0,0.5316253304481506,0.46837466955184937
validation,5_content_Abdallah-Elshamy_floyd-warshall_APSP-Floyd_Warshall.py.png,0,1,0.4441286325454712,0.5558713674545288
validation,v1_10_content_stensonowen_factorial_bot_text2num.py.png,1,1,0.44908422231674194,0.5509157776832581
validation,v1_12_content_ianscottknight_Predicting-Myers-Briggs-Type-Indicator-with-Recurrent-Neural-Networks_separate_clean_and_unclean.py.png,1,1,0.4522765278816223,0.5477234721183777
validation,v1_3_content_renyuntao_Floyd_Warshall_floyd.py.png,1,0,0.5046604871749878,0.4953395128250122
validation,6_content_chiragragarwal_Graphs_And_Networks___init__.py.png,0,0,0.5939840078353882,0.4060159921646118
validation,v1_10_content_ajcse1_Predicting_Picture_Orientation_NeuralNetwork_predict.py.png,1,1,0.49668121337890625,0.5033187866210938
validation,13_content_Ade-Adeleke_KruskalAlg_Kruskal_Algorithm__1_.py.png,0,0,0.5071318745613098,0.4928681254386902
validation,61_content_AaronRobson_sequences_triangle_numbers.py.png,0,0,0.5534948110580444,0.44650518894195557
validation,v1_6_content_yashambre_Document-Matching-Algorithm_DM.py.png,1,0,0.5147451758384705,0.48525482416152954
validation,8_content_chiragragarwal_Graphs_And_Networks_numpy_help.py.png,0,0,0.5249232053756714,0.4750767946243286
validation,43_content_Warriorchief_Euler34_DigitFactorials_Euler34_Digit_Factorials.py.png,0,1,0.48874473571777344,0.5112552642822266
validation,30_content_rogerdenisvieira_bidirectional-conditional-insertion-sort_main.py.png,0,1,0.47125256061553955,0.5287474393844604
validation,20_content_dexhug_ciphers_one_time_pad.py.png,0,1,0.4977750778198242,0.5022249221801758
validation,1_content_josgard94_JPEG_Algoritmo_jpeg.py.png,0,1,0.4699791669845581,0.5300208330154419
validation,v1_3_content_iykadev_pyalgo_knuths_algo.py.png,1,0,0.519803524017334,0.480196475982666
validation,v1_3_content_Avinash793_FPGrowth-and-Apriori-algorithm-Association-Rule-Data-Mining_Apriori-algorithm-using-HashTree.py.png,1,1,0.47676122188568115,0.5232387781143188
validation,v1_10_content_analyticsbot_document-similarity_document_similarity_WMD.py.png,1,0,0.503855288028717,0.49614471197128296
validation,v1_4_content_alex-rantos_Project-1-Search-in-Pacman_ghostAgents.py.png,1,1,0.48700833320617676,0.5129916667938232
validation,v1_2_content_CthulhuDen_Factorials_slaves.py.png,1,0,0.5391207933425903,0.46087920665740967
validation,12_content_ianscottknight_Predicting-Myers-Briggs-Type-Indicator-with-Recurrent-Neural-Networks_separate_clean_and_unclean.py.png,0,1,0.4995681047439575,0.5004318952560425
validation,18_content_kandapagari_NaiveBayes_Naive_bayes.py.png,0,1,0.481661319732666,0.518338680267334
validation,v1_42_content_isneace_Binary-Search-Algorithm_Lab2.py.png,1,1,0.4738994836807251,0.5261005163192749
validation,v1_14_content_akozlu_Uninformed-Search-_lights_out_gui.py.png,1,1,0.4443103075027466,0.5556896924972534
validation,v1_32_content_jtuckerk_oscar_prediction_full_featureset_prediction.py.png,1,0,0.5311927497386932,0.46880725026130676
validation,v1_ 1_content_nageshsinghc4_stock-market-forecasting_ZBH_stock.py.png,1,1,0.4706268906593323,0.5293731093406677
validation,9_content_tusharnema_Implementing-Algorithms-in-python_mypythontree.py.png,0,1,0.43669968843460083,0.5633003115653992
validation,24_content_GrayHat12_Desktop-GrayBot_lyrics.py.png,0,1,0.460239052772522,0.539760947227478
validation,v1_33_content_gquintela_bfs_graph.py.png,1,0,0.508136659860611,0.49186334013938904
validation,v1_10_content_kllinzy_Elliptic-Curve-Cryptography_point.py.png,1,1,0.49061381816864014,0.5093861818313599
validation,v1_2_content_ZatinMe_Python-Search-engine_buildindex.py.png,1,1,0.4546351432800293,0.5453648567199707
validation,v1_47_content_saladcat_Huffman_Form1.py.png,1,1,0.49884623289108276,0.5011537671089172
validation,v1_24_content_lesdev_SortingMethods_Insertion.py.png,1,0,0.5340913832187653,0.46590861678123474
validation,v1_25_content_unifiprojects_TemporalGraphs_DFS-v1.py.png,1,1,0.4874386191368103,0.5125613808631897
validation,v1_18_content_deeptavker_Vortex_Spin_Down_post_proc_TVF.py.png,1,0,0.5035692155361176,0.49643078446388245
validation,12_content_AtahanCelebi_Shortest-Route-with-Floyd-Warshall-Algorithm_map_distance.py.png,0,1,0.49727654457092285,0.5027234554290771
validation,v1_20_content_UAvinash7_Cryptography_SymmmetricAESAlogrithm.py.png,1,1,0.49202781915664673,0.5079721808433533
validation,54_content_pr1998_Student_Management_System_main.py.png,0,1,0.494027316570282,0.505972683429718
validation,14_content_Qutuf_Qutuf_manage.py.png,0,0,0.5573057532310486,0.4426942467689514
validation,31_content_Cadellinman_RB-EmailSorter_RedBubbleSorter.py.png,0,1,0.47541409730911255,0.5245859026908875
validation,3_content_Svistoplyaz_Uniformly_Generating_Binary_Trees_main.py.png,0,0,0.5244494080543518,0.4755505919456482
validation,3_content_coreymyster_linked-lists_stack.py.png,0,1,0.4793325662612915,0.5206674337387085
validation,v1_99_content_MatheusMuriel_ProgramacaoDinamica_fib_rec_memorization.py.png,1,1,0.4940192699432373,0.5059807300567627
validation,v1_2_content_nrohani_AssosiationRules_TransactionEncoder.py.png,1,1,0.46347612142562866,0.5365238785743713
validation,5_content_anguillanneuf_bigO_28_valid_bst.py.png,0,1,0.4775736927986145,0.5224263072013855
validation,5_content_alisarmusa_House-Price-Estimation_housePriceEstimation.py.png,0,1,0.4995843172073364,0.5004156827926636
validation,v1_27_content_KyleSeaman201_Ordered-Linked-List_Ordered_Linked_List.py.png,1,1,0.42316943407058716,0.5768305659294128
validation,v1_48_content_PhilGrogan_fibonacci_fibonacci.py.png,1,0,0.5009218156337738,0.4990781843662262
validation,v1_15_content_leni1_python-fizzbuzz_fizzbuzz.py.png,1,0,0.534569263458252,0.46543073654174805
validation,8_content_lucasmullerm_turing-machine-fibonacci_tm.py.png,0,1,0.487773060798645,0.512226939201355
validation,v1_1_content_abx67_Algorithms_mergesort.py.png,1,1,0.44350939989089966,0.5564906001091003
validation,v1_6_content_muhammadhabibi_CBS01_NaiveBayesNLTK.py.png,1,0,0.5260213911533356,0.47397860884666443
validation,v1_25_content_jimmy-ly00_DHE-prime-grabber_find_primes.py.png,1,1,0.49381446838378906,0.5061855316162109
validation,v1_29_content_za101_Stock-Market-Prediction-using-a-Hybrid-Model_source.py.png,1,0,0.5495646893978119,0.4504353106021881
validation,v1_21_content_emilystamm_aes-ecb-attacks_aes_ecb_oracle.py.png,1,1,0.4838704466819763,0.5161295533180237
validation,v1_17_content_yujiex9_LinkedList_reorder_linkedlist.py.png,1,0,0.5034509599208832,0.4965490400791168
validation,v1_34_content_robinkthomas_DFS1_authentication.py.png,1,0,0.5005302131175995,0.4994697868824005
validation,v1_7_content_tsingh94_Bellman-Ford-and-Floyd-Warshall-Algorithms_Shortestdistance_graph_algos.py.png,1,0,0.50696662068367,0.49303337931632996
validation,v1_1_content_abhilampard_Simple-Plagiarism-Checker_plag.py.png,1,0,0.523139238357544,0.47686076164245605
validation,v1_44_content_eastxe_cosine-knn_knn.py.png,1,1,0.4975318908691406,0.5024681091308594
validation,v1_23_content_binaya07_8-puzzle_stack.py.png,1,1,0.4783949851989746,0.5216050148010254
validation,43_content_hraizes_Sorting_SortingPractice.py.png,0,1,0.4966273903846741,0.5033726096153259
validation,v1_30_content_pwneip_fibonacci_fibonacci.py.png,1,1,0.46583956480026245,0.5341604351997375
validation,3_content_iykadev_pyalgo_anagram2.py.png,0,0,0.5544562041759491,0.4455437958240509
validation,15_content_leni1_python-fizzbuzz_fizzbuzz.py.png,0,0,0.520186185836792,0.479813814163208
validation,v1_4_content_wazzaarvind_Clustering-Algorithms_reducer.py.png,1,0,0.5120313763618469,0.4879686236381531
validation,20_content_FMI-VT_Simplest-OT-Python-Implementation_OT.py.png,0,0,0.5086575448513031,0.4913424551486969
validation,v1_8_content_minjiang93_ECC_ecc.py.png,1,1,0.4682857394218445,0.5317142605781555
validation,v1_25_content_aajanki_finnish-pos-accuracy_download_models.py.png,1,1,0.4773043394088745,0.5226956605911255
validation,v1_16_content_davda54_pytorch-transformer-lemmatization_predict.py.png,1,1,0.4839109778404236,0.5160890221595764
validation,v1_23_content_git-remove_OTP-Decipher_decipher.py.png,1,1,0.4792805314064026,0.5207194685935974
validation,v1_8_content_chiragragarwal_Graphs_And_Networks_numpy_help.py.png,1,0,0.5071918666362762,0.49280813336372375
validation,v1_4_content_mast-group_OpenVocabCodeNLM_create_subtoken_data.py.png,1,1,0.48218393325805664,0.5178160667419434
validation,v1_61_content_hlalit_Data-Structures-Python_BinaryTree.py.png,1,1,0.4828786849975586,0.5171213150024414
validation,v1_12_content_ianscottknight_Predicting-Myers-Briggs-Type-Indicator-with-Recurrent-Neural-Networks_rnn.py.png,1,0,0.5259469449520111,0.4740530550479889
validation,v1_52_content_MAXERS19_Clustering_KMeansAI.py.png,1,1,0.44992369413375854,0.5500763058662415
validation,9_content_singgihnft_BFS-and-DFS_Breadth_First_Search.py.png,0,1,0.4707412123680115,0.5292587876319885
validation,15_content_VakinduPhilliam_Pattern_Matching_Python_Fnmatch_Translate.py.png,0,0,0.5233214497566223,0.4766785502433777
validation,v1_12_content_eyalr0_AES-Cryptoanalysis_plotRB.py.png,1,0,0.5080838799476624,0.49191612005233765
validation,2_content_Ap1402_floydWarshall_floyd.py.png,0,1,0.45159101486206055,0.5484089851379395
validation,v1_20_content_dexhug_ciphers_polyalphabetic_cipher.py.png,1,1,0.47501081228256226,0.5249891877174377
validation,v1_20_content_anowarh2514_Linear-Search-Algorithm-in-Python_linear_search.py.png,1,1,0.48280781507492065,0.5171921849250793
validation,v1_4_content_mincanhe_Network-routing-protocol_heap.py.png,1,1,0.44724828004837036,0.5527517199516296
validation,v1_24_content_Patrik-Stas_kata-bst-tree_bst_ll.py.png,1,1,0.4763311743736267,0.5236688256263733
validation,1_content_MuricanCoderVersionTwo_Factorial-Calculation_Factorial.py.png,0,1,0.45642125606536865,0.5435787439346313
validation,v1_24_content_Brew8it_Python_DHAES_server.py.png,1,1,0.46942275762557983,0.5305772423744202
validation,55_content_siddbhatia07_MACHINE-LEARNING_Simple_linear_regression.py.png,0,0,0.5269629061222076,0.47303709387779236
validation,2_content_polyphilz_pricing-weather-derivatives_clean_data.py.png,0,1,0.473193883895874,0.526806116104126
validation,12_content_byu014_all-pairs-shortest-path_allPairsShortestPath.py.png,0,0,0.5266805291175842,0.47331947088241577
validation,3_content_iykadev_pyalgo_deepFirstSearch.py.png,0,0,0.584512323141098,0.415487676858902
validation,v1_28_content_surgoku_sentiment_analysis_knn_submission.py.png,1,0,0.5059709846973419,0.4940290153026581
validation,v1_1_content_farizrahman4u_huffmax_test_training_speed.py.png,1,1,0.48775404691696167,0.5122459530830383
validation,v1_16_content_SemyonMakhaev_elliptic-curve_main.py.png,1,1,0.46599745750427246,0.5340025424957275
validation,35_content_dharan-s_Data_Structure_Python_LLPalindrome.py.png,0,1,0.4694812297821045,0.5305187702178955
validation,v1_12_content_dxania_Fizzbuzz_fizzbuzz_tests.py.png,1,1,0.4805335998535156,0.5194664001464844
validation,7_content_jakobpederson_divisible_pair_sums_divisible_pair_sums.py.png,0,0,0.5447288751602173,0.4552711248397827
validation,v1_11_content_yuvalkif_NaiveBayes_NaiveBayes.py.png,1,1,0.457499623298645,0.542500376701355
validation,v1_2_content_cvwilliams_BellmanFord-Python_client.py.png,1,1,0.48230791091918945,0.5176920890808105
validation,8_content_chiragragarwal_Graphs_And_Networks_ReadGraph.py.png,0,0,0.5513502061367035,0.4486497938632965
validation,v1_9_content_singgihnft_BFS-and-DFS_Breadth_First_Search.py.png,1,1,0.4915617108345032,0.5084382891654968
validation,v1_4_content_Askjensen_scikittf-idfNLTK_str_func.py.png,1,0,0.5152018666267395,0.4847981333732605
validation,v1_2_content_shreya21rathi_Longest-Common-Subsequence_lcs.py.png,1,1,0.4858171343803406,0.5141828656196594
validation,54_content_wenlin-koh_K-Means-Clustering---python_kmeans.py.png,0,1,0.49138158559799194,0.5086184144020081
validation,v1_3_content_iykadev_pyalgo_prime_numbers.py.png,1,0,0.5464985370635986,0.45350146293640137
validation,12_content_vidya_digit-factorial-chain_test_digitfactorialchain.py.png,0,1,0.4999648332595825,0.5000351667404175
validation,11_content_Hyperparticle_LemmaTag_lemmatag.py.png,0,0,0.5984014272689819,0.40159857273101807
validation,v1_3_content_manishjathan_Money-laundering-Detection-System_GraphAnalysis.py.png,1,1,0.4706171751022339,0.5293828248977661
validation,14_content_LOOPPO_INS_MERGE_sort_insertionSort.py.png,0,0,0.5567349791526794,0.44326502084732056
validation,25_content_aajanki_finnish-pos-accuracy_print_errors.py.png,0,1,0.4954459071159363,0.5045540928840637
validation,38_content_taesungp_pytorch-kmeans-init_demo.py.png,0,1,0.406358003616333,0.593641996383667
validation,v1_36_content_happycupofjava_Machine-Learning--Stock-Market-Prediction-using-ARIMA-Model_final_under_work.py.png,1,0,0.503792017698288,0.49620798230171204
validation,36_content_mskroar18_GraphWizard_edge.py.png,0,0,0.5982291996479034,0.40177080035209656
validation,73_content_kamil-owczarek_sorter_sorter.py.png,0,1,0.46350425481796265,0.5364957451820374
validation,v1_44_content_Ian-OBrien-503_sort_analysis_selection_sort.py.png,1,1,0.49712467193603516,0.5028753280639648
validation,24_content_lesdev_SortingMethods_sequential.py.png,0,1,0.4978288412094116,0.5021711587905884
validation,v1_5_content_brown9804_Python_DiversosAlgortimos_CreandoMatrizApartirTXT.py.png,1,0,0.5234756469726562,0.47652435302734375
validation,v1_12_content_aabulhaj_SpectralClustering_spectral_clustering.py.png,1,1,0.4703589081764221,0.5296410918235779
validation,v1_5_content_harshdarji22_crypto_index.py.png,1,0,0.5147236585617065,0.48527634143829346
validation,2_content_johndoe31415_toyecc_ed25519test.py.png,0,0,0.5369259715080261,0.4630740284919739
validation,v1_23_content_jfb125_pythonLinkedLists_ex13.py.png,1,0,0.52632275223732,0.47367724776268005
validation,4_content_BenCashman_Linear-Search_linear_search.py.png,0,1,0.4965451955795288,0.5034548044204712
validation,v1_67_content_GilbyScarChest_Fibonacci_API_app.py.png,1,0,0.5200268924236298,0.47997310757637024
validation,v1_23_content_eW1z4rd_AES-File-Encryptor_FileEncryptor.py.png,1,0,0.5055968165397644,0.4944031834602356
validation,v1_3_content_iykadev_pyalgo_VertexGraph.py.png,1,1,0.47228068113327026,0.5277193188667297
validation,31_content_tobymyers_codingthematrix_bitutil.py.png,0,1,0.45080506801605225,0.5491949319839478
validation,16_content_sanjay3001_Search-in-python_linear_search.py.png,0,1,0.48395490646362305,0.516045093536377
validation,40_content_kurosh-wss_Insersion-Sort_insertionSort.py.png,0,1,0.49265140295028687,0.5073485970497131
validation,v1_66_content_SanyaKathuria10_StackOverflow-Keyword-Extraction-System_spark.py.png,1,1,0.4260171055793762,0.5739828944206238
validation,18_content_theorisons_loto_analyse.py.png,0,0,0.5188246071338654,0.48117539286613464
validation,8_content_uzzielc_Document_Similarity_using_TF-IDF_with_Cosine_Dist_article.py.png,0,0,0.5481256544589996,0.45187434554100037
validation,v1_2_content_Rookieprogrammer521_Kruskal_Kruskal.py.png,1,1,0.49044591188430786,0.5095540881156921
validation,v1_13_content_danielSbastos_binary-fibonacci_transpose.py.png,1,0,0.5414194762706757,0.45858052372932434
validation,v1_10_content_selden-lin_python_huffman_tree_decompressor_nodes.py.png,1,0,0.5121796131134033,0.4878203868865967
validation,3_content_iykadev_pyalgo_3plus1.py.png,0,0,0.5544270277023315,0.44557297229766846
validation,17_content_jb0xx_decrypt-onetimepad_texthelper.py.png,0,0,0.5174004137516022,0.4825995862483978
validation,v1_1_content_dedeco_dijkstra-bellman-ford_teste_cormen_djt.py.png,1,1,0.45912694931030273,0.5408730506896973
validation,v1_15_content_Skyblueballykid_SPX-Arima-model_SPX.py.png,1,0,0.5698735117912292,0.43012648820877075
validation,1_content_SiccoVerwer_binoct_regtrees.py.png,0,1,0.47938358783721924,0.5206164121627808
validation,5_content_adamweissert_PythonLinearSearch_LinearSearch.py.png,0,1,0.45029109716415405,0.549708902835846
validation,70_content_crackcomm_mofn-encryption_encryption.py.png,0,1,0.49434447288513184,0.5056555271148682
validation,v1_8_content_robinbg_search-engine_se.py.png,1,1,0.48786258697509766,0.5121374130249023
validation,v1_5_content_AdamJacoby_Hopf_Example_GeneralizedDihedralGroup.py.png,1,1,0.49734067916870117,0.5026593208312988
validation,36_content_happycupofjava_Machine-Learning--Stock-Market-Prediction-using-ARIMA-Model_final_under_work.py.png,0,0,0.5144851207733154,0.48551487922668457
validation,v1_15_content_leni1_python-fizzbuzz_fizzbuzz_test.py.png,1,1,0.485334575176239,0.514665424823761
validation,v1_8_content_harshithachidanand_Elliptic-Curve-Cryptography_pollard_rho.py.png,1,1,0.4909593462944031,0.5090406537055969
validation,v1_24_content_Jagdishkharatmol_Sorting-techniques-_pythonin.py.png,1,1,0.4722384214401245,0.5277615785598755
validation,v1_44_content_anhlpham_kmeans_Femodel_T-sne_pape.py.png,1,1,0.49450749158859253,0.5054925084114075
validation,v1_2_content_vineetkia_Fundamentals-Of-Cryptography__6_-Columnar_Transposition.py.png,1,1,0.4848591089248657,0.5151408910751343
validation,3_content_iykadev_pyalgo_VertexGraph.py.png,0,1,0.49409282207489014,0.5059071779251099
validation,10_content_ko-hii_EASY-Elliptic-curve-cryptography_rho.py.png,0,0,0.5105392932891846,0.48946070671081543
validation,v1_3_content_iykadev_pyalgo_anagram3.py.png,1,0,0.5043998062610626,0.4956001937389374
validation,8_content_gustavo-ren_PolynomialRegressionPython_polynomialRegression.py.png,0,1,0.47480422258377075,0.5251957774162292
validation,v1_52_content_jitunayak_Tensorflow-object-recognition-GUI-DesktopApp_split.py.png,1,1,0.4716989994049072,0.5283010005950928
validation,10_content_bradib0y_searchalgorithms_io.py.png,0,0,0.5280377566814423,0.47196224331855774
validation,v1_36_content_OneWinged-Eagle_spotimy_getFeatures.py.png,1,1,0.49366438388824463,0.5063356161117554
validation,v1_1_content_aviralmathur_Word2Vec_SKU_Desc.py.png,1,0,0.5065073072910309,0.4934926927089691
validation,v1_8_content_fepz_AyCC_disjoint_set.py.png,1,0,0.541191428899765,0.458808571100235
validation,v1_1_content_sadnessFree_arima-lstm_combine-linear.py.png,1,0,0.5102093815803528,0.4897906184196472
validation,7_content_PotatoSpudowski_The-centralized-guide-to-distributed-storage-and-processing-of-big-data_13_makerspace_analysis.py.png,0,1,0.4525657892227173,0.5474342107772827
validation,15_content_jknight1725_linear_search_vs_random_search_worst_case.py.png,0,1,0.499642014503479,0.500357985496521
validation,v1_48_content_TeddyBoomer_grapheMPM_test_subgraphs.py.png,1,1,0.46171724796295166,0.5382827520370483
validation,v1_2_content_Madeeha-Anjum_Box_Head_testing_BFS.py.png,1,0,0.5206426382064819,0.47935736179351807
validation,17_content_y00273676_O2O_ERP_Server_app.py.png,0,1,0.46800553798675537,0.5319944620132446
validation,1_content_pranav-dahiya_NaiveBayes_vocabulary.py.png,0,0,0.5289822816848755,0.4710177183151245
validation,10_content_Chinmay-395_AES-algorithm-using-GUI_CNSmini1.py.png,0,1,0.4577389359474182,0.5422610640525818
validation,23_content_uthea_lemmatizer_test_lemma.py.png,0,1,0.48177218437194824,0.5182278156280518
validation,1_content_Chunning-Zhou_MILPBasedSearchAlgorithmDiff_parameter.py.png,0,0,0.5890392661094666,0.41096073389053345
validation,v1_32_content_mahtabfarrokh_classic-search_Astar.py.png,1,1,0.468397319316864,0.531602680683136
validation,13_content_frederikpietzko_fun_with_python_prime_factorization.py.png,0,0,0.5006700754165649,0.49932992458343506
validation,18_content_NegarMirgati_CodingAndErrorDetection_All.py.png,0,1,0.4971698522567749,0.5028301477432251
validation,72_content_tusharnema_Implementing-Algorithms-in-python_adj_list.py.png,0,1,0.4237900376319885,0.5762099623680115
validation,v1_18_content_10elements_BinaryTree_binaryTree.py.png,1,0,0.5095013380050659,0.4904986619949341
validation,v1_22_content_N8Brooks_lcs_hash_search_lcs_finder.py.png,1,0,0.5049126744270325,0.49508732557296753
validation,5_content_gupta-shantanu_huffman_compress.py.png,0,1,0.4553033113479614,0.5446966886520386
validation,2_content_JoshuaEbenezer_huffman_encoding_huffman.py.png,0,1,0.4566829204559326,0.5433170795440674
validation,v1_13_content_ToonBlok_LinkedList_test_pylinkedlist.py.png,1,1,0.4856412410736084,0.5143587589263916
validation,v1_9_content_Soumyabrata_predicting-pwv_pwv_forecasting.py.png,1,1,0.48113107681274414,0.5188689231872559
validation,17_content_skvorekn_arima_model.py.png,0,0,0.6044974625110626,0.3955025374889374
validation,49_content_pranurs_regression-model_main.py.png,0,0,0.5024701654911041,0.4975298345088959
validation,87_content_tej06_NaiveBayes-Classification_training.py.png,0,0,0.5502981841564178,0.44970181584358215
validation,12_content_MarynaTatsevich_Machine-Learning-Regression-Techniques_Simple_Linear_Regression.py.png,0,0,0.5199293792247772,0.4800706207752228
validation,v1_1_content_nilsonneto_floydWarshall_main.py.png,1,1,0.462512731552124,0.537487268447876
validation,6_content_bclark2_Ordered-Linear-Search_orderedLinearSearch.py.png,0,1,0.45767027139663696,0.542329728603363
validation,v1_14_content_jonathanchang97_ThatsJustTheWazeItIs_car.py.png,1,0,0.5166544020175934,0.4833455979824066
validation,v1_3_content_mightydeveloper_Deep-Compression-PyTorch_pruning.py.png,1,0,0.50888991355896,0.49111008644104004
validation,v1_7_content_anderspkd_broken-one-time-pad_somecode.py.png,1,1,0.45565682649612427,0.5443431735038757
validation,36_content_OneWinged-Eagle_spotimy_getArtists.py.png,0,1,0.49931198358535767,0.5006880164146423
validation,v1_8_content_chiragragarwal_Graphs_And_Networks_ReadGraph.py.png,1,0,0.5674436688423157,0.4325563311576843
validation,6_content_chiragragarwal_Graphs_And_Networks_numpy_help.py.png,0,0,0.5475271940231323,0.4524728059768677
validation,v1_10_content_aponce12_Lab6-B_Lab6.py.png,1,1,0.45244014263153076,0.5475598573684692
validation,v1_21_content_jakubsilhavy_mhhc_config.py.png,1,1,0.49496549367904663,0.5050345063209534
validation,v1_3_content_iykadev_pyalgo_anagram2.py.png,1,0,0.5151950716972351,0.4848049283027649
validation,v1_96_content_catirado_MachineLearning_kmeans.py.png,1,1,0.4664018750190735,0.5335981249809265
validation,v1_5_content_AdamJacoby_Hopf_Frobenius_Tools.py.png,1,1,0.47364866733551025,0.5263513326644897
validation,1_content_Chunning-Zhou_MILPBasedSearchAlgorithmDiff_function.py.png,0,0,0.6743382215499878,0.3256617784500122
validation,v1_5_content_AdamJacoby_Hopf_Frobenius_Divisibility_Algorithm.py.png,1,1,0.4843650460243225,0.5156349539756775
validation,14_content_Alexander35_fibonacci_sequence_fibonacci_tests.py.png,0,0,0.5136213302612305,0.48637866973876953
validation,v1_20_content_kristianespina_python-binary-search-tree_binary_search_tree.py.png,1,1,0.4596850275993347,0.5403149724006653
validation,v1_11_content_reo11_aes-for-japanese-learner_predict_with_bert.py.png,1,0,0.5102015435695648,0.4897984564304352
validation,v1_4_content_Ityer_3x3_Squared_Magic_Square_Finder_randomGuessing_OLD.py.png,1,0,0.5142123699188232,0.48578763008117676
validation,14_content_b-hub_cracker_mcen.py.png,0,1,0.44474589824676514,0.5552541017532349
validation,v1_12_content_aabulhaj_SpectralClustering_synthetic_data.py.png,1,1,0.4617873430252075,0.5382126569747925
validation,14_content_Qutuf_Qutuf_urls.py.png,0,0,0.6129312515258789,0.3870687484741211
validation,v1_24_content_Brew8it_Python_DHAES_AES.py.png,1,0,0.5116500556468964,0.48834994435310364
validation,v1_73_content_hoopghetto_dfs-optimizer_settings.py.png,1,0,0.5064996480941772,0.49350035190582275
validation,4_content_Khante_Distance-Vector-Algorithm_link_1.py.png,0,0,0.5050432085990906,0.4949567914009094
validation,v1_15_content_VakinduPhilliam_Pattern_Matching_Python_Difflib_Pattern_Matching_SequenceMatcher.py.png,1,0,0.5320824980735779,0.4679175019264221
validation,v1_10_content_subashgandyer_Anti-mirror-Apriori_CSVtoLIST_def.py.png,1,0,0.5063167810440063,0.49368321895599365
validation,15_content_elkozmon_otp_test_otp.py.png,0,0,0.5718533098697662,0.42814669013023376
validation,3_content_iykadev_pyalgo_execute_a_markov_algo.py.png,0,0,0.5028633773326874,0.4971366226673126
validation,49_content_andreanndrade10_Huffman-Compressor_huffman.py.png,0,1,0.4601004719734192,0.5398995280265808
validation,v1_2_content_AllanLa_LongestCommonSubsequence_LCS.py.png,1,1,0.4762726426124573,0.5237273573875427
validation,1_content_jwan659_forex-arbitrage_Edges.py.png,0,0,0.5736993551254272,0.42630064487457275
validation,v1_2_content_Liu-WeiYi_Private_Preserving_Outlier_Behavior_Detection_utils.py.png,1,0,0.5010301768779755,0.49896982312202454
validation,4_content_mrimahajan_advanced_analysis_package_analyze.py.png,0,1,0.4829423427581787,0.5170576572418213
validation,v1_46_content_ADsecu_diffie-hellman-KE_dh.py.png,1,1,0.46510136127471924,0.5348986387252808
validation,v1_1_content_bhrigu123_huffman-coding_huffman.py.png,1,1,0.43635284900665283,0.5636471509933472
validation,1_content_sadnessFree_arima-lstm_arima.py.png,0,0,0.5274549722671509,0.4725450277328491
validation,v1_4_content_JunaidAShaikh_Apriori_and_Association_Rule_Generation_Algorithm_Project1_Apriori_PartA.py.png,1,0,0.5005242228507996,0.49947577714920044
validation,5_content_AdamJacoby_Hopf_Frobenius_Tools.py.png,0,1,0.4980323314666748,0.5019676685333252
validation,2_content_CthulhuDen_Factorials_slaves.py.png,0,0,0.5704878270626068,0.4295121729373932
validation,v1_26_content_dmallya93_Intelligent-Web-Services-Discovery-using-Clustering-Method_jsonMaker.py.png,1,1,0.46668654680252075,0.5333134531974792
validation,9_content_Boros93_GraphProject_test_prim.py.png,0,1,0.47833865880966187,0.5216613411903381
validation,v1_5_content_anguillanneuf_bigO_106_sudoku.py.png,1,1,0.4890007972717285,0.5109992027282715
validation,18_content_theorisons_loto_fonction.py.png,0,0,0.5025052130222321,0.49749478697776794
validation,v1_3_content_iykadev_pyalgo_babil_square_root.py.png,1,0,0.5205727219581604,0.4794272780418396
validation,10_content_kllinzy_Elliptic-Curve-Cryptography_ecc.py.png,0,0,0.5057965219020844,0.49420347809791565
validation,v1_24_content_lesdev_SortingMethods_selection.py.png,1,1,0.49114495515823364,0.5088550448417664
validation,v1_53_content_mmorshed99_binary_search_rotated_sorted_array.py.png,1,0,0.5021092891693115,0.4978907108306885
validation,v1_1_content_pranav-dahiya_NaiveBayes_vocabulary.py.png,1,0,0.5012083053588867,0.4987916946411133
validation,v1_2_content_Liu-WeiYi_Private_Preserving_Outlier_Behavior_Detection_Abnormal_Scenario_Generation.py.png,1,1,0.4418560266494751,0.5581439733505249
validation,1_content_danrludwig_perfect_number_perfect_number_code.py.png,0,0,0.5900029242038727,0.4099970757961273
validation,v1_29_content_SomeshKashyap_Hierarchical-Clustering_HierarchicalClustering.py.png,1,1,0.47028857469558716,0.5297114253044128
validation,50_content_cristend_spam_email_auto_run.py.png,0,0,0.5589947700500488,0.44100522994995117
validation,28_content_Jvictor97_YellowFever_randDate.py.png,0,0,0.5239382386207581,0.47606176137924194
validation,v1_13_content_vatsal-rooprai_Image-Aesthetic-Evaluation_test_network.py.png,1,1,0.45822006464004517,0.5417799353599548
validation,v1_47_content_sejall_Hierarchical-Clustering_hierrchical_clustering.py.png,1,1,0.4786694645881653,0.5213305354118347
validation,v1_21_content_PyEldar_PyMazeSolver_maze_solve.py.png,1,1,0.49830400943756104,0.501695990562439
validation,v1_61_content_mcsweena_Dijkstras-Algorithm_bidirectional_dijkstra.py.png,1,0,0.503219723701477,0.49678027629852295
validation,2_content_carlosguadir_kruskal_Puertos.py.png,0,1,0.4573797583580017,0.5426202416419983
validation,58_content_tarasrumezhak_TicTacToe_board.py.png,0,0,0.5228890180587769,0.47711098194122314
validation,v1_13_content_Pedinpsy_-inverted-index-search_main.py.png,1,1,0.4942700266838074,0.5057299733161926
validation,v1_30_content_williamsdsantos_dijkstras_algorithm_Topology.py.png,1,0,0.5560120046138763,0.44398799538612366
validation,27_content_KyleSeaman201_Ordered-Linked-List_Ordered_Linked_List.py.png,0,1,0.46787357330322266,0.5321264266967773
validation,3_content_mightydeveloper_Deep-Compression-PyTorch_pruning.py.png,0,1,0.4722183346748352,0.5277816653251648
validation,v1_39_content_hamidaucc_Link-state-protocol-in-python_Test.py.png,1,0,0.5390173196792603,0.46098268032073975
validation,51_content_adityapatelgithub_Expressions-and-Functions_evalpostfix.py.png,0,1,0.4980131983757019,0.5019868016242981
validation,48_content_pareekajay2_Polynomial-Regression_Position_Salaries.py.png,0,0,0.5309391617774963,0.46906083822250366
validation,v1_13_content_lev1nyo_Spotify-Best-before-task_parse_dates.py.png,1,1,0.4780328869819641,0.5219671130180359
validation,44_content_Mazuh_Fibonacci_fib_benchmark.py.png,0,0,0.5361170768737793,0.4638829231262207
validation,13_content_alu0100821390_diffie-hellman_diffie-hellman.py.png,0,1,0.4472237229347229,0.5527762770652771
validation,v1_39_content_alejandrakudo_BinarySearch-Sorting_CISC121_Assignment_3_exampleSolution.py.png,1,1,0.47150719165802,0.52849280834198
validation,1_content_sadnessFree_arima-lstm_c-lstm.py.png,0,0,0.5477600395679474,0.4522399604320526
validation,v1_23_content_ntorba_Naive_Bayes_Naive_Bayes.py.png,1,0,0.5518088042736053,0.44819119572639465
validation,v1_26_content_Emersonxuelinux_One_Big_Archive_Listing_18-2.py.png,1,1,0.4863439202308655,0.5136560797691345
validation,93_content_KordingLab_hilbert-constrained-gradient-descent_utils.py.png,0,1,0.47633951902389526,0.5236604809761047
validation,8_content_JanFeys_Floyd-Warshall-All-Pairs-Shortest-Path_FloydWarshallAPSP.py.png,0,1,0.4823276400566101,0.5176723599433899
validation,v1_14_content_kaizinho_lemmatizer_lemmatizer.py.png,1,1,0.4633059501647949,0.5366940498352051
validation,61_content_AaronRobson_sequences_decorators.py.png,0,0,0.5068235695362091,0.4931764304637909
validation,v1_20_content_shamo0_Binary_Search_Tree_treap.py.png,1,1,0.4326375126838684,0.5673624873161316
validation,v1_23_content_ryanarnouk_BinaryInsertionSort_index.py.png,1,1,0.4858422875404358,0.5141577124595642
validation,39_content_alejandrakudo_BinarySearch-Sorting_CISC121_Assignment_3_exampleSolution.py.png,0,1,0.4742956757545471,0.5257043242454529
validation,v1_57_content_Wwicked_Bubble-sort-visualization_main.py.png,1,0,0.5317858159542084,0.4682141840457916
validation,29_content_AouinaOns_K-Means-Clustering_K-means.py.png,0,1,0.466655969619751,0.533344030380249
validation,v1_25_content_OlaRonning_ah16_corenlp_client.py.png,1,0,0.5381003320217133,0.46189966797828674
validation,v1_18_content_NegarMirgati_CodingAndErrorDetection_All.py.png,1,0,0.5063532888889313,0.4936467111110687
validation,33_content_arbitraryrw_dijkstras_algorithm_main.py.png,0,1,0.49779069423675537,0.5022093057632446
validation,11_content_ayushkumarshah_Dynamic-Programming-MCM-and-LCS_lcs.py.png,0,1,0.4964527487754822,0.5035472512245178
validation,11_content_sichen-x_search-engine_myhtable_search.py.png,0,0,0.5430596470832825,0.45694035291671753
validation,13_content_FN-HD_Elliptic_Curve_Cryptography_Main.py.png,0,1,0.4960251450538635,0.5039748549461365
validation,33_content_chafiknaceri_Credit-Card-Debt_BisectionSearchPayement.py.png,0,0,0.5097700953483582,0.49022990465164185
validation,12_content_ianscottknight_Predicting-Myers-Briggs-Type-Indicator-with-Recurrent-Neural-Networks_differentiate_words.py.png,0,1,0.4401273727416992,0.5598726272583008
validation,v1_4_content_Khante_Distance-Vector-Algorithm_link_1.py.png,1,1,0.4534156918525696,0.5465843081474304
validation,v1_8_content_dargust_OTPChat_otpmod.py.png,1,1,0.4480464458465576,0.5519535541534424
validation,2_content_Liu-WeiYi_Private_Preserving_Outlier_Behavior_Detection_utils.py.png,0,0,0.5528084933757782,0.4471915066242218
validation,v1_4_content_moduloone_QualtricsFactorialVignettes_questiongen.py.png,1,1,0.4693569540977478,0.5306430459022522
validation,v1_20_content_a-hamza-r_Hierarchical-Clustering_hpc_classify.py.png,1,1,0.4940229654312134,0.5059770345687866
validation,38_content_AnkitChouhanDws_Polynomial-Regression_polynomial_regression.py.png,0,1,0.49666571617126465,0.5033342838287354
validation,7_content_denisyarats_pytorch_sac_ae_decoder.py.png,0,0,0.5065261721611023,0.4934738278388977
validation,v1_17_content_Selentiym_bigHWonOrderedSets_hw3.py.png,1,1,0.4933648109436035,0.5066351890563965
validation,v1_11_content_harishchellappa_Time-Series-Analysis-Bike-Sharing-Demand-Forecasting_forecasting_passes.py.png,1,1,0.4755166172981262,0.5244833827018738
validation,61_content_piyush-taneja_Salary-Predictor_Regression_Template.py.png,0,1,0.495668888092041,0.504331111907959
validation,v1_92_content_FranzScheerer_DES_safeprime.py.png,1,1,0.4668123126029968,0.5331876873970032
validation,v1_19_content_longnguyen1997_linear-versus-binary-search_search_runtime_longnguyen.py.png,1,1,0.4637336730957031,0.5362663269042969
validation,v1_5_content_domodomodomo_binary_search_tree_binary_search_tree.py.png,1,1,0.4760286211967468,0.5239713788032532
validation,v1_11_content_sachinrajgowda_NetworkDesign_Kruskal_DisjointSet.py.png,1,1,0.49588119983673096,0.504118800163269
validation,1_content_pranav-dahiya_NaiveBayes_spam_filter.py.png,0,1,0.4615345597267151,0.5384654402732849
validation,12_content_eyalr0_AES-Cryptoanalysis_RetracingBoomerang.py.png,0,0,0.5677682459354401,0.43223175406455994
validation,6_content_yasinakinn_hierarchical-clustering_linkage_methods.py.png,0,0,0.528549998998642,0.47145000100135803
validation,v1_9_content_MauTorresE_ARIMA-Forecasting-AutoSelectParams_ARIMA_model.py.png,1,1,0.4817250967025757,0.5182749032974243
validation,13_content_ToonBlok_LinkedList_test_pylinkedlist.py.png,0,1,0.49484217166900635,0.5051578283309937
validation,v1_6_content_mmcetindag_ShortestPathAlgorithms_bellman-ford.py.png,1,1,0.4453808069229126,0.5546191930770874
validation,18_content_akrentsel_insertion-sort-graph_insertion_sort_graph.py.png,0,1,0.4833574891090393,0.5166425108909607
validation,v1_68_content_mvivancq_DfsSudokuSolver_bfs.py.png,1,0,0.5423708856105804,0.45762911438941956
validation,3_content_Frogboxe_BubbleSort_GapiExtend.py.png,0,0,0.5617347061634064,0.43826529383659363
validation,8_content_gordon636798_DiffieHellman-AES_quickFind_a_q.py.png,0,1,0.4973040819168091,0.5026959180831909
validation,v1_8_content_shukali_tweet-similarity-ranking_tweetranking.py.png,1,1,0.44912368059158325,0.5508763194084167
validation,11_content_AlexCardaillac_K-Means-Clustering_k-means.py.png,0,1,0.45649468898773193,0.5435053110122681
validation,5_content_AdamJacoby_Hopf_Example_Taft.py.png,0,1,0.4831992983818054,0.5168007016181946
validation,v1_10_content_bradib0y_searchalgorithms_w.py.png,1,0,0.5198126435279846,0.4801873564720154
validation,43_content_shayanalibhatti_Designing-a-PDF-Audiobook-using-Python_PDF_reading_software.py.png,0,0,0.5236819684505463,0.47631803154945374
validation,v1_76_content_sylvain-reynaud_projet-voltaire-solver_projetvoltairesolver.py.png,1,1,0.47303223609924316,0.5269677639007568
validation,v1_25_content_ryansmick_SortedOrderedDict_PersistentDict.py.png,1,1,0.48149389028549194,0.5185061097145081
validation,16_content_loalberto_Analysis-of-Compression-Algorithms-_HuffmanCoding.py.png,0,1,0.45728379487991333,0.5427162051200867
validation,v1_7_content_GauthamBT_Bellman-Ford-Algorithm_GraphMainProgram.py.png,1,1,0.4979640245437622,0.5020359754562378
validation,v1_15_content_Areege_Binary-and-Trinary-Search-Trees_SourceCode.py.png,1,1,0.4865456223487854,0.5134543776512146
validation,v1_15_content_VakinduPhilliam_Pattern_Matching_Python_Difflib_Pattern_Matching_CL_Interface.py.png,1,0,0.524772584438324,0.475227415561676
validation,v1_26_content_faisalkhan91_Dijkstras-Algorithm_DijkstrasAlgo.py.png,1,1,0.4813675880432129,0.5186324119567871
validation,10_content_rsmith-nl_onepad_onepad.py.png,0,1,0.4707799553871155,0.5292200446128845
validation,4_content_flaviohenriqu_divisibility_flaskapp.py.png,0,1,0.46525466442108154,0.5347453355789185
validation,23_content_thugsatbay_CS-Algorithms_Sorting_Comparison_Ass2-1SolnCustomInput.py.png,0,1,0.473802387714386,0.526197612285614
validation,67_content_theSnehaThing_NaiveBayes_Naive-Bayes_Classifier.py.png,0,1,0.46789073944091797,0.532109260559082
validation,v1_29_content_zcogley_Bubble-Sort_bubble_sort.py.png,1,1,0.4024563431739807,0.5975436568260193
validation,75_content_mcsteve-e_project-4_4.01.py.png,0,1,0.4433829188346863,0.5566170811653137
validation,28_content_tomsiwek_gprMax-Designer_operation.py.png,0,0,0.5306777954101562,0.46932220458984375
validation,v1_26_content_naviechan_sortingAlgorithmDemo_main.py.png,1,1,0.49985039234161377,0.5001496076583862
validation,v1_6_content_morekeysjr_TechHubZambia_Project.py.png,1,0,0.5204509198665619,0.4795490801334381
validation,v1_9_content_emmanuj_mst-solver_treeset.py.png,1,0,0.5226806402206421,0.4773193597793579
validation,80_content_julianlafaye_ML-Problem-Set-5-Problem-3_k-means.py.png,0,1,0.46132779121398926,0.5386722087860107
validation,v1_12_content_AtahanCelebi_Shortest-Route-with-Floyd-Warshall-Algorithm_map_distance.py.png,1,1,0.49429595470428467,0.5057040452957153
validation,v1_4_content_vieirinhaabr_balanced_binary_search_tree_tree_tester.py.png,1,0,0.5297634601593018,0.47023653984069824
validation,v1_38_content_SamDaQueen_Algorithms-In-Python_Binary_Search_O_log2n_.py.png,1,0,0.5285222232341766,0.47147777676582336
validation,29_content_barshaison_Naive_Bayes_Classifier_PreProcessing.py.png,0,1,0.45280539989471436,0.5471946001052856
validation,77_content_elisawarner_Fun_determinant.py.png,0,1,0.4975290894508362,0.5024709105491638
validation,v1_33_content_arbitraryrw_dijkstras_algorithm_main.py.png,1,1,0.4753090739250183,0.5246909260749817
validation,v1_5_content_AdamJacoby_Hopf_Example_Taft.py.png,1,0,0.521140068769455,0.47885993123054504
validation,2_content_ernestosanchezmatos_-BellmanFord_algoritmo_floywarshall.py.png,0,0,0.5390391647815704,0.46096083521842957
validation,v1_40_content_ajh1143_BinarySearchTreePractice_BST.py.png,1,1,0.4963652491569519,0.5036347508430481
validation,31_content_NorahJC_RegressionAnalyses_MultReg.py.png,0,1,0.4552549123764038,0.5447450876235962
validation,4_content_jomse_InsertionSort_tests.py.png,0,1,0.4741901159286499,0.5258098840713501
validation,14_content_rajat1401_NaiveBayes_scratch_2016260_ques1a.py.png,0,0,0.5190392136573792,0.48096078634262085
validation,v1_20_content_dexhug_ciphers_one_time_pad.py.png,1,0,0.5114319324493408,0.4885680675506592
validation,v1_15_content_VakinduPhilliam_Pattern_Matching_Python_Glob_Directory_Paths.py.png,1,0,0.5148144364356995,0.48518556356430054
validation,v1_21_content_jakubsilhavy_mhhc_data_prep_LLS.py.png,1,0,0.5016224086284637,0.49837759137153625
validation,16_content_ydhnwb_sentiment_analysis_movie_app.py.png,0,1,0.4641917943954468,0.5358082056045532
validation,v1_20_content_IbrahimAyed_Multifractal-analysis-of-natural-images_texture_synthesis.py.png,1,1,0.47285646200180054,0.5271435379981995
validation,v1_10_content_subashgandyer_Anti-mirror-Apriori_antimirror.py.png,1,1,0.48778218030929565,0.5122178196907043
validation,2_content_ernestosanchezmatos_-BellmanFord_algoritmo_bellmanford.py.png,0,1,0.4940609931945801,0.5059390068054199
validation,v1_19_content_kinetic-cipher_auto_arima_auto_arima_test.py.png,1,1,0.49093663692474365,0.5090633630752563
validation,v1_2_content_Warriorchief_Euler23_NonabundantSums_Euler23_Non-abundant_Sums.py.png,1,0,0.5119533538818359,0.48804664611816406
validation,3_content_6e726d_binaryninja-search___init__.py.png,0,1,0.4569774866104126,0.5430225133895874
validation,v1_9_content_tusharnema_Implementing-Algorithms-in-python_mypythontree.py.png,1,1,0.49184173345565796,0.508158266544342
validation,4_content_DebashishSarkarDurjoy_DoublyLinkedList_doublyLinkedList.py.png,0,0,0.5282299220561981,0.4717700779438019
validation,8_content_amit0-git_simple-python-program_English-alphabets.py.png,0,0,0.501415878534317,0.498584121465683
validation,v1_7_content_oscarokker_OneTimePad_trivial_compression.py.png,1,1,0.47867196798324585,0.5213280320167542
validation,5_content_anguillanneuf_bigO_76_longest_subsequence.py.png,0,1,0.44947612285614014,0.5505238771438599
validation,v1_72_content_AnirudhRathinam_naive-bayes_naiveBayes.py.png,1,0,0.500335305929184,0.49966469407081604
validation,v1_48_content_anowarh2514_Bubble-Sort-Algorithm-in-Python_Bubble_Sort_Algorithm.py.png,1,0,0.5365679264068604,0.46343207359313965
validation,20_content_Cassar88226_Clustering_of_Articles_corpus.py.png,0,1,0.47700273990631104,0.522997260093689
validation,v1_10_content_stensonowen_factorial_bot_fact_bot.py.png,1,0,0.5332367718219757,0.4667632281780243
validation,25_content_83Shashi_Hierarchical-Clustering_hierarchicalclustering.py.png,0,0,0.501384049654007,0.49861595034599304
validation,v1_1_content_MuricanCoderVersionTwo_Factorial-Calculation_Factorial.py.png,1,0,0.5056000351905823,0.4943999648094177
validation,52_content_PhaniBalagam27_Big-data-Analytics-on-dallas-police-incidents-dataset_Q5_code.py.png,0,0,0.5391697287559509,0.4608302712440491
validation,v1_3_content_xiekch_Adaptive-Huffman-Coding_node.py.png,1,0,0.5239611566066742,0.4760388433933258
validation,18_content_jiangfeng1124_digital-dendrimer_genenerate.py.png,0,1,0.4692540168762207,0.5307459831237793
validation,v1_9_content_fritzwill_apriori-algorithm_apriori.py.png,1,1,0.4637223482131958,0.5362776517868042
validation,35_content_fireclawthefox_DirectGuiDesigner_setup_p3d.py.png,0,1,0.48649126291275024,0.5135087370872498
validation,v1_11_content_sidmishraw_cs-267-project_pdf_processing_demo.py.png,1,0,0.5156871676445007,0.48431283235549927
validation,v1_15_content_DrMMZ_Diffie-Hellman_DH.py.png,1,1,0.4769687056541443,0.5230312943458557
validation,61_content_AaronRobson_sequences_prime_gui.py.png,0,1,0.4624713659286499,0.5375286340713501
validation,v1_43_content_shayanalibhatti_Designing-a-PDF-Audiobook-using-Python_PDF_reading_software.py.png,1,1,0.44234347343444824,0.5576565265655518
validation,v1_3_content_Sapphirine_Detecting-and-Predicting-the-Impact-of-Events_calc_train_anamoly_10ile-Copy5.py.png,1,1,0.4727669954299927,0.5272330045700073
validation,v1_22_content_SivaRanjan17_AES-Multi-Client-Chat-System_server.py.png,1,1,0.4675282835960388,0.5324717164039612
validation,v1_26_content_cteters_Minimum-spanning-tree_kruskal.py.png,1,1,0.4715960621833801,0.5284039378166199
validation,49_content_lllunaticer_pathFindGUI_Draw.py.png,0,1,0.49304789304733276,0.5069521069526672
validation,v1_8_content_amit0-git_simple-python-program_English-alphabets.py.png,1,0,0.512595146894455,0.48740485310554504
validation,v1_7_content_DMDarkness_Data-mining_Example_pyfpgrowth_fp2ar.py.png,1,0,0.5476968288421631,0.4523031711578369
validation,5_content_anguillanneuf_bigO_02_linked_list.py.png,0,1,0.47224628925323486,0.5277537107467651
validation,1_content_sadnessFree_arima-lstm_data_review.py.png,0,0,0.5022765696048737,0.49772343039512634
validation,3_content_sharifahmad2061_routing_algorithm_DVR.py.png,0,0,0.5205320119857788,0.4794679880142212
validation,10_content_stensonowen_factorial_bot_text2num.py.png,0,1,0.49716490507125854,0.5028350949287415
validation,v1_33_content_nikhil-paramane_-Diffie-Hellman-key-Exchange-Algorithm_dh.py.png,1,1,0.4812753200531006,0.5187246799468994
validation,v1_1_content_lucaspauker_factor-perfect-numbers_Factors_Perfect_Number.py.png,1,1,0.4869317412376404,0.5130682587623596
validation,91_content_MerliX_async-factorial_server.py.png,0,0,0.5026385486125946,0.4973614513874054
validation,2_content_polyphilz_pricing-weather-derivatives_scrape_data.py.png,0,1,0.48901623487472534,0.5109837651252747
validation,v1_1_content_danrludwig_perfect_number_perfect_number_code.py.png,1,0,0.544618159532547,0.455381840467453
validation,29_content_sarapple_AI-Search-Algorithms-Pure_driver.py.png,0,0,0.5230138599872589,0.4769861400127411
validation,14_content_Alexander35_fibonacci_sequence_http_server_tests.py.png,0,0,0.5166756808757782,0.4833243191242218
validation,v1_9_content_HarshaliWagh_Data-Mining_Apriori.py.png,1,1,0.4440922141075134,0.5559077858924866
validation,1_content_guoliu_London-scikit_LondonScikit.py.png,0,1,0.47818702459335327,0.5218129754066467
validation,v1_54_content_AhmedRaafat14_Binary-Tree-traversal_BST.py.png,1,1,0.48971325159072876,0.5102867484092712
validation,v1_28_content_bangarangler_binary_search_trees_binary_search_trees.py.png,1,1,0.4786238670349121,0.5213761329650879
validation,v1_8_content_gordon636798_DiffieHellman-AES_quickFind_a_q.py.png,1,0,0.581705778837204,0.418294221162796
validation,v1_97_content_mjurk456_mini-snakes_love_calculator.py.png,1,1,0.492013156414032,0.507986843585968
validation,v1_35_content_fireclawthefox_DirectGuiDesigner_setup_p3d.py.png,1,1,0.47876155376434326,0.5212384462356567
validation,30_content_sina-ehsani_NaiveBayes_SNLI_prepro.py.png,0,1,0.47391998767852783,0.5260800123214722
validation,11_content_moazkh60_Polynomial-Regression_polynomial_regression.py.png,0,1,0.49828583002090454,0.5017141699790955
validation,v1_32_content_Spanfile_Dijkstra_test.py.png,1,1,0.45937782526016235,0.5406221747398376
validation,v1_41_content_SargisYonan_uav_ml_main.py.png,1,1,0.49856817722320557,0.5014318227767944
validation,15_content_DrMMZ_Diffie-Hellman_DH.py.png,0,1,0.458418607711792,0.541581392288208
validation,v1_1_content_jiteshjha_Frequent-item-set-mining_dat2csv.py.png,1,0,0.5911960601806641,0.40880393981933594
validation,v1_37_content_saurabhzingade_Naive-Bayes-Basic_naive.py.png,1,1,0.48484259843826294,0.5151574015617371
validation,7_content_udaram_Data-Structure_Doubly_linklist.py.png,0,1,0.4702599048614502,0.5297400951385498
validation,25_content_MarcLindenbach_2d-grouping_k_cluster.py.png,0,1,0.4645346403121948,0.5354653596878052
validation,v1_19_content_Gorresio_easyAES256_easyAES256.py.png,1,1,0.47424668073654175,0.5257533192634583
validation,v1_48_content_asaadam_TextMining_Preprocessing.py.png,1,0,0.5036590993404388,0.49634090065956116
validation,v1_11_content_kousu_primes_wsieve_b.py.png,1,1,0.47734391689300537,0.5226560831069946
validation,6_content_yashambre_Document-Matching-Algorithm_DM.py.png,0,0,0.515953004360199,0.484046995639801
validation,15_content_jknight1725_linear_search_vs_random_search_binary_game.py.png,0,0,0.5421400964260101,0.45785990357398987
validation,20_content_dexhug_ciphers_polyalphabetic_cipher.py.png,0,1,0.4825817346572876,0.5174182653427124
validation,v1_1_content_josgard94_JPEG_generador_huffman_code.py.png,1,1,0.48452311754226685,0.5154768824577332
validation,v1_53_content_KaiFly_Xemina2_DijkstraSP_GraphDrawing.py.png,1,1,0.4469451308250427,0.5530548691749573
validation,1_content_alexirpan_divisibility-regex_app.py.png,0,0,0.5021544098854065,0.4978455901145935
validation,35_content_DiarmuidKelly_Key_Exchange_diffie_hellman.py.png,0,1,0.4951852560043335,0.5048147439956665
validation,v1_3_content_iykadev_pyalgo_binaryTree2.py.png,1,1,0.49573057889938354,0.5042694211006165
validation,33_content_nikhil-paramane_-Diffie-Hellman-key-Exchange-Algorithm_dh.py.png,0,0,0.526126891374588,0.473873108625412
